,Unnamed: 0,Id,MSSubClass,LotFrontage,LotArea,Alley,LotShape,LandContour,Utilities,LotConfig,LandSlope,Neighborhood,Condition1,Condition2,BldgType,HouseStyle,OverallQual,OverallCond,YearBuilt,YearRemodAdd,RoofStyle,RoofMatl,Exterior1st,Exterior2nd,MasVnrType,MasVnrArea,ExterQual,ExterCond,Foundation,BsmtQual,BsmtCond,BsmtExposure,BsmtFinType1,BsmtFinSF1,BsmtFinType2,BsmtFinSF2,BsmtUnfSF,TotalBsmtSF,Heating,HeatingQC,Electrical,1stFlrSF,2ndFlrSF,LowQualFinSF,GrLivArea,BsmtFullBath,BsmtHalfBath,FullBath,HalfBath,BedroomAbvGr,KitchenAbvGr,KitchenQual,TotRmsAbvGrd,Functional,Fireplaces,FireplaceQu,GarageType,GarageYrBlt,GarageFinish,GarageCars,GarageArea,GarageQual,GarageCond,PavedDrive,WoodDeckSF,OpenPorchSF,EnclosedPorch,3SsnPorch,ScreenPorch,PoolArea,Fence,MiscVal,MoSold,YrSold,SaleType,SaleCondition,MSZoning_FV,MSZoning_RH,MSZoning_RL,MSZoning_RM,Street_Pave
0,0,1,60,65.0,8450,None,Reg,Lvl,AllPub,Inside,Gtl,CollgCr,Norm,Norm,1Fam,2Story,7,5,2003,2003,Gable,CompShg,VinylSd,VinylSd,BrkFace,196.0,Gd,TA,PConc,Gd,TA,No,GLQ,706,Unf,0,150,856,GasA,Ex,SBrkr,856,854,0,1710,1,0,2,1,3,1,Gd,8,Typ,0,None,Attchd,2003.0,RFn,2,548,TA,TA,Y,0,61,0,0,0,0,None,0,2,2008,WD,Normal,False,False,True,False,True
1,1,2,20,80.0,9600,None,Reg,Lvl,AllPub,FR2,Gtl,Veenker,Feedr,Norm,1Fam,1Story,6,8,1976,1976,Gable,CompShg,MetalSd,MetalSd,None,0.0,TA,TA,CBlock,Gd,TA,Gd,ALQ,978,Unf,0,284,1262,GasA,Ex,SBrkr,1262,0,0,1262,0,1,2,0,3,1,TA,6,Typ,1,TA,Attchd,1976.0,RFn,2,460,TA,TA,Y,298,0,0,0,0,0,None,0,5,2007,WD,Normal,False,False,True,False,True
2,2,3,60,68.0,11250,None,IR1,Lvl,AllPub,Inside,Gtl,CollgCr,Norm,Norm,1Fam,2Story,7,5,2001,2002,Gable,CompShg,VinylSd,VinylSd,BrkFace,162.0,Gd,TA,PConc,Gd,TA,Mn,GLQ,486,Unf,0,434,920,GasA,Ex,SBrkr,920,866,0,1786,1,0,2,1,3,1,Gd,6,Typ,1,TA,Attchd,2001.0,RFn,2,608,TA,TA,Y,0,42,0,0,0,0,None,0,9,2008,WD,Normal,False,False,True,False,True
3,3,4,70,60.0,9550,None,IR1,Lvl,AllPub,Corner,Gtl,Crawfor,Norm,Norm,1Fam,2Story,7,5,1915,1970,Gable,CompShg,Wd Sdng,Wd Shng,None,0.0,TA,TA,BrkTil,TA,Gd,No,ALQ,216,Unf,0,540,756,GasA,Gd,SBrkr,961,756,0,1717,1,0,1,0,3,1,Gd,7,Typ,1,Gd,Detchd,1998.0,Unf,3,642,TA,TA,Y,0,35,272,0,0,0,None,0,2,2006,WD,Abnorml,False,False,True,False,True
4,4,5,60,84.0,14260,None,IR1,Lvl,AllPub,FR2,Gtl,NoRidge,Norm,Norm,1Fam,2Story,8,5,2000,2000,Gable,CompShg,VinylSd,VinylSd,BrkFace,350.0,Gd,TA,PConc,Gd,TA,Av,GLQ,655,Unf,0,490,1145,GasA,Ex,SBrkr,1145,1053,0,2198,1,0,2,1,4,1,Gd,9,Typ,1,TA,Attchd,2000.0,RFn,3,836,TA,TA,Y,192,84,0,0,0,0,None,0,12,2008,WD,Normal,False,False,True,False,True
5,5,6,50,85.0,14115,None,IR1,Lvl,AllPub,Inside,Gtl,Mitchel,Norm,Norm,1Fam,1.5Fin,5,5,1993,1995,Gable,CompShg,VinylSd,VinylSd,None,0.0,TA,TA,Wood,Gd,TA,No,GLQ,732,Unf,0,64,796,GasA,Ex,SBrkr,796,566,0,1362,1,0,1,1,1,1,TA,5,Typ,0,None,Attchd,1993.0,Unf,2,480,TA,TA,Y,40,30,0,320,0,0,MnPrv,700,10,2009,WD,Normal,False,False,True,False,True
6,6,7,20,75.0,10084,None,Reg,Lvl,AllPub,Inside,Gtl,Somerst,Norm,Norm,1Fam,1Story,8,5,2004,2005,Gable,CompShg,VinylSd,VinylSd,Stone,186.0,Gd,TA,PConc,Ex,TA,Av,GLQ,1369,Unf,0,317,1686,GasA,Ex,SBrkr,1694,0,0,1694,1,0,2,0,3,1,Gd,7,Typ,1,Gd,Attchd,2004.0,RFn,2,636,TA,TA,Y,255,57,0,0,0,0,None,0,8,2007,WD,Normal,False,False,True,False,True
7,7,8,60,69.0,10382,None,IR1,Lvl,AllPub,Corner,Gtl,NWAmes,PosN,Norm,1Fam,2Story,7,6,1973,1973,Gable,CompShg,HdBoard,HdBoard,Stone,240.0,TA,TA,CBlock,Gd,TA,Mn,ALQ,859,BLQ,32,216,1107,GasA,Ex,SBrkr,1107,983,0,2090,1,0,2,1,3,1,TA,7,Typ,2,TA,Attchd,1973.0,RFn,2,484,TA,TA,Y,235,204,228,0,0,0,None,350,11,2009,WD,Normal,False,False,True,False,True
8,8,9,50,51.0,6120,None,Reg,Lvl,AllPub,Inside,Gtl,OldTown,Artery,Norm,1Fam,1.5Fin,7,5,1931,1950,Gable,CompShg,BrkFace,Wd Shng,None,0.0,TA,TA,BrkTil,TA,TA,No,Unf,0,Unf,0,952,952,GasA,Gd,FuseF,1022,752,0,1774,0,0,2,0,2,2,TA,8,Min1,2,TA,Detchd,1931.0,Unf,2,468,Fa,TA,Y,90,0,205,0,0,0,None,0,4,2008,WD,Abnorml,False,False,False,True,True
9,9,10,190,50.0,7420,None,Reg,Lvl,AllPub,Corner,Gtl,BrkSide,Artery,Artery,2fmCon,1.5Unf,5,6,1939,1950,Gable,CompShg,MetalSd,MetalSd,None,0.0,TA,TA,BrkTil,TA,TA,No,GLQ,851,Unf,0,140,991,GasA,Ex,SBrkr,1077,0,0,1077,1,0,1,0,2,2,TA,5,Typ,2,TA,Attchd,1939.0,RFn,1,205,Gd,TA,Y,0,4,0,0,0,0,None,0,1,2008,WD,Normal,False,False,True,False,True
10,10,11,20,70.0,11200,None,Reg,Lvl,AllPub,Inside,Gtl,Sawyer,Norm,Norm,1Fam,1Story,5,5,1965,1965,Hip,CompShg,HdBoard,HdBoard,None,0.0,TA,TA,CBlock,TA,TA,No,Rec,906,Unf,0,134,1040,GasA,Ex,SBrkr,1040,0,0,1040,1,0,1,0,3,1,TA,5,Typ,0,None,Detchd,1965.0,Unf,1,384,TA,TA,Y,0,0,0,0,0,0,None,0,2,2008,WD,Normal,False,False,True,False,True
11,11,12,60,85.0,11924,None,IR1,Lvl,AllPub,Inside,Gtl,NridgHt,Norm,Norm,1Fam,2Story,9,5,2005,2006,Hip,CompShg,WdShing,Wd Shng,Stone,286.0,Ex,TA,PConc,Ex,TA,No,GLQ,998,Unf,0,177,1175,GasA,Ex,SBrkr,1182,1142,0,2324,1,0,3,0,4,1,Ex,11,Typ,2,Gd,BuiltIn,2005.0,Fin,3,736,TA,TA,Y,147,21,0,0,0,0,None,0,7,2006,New,Partial,False,False,True,False,True
12,12,13,20,69.0,12968,None,IR2,Lvl,AllPub,Inside,Gtl,Sawyer,Norm,Norm,1Fam,1Story,5,6,1962,1962,Hip,CompShg,HdBoard,Plywood,None,0.0,TA,TA,CBlock,TA,TA,No,ALQ,737,Unf,0,175,912,GasA,TA,SBrkr,912,0,0,912,1,0,1,0,2,1,TA,4,Typ,0,None,Detchd,1962.0,Unf,1,352,TA,TA,Y,140,0,0,0,176,0,None,0,9,2008,WD,Normal,False,False,True,False,True
13,13,14,20,91.0,10652,None,IR1,Lvl,AllPub,Inside,Gtl,CollgCr,Norm,Norm,1Fam,1Story,7,5,2006,2007,Gable,CompShg,VinylSd,VinylSd,Stone,306.0,Gd,TA,PConc,Gd,TA,Av,Unf,0,Unf,0,1494,1494,GasA,Ex,SBrkr,1494,0,0,1494,0,0,2,0,3,1,Gd,7,Typ,1,Gd,Attchd,2006.0,RFn,3,840,TA,TA,Y,160,33,0,0,0,0,None,0,8,2007,New,Partial,False,False,True,False,True
14,14,15,20,69.0,10920,None,IR1,Lvl,AllPub,Corner,Gtl,NAmes,Norm,Norm,1Fam,1Story,6,5,1960,1960,Hip,CompShg,MetalSd,MetalSd,BrkFace,212.0,TA,TA,CBlock,TA,TA,No,BLQ,733,Unf,0,520,1253,GasA,TA,SBrkr,1253,0,0,1253,1,0,1,1,2,1,TA,5,Typ,1,Fa,Attchd,1960.0,RFn,1,352,TA,TA,Y,0,213,176,0,0,0,GdWo,0,5,2008,WD,Normal,False,False,True,False,True
15,15,16,45,51.0,6120,None,Reg,Lvl,AllPub,Corner,Gtl,BrkSide,Norm,Norm,1Fam,1.5Unf,7,8,1929,2001,Gable,CompShg,Wd Sdng,Wd Sdng,None,0.0,TA,TA,BrkTil,TA,TA,No,Unf,0,Unf,0,832,832,GasA,Ex,FuseA,854,0,0,854,0,0,1,0,2,1,TA,5,Typ,0,None,Detchd,1991.0,Unf,2,576,TA,TA,Y,48,112,0,0,0,0,GdPrv,0,7,2007,WD,Normal,False,False,False,True,True
16,16,17,20,69.0,11241,None,IR1,Lvl,AllPub,CulDSac,Gtl,NAmes,Norm,Norm,1Fam,1Story,6,7,1970,1970,Gable,CompShg,Wd Sdng,Wd Sdng,BrkFace,180.0,TA,TA,CBlock,TA,TA,No,ALQ,578,Unf,0,426,1004,GasA,Ex,SBrkr,1004,0,0,1004,1,0,1,0,2,1,TA,5,Typ,1,TA,Attchd,1970.0,Fin,2,480,TA,TA,Y,0,0,0,0,0,0,None,700,3,2010,WD,Normal,False,False,True,False,True
17,17,18,90,72.0,10791,None,Reg,Lvl,AllPub,Inside,Gtl,Sawyer,Norm,Norm,Duplex,1Story,4,5,1967,1967,Gable,CompShg,MetalSd,MetalSd,None,0.0,TA,TA,Slab,None,None,None,None,0,None,0,0,0,GasA,TA,SBrkr,1296,0,0,1296,0,0,2,0,2,2,TA,6,Typ,0,None,CarPort,1967.0,Unf,2,516,TA,TA,Y,0,0,0,0,0,0,None,500,10,2006,WD,Normal,False,False,True,False,True
18,18,19,20,66.0,13695,None,Reg,Lvl,AllPub,Inside,Gtl,SawyerW,RRAe,Norm,1Fam,1Story,5,5,2004,2004,Gable,CompShg,VinylSd,VinylSd,None,0.0,TA,TA,PConc,TA,TA,No,GLQ,646,Unf,0,468,1114,GasA,Ex,SBrkr,1114,0,0,1114,1,0,1,1,3,1,Gd,6,Typ,0,None,Detchd,2004.0,Unf,2,576,TA,TA,Y,0,102,0,0,0,0,None,0,6,2008,WD,Normal,False,False,True,False,True
19,19,20,20,70.0,7560,None,Reg,Lvl,AllPub,Inside,Gtl,NAmes,Norm,Norm,1Fam,1Story,5,6,1958,1965,Hip,CompShg,BrkFace,Plywood,None,0.0,TA,TA,CBlock,TA,TA,No,LwQ,504,Unf,0,525,1029,GasA,TA,SBrkr,1339,0,0,1339,0,0,1,0,3,1,TA,6,Min1,0,None,Attchd,1958.0,Unf,1,294,TA,TA,Y,0,0,0,0,0,0,MnPrv,0,5,2009,COD,Abnorml,False,False,True,False,True
20,20,21,60,101.0,14215,None,IR1,Lvl,AllPub,Corner,Gtl,NridgHt,Norm,Norm,1Fam,2Story,8,5,2005,2006,Gable,CompShg,VinylSd,VinylSd,BrkFace,380.0,Gd,TA,PConc,Ex,TA,Av,Unf,0,Unf,0,1158,1158,GasA,Ex,SBrkr,1158,1218,0,2376,0,0,3,1,4,1,Gd,9,Typ,1,Gd,BuiltIn,2005.0,RFn,3,853,TA,TA,Y,240,154,0,0,0,0,None,0,11,2006,New,Partial,False,False,True,False,True
21,21,22,45,57.0,7449,Grvl,Reg,Bnk,AllPub,Inside,Gtl,IDOTRR,Norm,Norm,1Fam,1.5Unf,7,7,1930,1950,Gable,CompShg,Wd Sdng,Wd Sdng,None,0.0,TA,TA,PConc,TA,TA,No,Unf,0,Unf,0,637,637,GasA,Ex,FuseF,1108,0,0,1108,0,0,1,0,3,1,Gd,6,Typ,1,Gd,Attchd,1930.0,Unf,1,280,TA,TA,N,0,0,205,0,0,0,GdPrv,0,6,2007,WD,Normal,False,False,False,True,True
22,22,23,20,75.0,9742,None,Reg,Lvl,AllPub,Inside,Gtl,CollgCr,Norm,Norm,1Fam,1Story,8,5,2002,2002,Hip,CompShg,VinylSd,VinylSd,BrkFace,281.0,Gd,TA,PConc,Gd,TA,No,Unf,0,Unf,0,1777,1777,GasA,Ex,SBrkr,1795,0,0,1795,0,0,2,0,3,1,Gd,7,Typ,1,Gd,Attchd,2002.0,RFn,2,534,TA,TA,Y,171,159,0,0,0,0,None,0,9,2008,WD,Normal,False,False,True,False,True
23,23,24,120,44.0,4224,None,Reg,Lvl,AllPub,Inside,Gtl,MeadowV,Norm,Norm,TwnhsE,1Story,5,7,1976,1976,Gable,CompShg,CemntBd,CmentBd,None,0.0,TA,TA,PConc,Gd,TA,No,GLQ,840,Unf,0,200,1040,GasA,TA,SBrkr,1060,0,0,1060,1,0,1,0,3,1,TA,6,Typ,1,TA,Attchd,1976.0,Unf,2,572,TA,TA,Y,100,110,0,0,0,0,None,0,6,2007,WD,Normal,False,False,False,True,True
24,24,25,20,69.0,8246,None,IR1,Lvl,AllPub,Inside,Gtl,Sawyer,Norm,Norm,1Fam,1Story,5,8,1968,2001,Gable,CompShg,Plywood,Plywood,None,0.0,TA,Gd,CBlock,TA,TA,Mn,Rec,188,ALQ,668,204,1060,GasA,Ex,SBrkr,1060,0,0,1060,1,0,1,0,3,1,Gd,6,Typ,1,TA,Attchd,1968.0,Unf,1,270,TA,TA,Y,406,90,0,0,0,0,MnPrv,0,5,2010,WD,Normal,False,False,True,False,True
25,25,26,20,110.0,14230,None,Reg,Lvl,AllPub,Corner,Gtl,NridgHt,Norm,Norm,1Fam,1Story,8,5,2007,2007,Gable,CompShg,VinylSd,VinylSd,Stone,640.0,Gd,TA,PConc,Gd,TA,No,Unf,0,Unf,0,1566,1566,GasA,Ex,SBrkr,1600,0,0,1600,0,0,2,0,3,1,Gd,7,Typ,1,Gd,Attchd,2007.0,RFn,3,890,TA,TA,Y,0,56,0,0,0,0,None,0,7,2009,WD,Normal,False,False,True,False,True
26,26,27,20,60.0,7200,None,Reg,Lvl,AllPub,Corner,Gtl,NAmes,Norm,Norm,1Fam,1Story,5,7,1951,2000,Gable,CompShg,Wd Sdng,Wd Sdng,None,0.0,TA,TA,CBlock,TA,TA,Mn,BLQ,234,Rec,486,180,900,GasA,TA,SBrkr,900,0,0,900,0,1,1,0,3,1,Gd,5,Typ,0,None,Detchd,2005.0,Unf,2,576,TA,TA,Y,222,32,0,0,0,0,None,0,5,2010,WD,Normal,False,False,True,False,True
27,27,28,20,98.0,11478,None,Reg,Lvl,AllPub,Inside,Gtl,NridgHt,Norm,Norm,1Fam,1Story,8,5,2007,2008,Gable,CompShg,VinylSd,VinylSd,Stone,200.0,Gd,TA,PConc,Ex,TA,No,GLQ,1218,Unf,0,486,1704,GasA,Ex,SBrkr,1704,0,0,1704,1,0,2,0,3,1,Gd,7,Typ,1,Gd,Attchd,2008.0,RFn,3,772,TA,TA,Y,0,50,0,0,0,0,None,0,5,2010,WD,Normal,False,False,True,False,True
28,28,29,20,47.0,16321,None,IR1,Lvl,AllPub,CulDSac,Gtl,NAmes,Norm,Norm,1Fam,1Story,5,6,1957,1997,Gable,CompShg,MetalSd,MetalSd,None,0.0,TA,TA,CBlock,TA,TA,Gd,BLQ,1277,Unf,0,207,1484,GasA,TA,SBrkr,1600,0,0,1600,1,0,1,0,2,1,TA,6,Typ,2,Gd,Attchd,1957.0,RFn,1,319,TA,TA,Y,288,258,0,0,0,0,None,0,12,2006,WD,Normal,False,False,True,False,True
29,29,30,30,60.0,6324,None,IR1,Lvl,AllPub,Inside,Gtl,BrkSide,Feedr,RRNn,1Fam,1Story,4,6,1927,1950,Gable,CompShg,MetalSd,MetalSd,None,0.0,TA,TA,BrkTil,TA,TA,No,Unf,0,Unf,0,520,520,GasA,Fa,SBrkr,520,0,0,520,0,0,1,0,1,1,Fa,4,Typ,0,None,Detchd,1920.0,Unf,1,240,Fa,TA,Y,49,0,87,0,0,0,None,0,5,2008,WD,Normal,False,False,False,True,True
30,30,31,70,50.0,8500,Pave,Reg,Lvl,AllPub,Inside,Gtl,IDOTRR,Feedr,Norm,1Fam,2Story,4,4,1920,1950,Gambrel,CompShg,BrkFace,BrkFace,None,0.0,TA,Fa,BrkTil,TA,TA,No,Unf,0,Unf,0,649,649,GasA,TA,SBrkr,649,668,0,1317,0,0,1,0,3,1,TA,6,Typ,0,None,Detchd,1920.0,Unf,1,250,TA,Fa,N,0,54,172,0,0,0,MnPrv,0,7,2008,WD,Normal,False,False,False,False,True
31,31,32,20,69.0,8544,None,IR1,Lvl,AllPub,CulDSac,Gtl,Sawyer,Norm,Norm,1Fam,1Story,5,6,1966,2006,Gable,CompShg,HdBoard,HdBoard,None,0.0,TA,TA,CBlock,TA,TA,No,Unf,0,Unf,0,1228,1228,GasA,Gd,SBrkr,1228,0,0,1228,0,0,1,1,3,1,Gd,6,Typ,0,None,Attchd,1966.0,Unf,1,271,TA,TA,Y,0,65,0,0,0,0,MnPrv,0,6,2008,WD,Normal,False,False,True,False,True
32,32,33,20,85.0,11049,None,Reg,Lvl,AllPub,Corner,Gtl,CollgCr,Norm,Norm,1Fam,1Story,8,5,2007,2007,Gable,CompShg,VinylSd,VinylSd,None,0.0,Gd,TA,PConc,Ex,TA,Av,Unf,0,Unf,0,1234,1234,GasA,Ex,SBrkr,1234,0,0,1234,0,0,2,0,3,1,Gd,7,Typ,0,None,Attchd,2007.0,RFn,2,484,TA,TA,Y,0,30,0,0,0,0,None,0,1,2008,WD,Normal,False,False,True,False,True
33,33,34,20,70.0,10552,None,IR1,Lvl,AllPub,Inside,Gtl,NAmes,Norm,Norm,1Fam,1Story,5,5,1959,1959,Hip,CompShg,BrkFace,BrkFace,None,0.0,TA,TA,CBlock,TA,TA,No,Rec,1018,Unf,0,380,1398,GasA,Gd,SBrkr,1700,0,0,1700,0,1,1,1,4,1,Gd,6,Typ,1,Gd,Attchd,1959.0,RFn,2,447,TA,TA,Y,0,38,0,0,0,0,None,0,4,2010,WD,Normal,False,False,True,False,True
34,34,35,120,60.0,7313,None,Reg,Lvl,AllPub,Inside,Gtl,NridgHt,Norm,Norm,TwnhsE,1Story,9,5,2005,2005,Hip,CompShg,MetalSd,MetalSd,BrkFace,246.0,Ex,TA,PConc,Ex,TA,No,GLQ,1153,Unf,0,408,1561,GasA,Ex,SBrkr,1561,0,0,1561,1,0,2,0,2,1,Ex,6,Typ,1,Gd,Attchd,2005.0,Fin,2,556,TA,TA,Y,203,47,0,0,0,0,None,0,8,2007,WD,Normal,False,False,True,False,True
35,35,36,60,108.0,13418,None,Reg,Lvl,AllPub,Inside,Gtl,NridgHt,Norm,Norm,1Fam,2Story,8,5,2004,2005,Gable,CompShg,VinylSd,VinylSd,Stone,132.0,Gd,TA,PConc,Ex,TA,Av,Unf,0,Unf,0,1117,1117,GasA,Ex,SBrkr,1132,1320,0,2452,0,0,3,1,4,1,Gd,9,Typ,1,Gd,BuiltIn,2004.0,Fin,3,691,TA,TA,Y,113,32,0,0,0,0,None,0,9,2006,WD,Normal,False,False,True,False,True
36,36,37,20,112.0,10859,None,Reg,Lvl,AllPub,Corner,Gtl,CollgCr,Norm,Norm,1Fam,1Story,5,5,1994,1995,Gable,CompShg,VinylSd,VinylSd,None,0.0,TA,TA,PConc,Gd,TA,No,Unf,0,Unf,0,1097,1097,GasA,Ex,SBrkr,1097,0,0,1097,0,0,1,1,3,1,TA,6,Typ,0,None,Attchd,1995.0,Unf,2,672,TA,TA,Y,392,64,0,0,0,0,None,0,6,2009,WD,Normal,False,False,True,False,True
37,37,38,20,74.0,8532,None,Reg,Lvl,AllPub,Inside,Gtl,NAmes,Norm,Norm,1Fam,1Story,5,6,1954,1990,Hip,CompShg,Wd Sdng,Wd Sdng,BrkFace,650.0,TA,TA,CBlock,TA,TA,No,Rec,1213,Unf,0,84,1297,GasA,Gd,SBrkr,1297,0,0,1297,0,1,1,0,3,1,TA,5,Typ,1,TA,Attchd,1954.0,Fin,2,498,TA,TA,Y,0,0,0,0,0,0,None,0,10,2009,WD,Normal,False,False,True,False,True
38,38,39,20,68.0,7922,None,Reg,Lvl,AllPub,Inside,Gtl,NAmes,Norm,Norm,1Fam,1Story,5,7,1953,2007,Gable,CompShg,VinylSd,VinylSd,None,0.0,TA,Gd,CBlock,TA,TA,No,GLQ,731,Unf,0,326,1057,GasA,TA,SBrkr,1057,0,0,1057,1,0,1,0,3,1,Gd,5,Typ,0,None,Detchd,1953.0,Unf,1,246,TA,TA,Y,0,52,0,0,0,0,None,0,1,2010,WD,Abnorml,False,False,True,False,True
39,39,40,90,65.0,6040,None,Reg,Lvl,AllPub,Inside,Gtl,Edwards,Norm,Norm,Duplex,1Story,4,5,1955,1955,Gable,CompShg,AsbShng,Plywood,None,0.0,TA,TA,PConc,None,None,None,None,0,None,0,0,0,GasA,TA,FuseP,1152,0,0,1152,0,0,2,0,2,2,Fa,6,Typ,0,None,None,1980.0,None,0,0,None,None,N,0,0,0,0,0,0,None,0,6,2008,WD,AdjLand,False,False,True,False,True
40,40,41,20,84.0,8658,None,Reg,Lvl,AllPub,Inside,Gtl,NAmes,Norm,Norm,1Fam,1Story,6,5,1965,1965,Gable,CompShg,Wd Sdng,Wd Sdng,BrkFace,101.0,TA,TA,CBlock,TA,TA,No,Rec,643,Unf,0,445,1088,GasA,Ex,SBrkr,1324,0,0,1324,0,0,2,0,3,1,TA,6,Typ,1,TA,Attchd,1965.0,RFn,2,440,TA,TA,Y,0,138,0,0,0,0,GdWo,0,12,2006,WD,Abnorml,False,False,True,False,True
41,41,42,20,115.0,16905,None,Reg,Lvl,AllPub,Inside,Gtl,Timber,Norm,Norm,1Fam,1Story,5,6,1959,1959,Gable,CompShg,VinylSd,VinylSd,None,0.0,TA,Gd,CBlock,TA,TA,Gd,BLQ,967,Unf,0,383,1350,GasA,Gd,SBrkr,1328,0,0,1328,0,1,1,1,2,1,TA,5,Typ,2,Gd,Attchd,1959.0,RFn,1,308,TA,TA,P,0,104,0,0,0,0,None,0,7,2007,WD,Normal,False,False,True,False,True
42,42,43,85,69.0,9180,None,IR1,Lvl,AllPub,CulDSac,Gtl,SawyerW,Norm,Norm,1Fam,SFoyer,5,7,1983,1983,Gable,CompShg,HdBoard,HdBoard,None,0.0,TA,TA,CBlock,Gd,TA,Av,ALQ,747,LwQ,93,0,840,GasA,Gd,SBrkr,884,0,0,884,1,0,1,0,2,1,Gd,5,Typ,0,None,Attchd,1983.0,RFn,2,504,TA,Gd,Y,240,0,0,0,0,0,MnPrv,0,12,2007,WD,Normal,False,False,True,False,True
43,43,44,20,69.0,9200,None,IR1,Lvl,AllPub,CulDSac,Gtl,CollgCr,Norm,Norm,1Fam,1Story,5,6,1975,1980,Hip,CompShg,VinylSd,VinylSd,None,0.0,TA,TA,CBlock,Gd,TA,Av,LwQ,280,BLQ,491,167,938,GasA,TA,SBrkr,938,0,0,938,1,0,1,0,3,1,TA,5,Typ,0,None,Detchd,1977.0,Unf,1,308,TA,TA,Y,145,0,0,0,0,0,MnPrv,0,7,2008,WD,Normal,False,False,True,False,True
44,44,45,20,70.0,7945,None,Reg,Lvl,AllPub,Inside,Gtl,NAmes,Norm,Norm,1Fam,1Story,5,6,1959,1959,Gable,CompShg,BrkFace,Wd Sdng,None,0.0,TA,TA,CBlock,TA,TA,No,ALQ,179,BLQ,506,465,1150,GasA,Ex,FuseA,1150,0,0,1150,1,0,1,0,3,1,TA,6,Typ,0,None,Attchd,1959.0,RFn,1,300,TA,TA,Y,0,0,0,0,0,0,None,0,5,2006,WD,Normal,False,False,True,False,True
45,45,46,120,61.0,7658,None,Reg,Lvl,AllPub,Inside,Gtl,NridgHt,Norm,Norm,TwnhsE,1Story,9,5,2005,2005,Hip,CompShg,MetalSd,MetalSd,BrkFace,412.0,Ex,TA,PConc,Ex,TA,No,GLQ,456,Unf,0,1296,1752,GasA,Ex,SBrkr,1752,0,0,1752,1,0,2,0,2,1,Ex,6,Typ,1,Gd,Attchd,2005.0,RFn,2,576,TA,TA,Y,196,82,0,0,0,0,None,0,2,2010,WD,Normal,False,False,True,False,True
46,46,47,50,48.0,12822,None,IR1,Lvl,AllPub,CulDSac,Gtl,Mitchel,Norm,Norm,1Fam,1.5Fin,7,5,2003,2003,Gable,CompShg,VinylSd,VinylSd,None,0.0,Gd,TA,PConc,Ex,TA,No,GLQ,1351,Unf,0,83,1434,GasA,Ex,SBrkr,1518,631,0,2149,1,0,1,1,1,1,Gd,6,Typ,1,Ex,Attchd,2003.0,RFn,2,670,TA,TA,Y,168,43,0,0,198,0,None,0,8,2009,WD,Abnorml,False,False,True,False,True
47,47,48,20,84.0,11096,None,Reg,Lvl,AllPub,Inside,Gtl,Somerst,Norm,Norm,1Fam,1Story,8,5,2006,2006,Gable,CompShg,VinylSd,VinylSd,None,0.0,Gd,TA,PConc,Gd,TA,Av,GLQ,24,Unf,0,1632,1656,GasA,Ex,SBrkr,1656,0,0,1656,0,0,2,0,3,1,Gd,7,Typ,0,None,Attchd,2006.0,RFn,3,826,TA,TA,Y,0,146,0,0,0,0,None,0,7,2007,WD,Normal,True,False,False,False,True
48,48,49,190,33.0,4456,None,Reg,Lvl,AllPub,Inside,Gtl,OldTown,Norm,Norm,2fmCon,2Story,4,5,1920,2008,Gable,CompShg,MetalSd,MetalSd,None,0.0,TA,TA,BrkTil,TA,TA,No,Unf,0,Unf,0,736,736,GasA,Gd,SBrkr,736,716,0,1452,0,0,2,0,2,3,TA,8,Typ,0,None,None,1980.0,None,0,0,None,None,N,0,0,102,0,0,0,None,0,6,2009,New,Partial,False,False,False,True,True
49,49,50,20,66.0,7742,None,Reg,Lvl,AllPub,Inside,Gtl,Sawyer,Norm,Norm,1Fam,1Story,5,7,1966,1966,Gable,CompShg,HdBoard,HdBoard,None,0.0,TA,TA,CBlock,TA,TA,No,BLQ,763,Unf,0,192,955,GasA,Ex,SBrkr,955,0,0,955,1,0,1,0,3,1,TA,6,Typ,0,None,Attchd,1966.0,Unf,1,386,TA,TA,Y,0,0,0,0,0,0,MnPrv,0,1,2007,WD,Normal,False,False,True,False,True
50,50,51,60,69.0,13869,None,IR2,Lvl,AllPub,Corner,Gtl,Gilbert,Norm,Norm,1Fam,2Story,6,6,1997,1997,Gable,CompShg,VinylSd,VinylSd,None,0.0,TA,TA,PConc,Gd,TA,Av,GLQ,182,Unf,0,612,794,GasA,Gd,SBrkr,794,676,0,1470,0,1,2,0,3,1,TA,6,Typ,0,None,Attchd,1997.0,Fin,2,388,TA,TA,Y,0,75,0,0,0,0,None,0,7,2007,WD,Normal,False,False,True,False,True
51,51,52,50,52.0,6240,None,Reg,Lvl,AllPub,Inside,Gtl,BrkSide,Norm,Norm,1Fam,1.5Fin,6,6,1934,1950,Gable,CompShg,Wd Sdng,Wd Sdng,None,0.0,TA,TA,PConc,TA,TA,No,Unf,0,Unf,0,816,816,GasA,TA,SBrkr,816,0,360,1176,0,0,1,0,3,1,TA,6,Typ,1,Gd,Detchd,1985.0,Unf,2,528,TA,TA,Y,112,0,0,0,0,0,MnPrv,400,9,2006,WD,Normal,False,False,False,True,True
52,52,53,90,110.0,8472,None,IR2,Bnk,AllPub,Corner,Mod,IDOTRR,RRNn,Norm,Duplex,1Story,5,5,1963,1963,Gable,CompShg,Wd Sdng,Wd Sdng,None,0.0,Fa,TA,CBlock,Gd,TA,Gd,LwQ,104,GLQ,712,0,816,GasA,TA,SBrkr,816,0,0,816,1,0,1,0,2,1,TA,5,Typ,0,None,CarPort,1963.0,Unf,2,516,TA,TA,Y,106,0,0,0,0,0,None,0,5,2010,WD,Normal,False,False,False,True,False
53,53,54,20,68.0,50271,None,IR1,Low,AllPub,Inside,Gtl,Veenker,Norm,Norm,1Fam,1Story,9,5,1981,1987,Gable,WdShngl,WdShing,Wd Shng,None,0.0,Gd,TA,CBlock,Ex,TA,Gd,GLQ,1810,Unf,0,32,1842,GasA,Gd,SBrkr,1842,0,0,1842,2,0,0,1,0,1,Gd,5,Typ,1,Gd,Attchd,1981.0,Fin,3,894,TA,TA,Y,857,72,0,0,0,0,None,0,11,2006,WD,Normal,False,False,True,False,True
54,54,55,80,60.0,7134,None,Reg,Bnk,AllPub,Inside,Mod,NAmes,Norm,Norm,1Fam,SLvl,5,5,1955,1955,Gable,CompShg,MetalSd,MetalSd,None,0.0,TA,TA,CBlock,TA,TA,No,ALQ,384,Unf,0,0,384,GasA,TA,SBrkr,1360,0,0,1360,0,0,1,0,3,1,TA,6,Min1,1,TA,Detchd,1962.0,Unf,2,572,TA,TA,Y,0,50,0,0,0,0,MnPrv,0,2,2007,WD,Normal,False,False,True,False,True
55,55,56,20,100.0,10175,None,IR1,Lvl,AllPub,Inside,Gtl,NAmes,Norm,Norm,1Fam,1Story,6,5,1964,1964,Gable,CompShg,HdBoard,Plywood,BrkFace,272.0,TA,TA,CBlock,TA,TA,No,BLQ,490,Unf,0,935,1425,GasA,Gd,SBrkr,1425,0,0,1425,0,0,2,0,3,1,TA,7,Typ,1,Gd,Attchd,1964.0,RFn,2,576,TA,TA,Y,0,0,0,407,0,0,None,0,7,2008,WD,Normal,False,False,True,False,True
56,56,57,160,24.0,2645,Pave,Reg,Lvl,AllPub,Inside,Gtl,Somerst,Norm,Norm,Twnhs,2Story,8,5,1999,2000,Gable,CompShg,MetalSd,MetalSd,BrkFace,456.0,Gd,TA,PConc,Gd,TA,No,GLQ,649,Unf,0,321,970,GasA,Ex,SBrkr,983,756,0,1739,1,0,2,1,3,1,Gd,7,Typ,0,None,Attchd,1999.0,Fin,2,480,TA,TA,Y,115,0,0,0,0,0,None,0,8,2009,WD,Abnorml,True,False,False,False,True
57,57,58,60,89.0,11645,None,IR1,Lvl,AllPub,Corner,Gtl,CollgCr,Norm,Norm,1Fam,2Story,7,5,2004,2004,Gable,CompShg,VinylSd,VinylSd,None,0.0,Gd,TA,PConc,Gd,TA,No,Unf,0,Unf,0,860,860,GasA,Ex,SBrkr,860,860,0,1720,0,0,2,1,3,1,Gd,7,Typ,0,None,Attchd,2004.0,RFn,2,565,TA,TA,Y,0,70,0,0,0,0,None,0,8,2006,WD,Normal,False,False,True,False,True
58,58,59,60,66.0,13682,None,IR2,HLS,AllPub,CulDSac,Gtl,StoneBr,Norm,Norm,1Fam,2Story,10,5,2006,2006,Hip,CompShg,VinylSd,VinylSd,BrkFace,1031.0,Ex,TA,PConc,Ex,TA,Gd,Unf,0,Unf,0,1410,1410,GasA,Ex,SBrkr,1426,1519,0,2945,0,0,3,1,3,1,Gd,10,Typ,1,Gd,BuiltIn,2006.0,Fin,3,641,TA,TA,Y,192,0,37,0,0,0,None,0,10,2006,New,Partial,False,False,True,False,True
59,59,60,20,60.0,7200,None,Reg,Bnk,AllPub,Inside,Gtl,CollgCr,Norm,Norm,1Fam,1Story,5,7,1972,1972,Gable,CompShg,HdBoard,HdBoard,None,0.0,TA,TA,CBlock,TA,TA,Av,ALQ,632,Unf,0,148,780,GasA,Ex,SBrkr,780,0,0,780,0,0,1,0,2,1,TA,4,Typ,0,None,Detchd,1973.0,Unf,1,352,TA,TA,Y,196,0,0,0,0,0,MnPrv,0,1,2008,WD,Normal,False,False,True,False,True
60,60,61,20,63.0,13072,None,Reg,Lvl,AllPub,Inside,Gtl,SawyerW,RRAe,Norm,1Fam,1Story,6,5,2004,2004,Gable,CompShg,VinylSd,VinylSd,None,0.0,TA,TA,PConc,Gd,TA,No,ALQ,941,Unf,0,217,1158,GasA,Ex,SBrkr,1158,0,0,1158,1,0,1,1,3,1,Gd,5,Typ,0,None,Detchd,2006.0,Unf,2,576,TA,TA,Y,0,50,0,0,0,0,None,0,5,2006,New,Partial,False,False,True,False,True
61,61,62,75,60.0,7200,None,Reg,Lvl,AllPub,Inside,Gtl,IDOTRR,Norm,Norm,1Fam,2.5Unf,5,7,1920,1996,Gable,CompShg,MetalSd,MetalSd,None,0.0,TA,TA,BrkTil,TA,Fa,No,Unf,0,Unf,0,530,530,GasA,TA,SBrkr,581,530,0,1111,0,0,1,0,3,1,Fa,6,Typ,0,None,Detchd,1935.0,Unf,1,288,TA,TA,N,0,0,144,0,0,0,None,0,3,2007,WD,Normal,False,False,False,True,True
62,62,63,120,44.0,6442,None,IR1,Lvl,AllPub,Inside,Gtl,NridgHt,Norm,Norm,TwnhsE,1Story,8,5,2006,2006,Gable,CompShg,VinylSd,VinylSd,Stone,178.0,Gd,TA,PConc,Gd,Gd,Mn,GLQ,24,Unf,0,1346,1370,GasA,Ex,SBrkr,1370,0,0,1370,0,0,2,0,2,1,Gd,6,Typ,1,Gd,Attchd,2006.0,RFn,2,484,TA,TA,Y,120,49,0,0,0,0,None,0,10,2007,WD,Normal,False,False,True,False,True
63,63,64,70,50.0,10300,None,IR1,Bnk,AllPub,Inside,Gtl,OldTown,RRAn,Feedr,1Fam,2Story,7,6,1921,1950,Gable,CompShg,Stucco,Stucco,None,0.0,TA,TA,BrkTil,TA,TA,No,Unf,0,Unf,0,576,576,GasA,Gd,SBrkr,902,808,0,1710,0,0,2,0,3,1,TA,9,Typ,0,None,Detchd,1990.0,Unf,2,480,TA,TA,Y,12,11,64,0,0,0,GdPrv,0,4,2010,WD,Normal,False,False,False,True,True
64,64,65,60,69.0,9375,None,Reg,Lvl,AllPub,Inside,Gtl,CollgCr,Norm,Norm,1Fam,2Story,7,5,1997,1998,Gable,CompShg,VinylSd,VinylSd,BrkFace,573.0,TA,TA,PConc,Gd,TA,No,GLQ,739,Unf,0,318,1057,GasA,Ex,SBrkr,1057,977,0,2034,1,0,2,1,3,1,Gd,8,Typ,0,None,Attchd,1998.0,RFn,2,645,TA,TA,Y,576,36,0,0,0,0,GdPrv,0,2,2009,WD,Normal,False,False,True,False,True
65,65,66,60,76.0,9591,None,Reg,Lvl,AllPub,Inside,Gtl,NridgHt,Norm,Norm,1Fam,2Story,8,5,2004,2005,Gable,CompShg,VinylSd,VinylSd,BrkFace,344.0,Gd,TA,PConc,Ex,TA,Av,Unf,0,Unf,0,1143,1143,GasA,Ex,SBrkr,1143,1330,0,2473,0,0,2,1,4,1,Gd,9,Typ,1,Gd,BuiltIn,2004.0,RFn,3,852,TA,TA,Y,192,151,0,0,0,0,None,0,10,2007,WD,Normal,False,False,True,False,True
66,66,67,20,69.0,19900,None,Reg,Lvl,AllPub,Inside,Gtl,NAmes,PosA,Norm,1Fam,1Story,7,5,1970,1989,Gable,CompShg,Plywood,Plywood,BrkFace,287.0,TA,TA,CBlock,Gd,TA,Gd,GLQ,912,Unf,0,1035,1947,GasA,TA,SBrkr,2207,0,0,2207,1,0,2,0,3,1,TA,7,Min1,1,Gd,Attchd,1970.0,RFn,2,576,TA,TA,Y,301,0,0,0,0,0,None,0,7,2010,WD,Normal,False,False,True,False,True
67,67,68,20,72.0,10665,None,IR1,Lvl,AllPub,Inside,Gtl,CollgCr,Norm,Norm,1Fam,1Story,7,5,2003,2003,Gable,CompShg,VinylSd,VinylSd,BrkFace,167.0,Gd,TA,PConc,Gd,TA,Av,GLQ,1013,Unf,0,440,1453,GasA,Ex,SBrkr,1479,0,0,1479,1,0,2,0,3,1,Gd,7,Typ,0,None,Attchd,2003.0,RFn,2,558,TA,TA,Y,144,29,0,0,0,0,None,0,6,2007,WD,Normal,False,False,True,False,True
68,68,69,30,47.0,4608,None,Reg,Lvl,AllPub,Corner,Gtl,OldTown,Artery,Norm,1Fam,1Story,4,6,1945,1950,Gable,CompShg,MetalSd,MetalSd,None,0.0,TA,Gd,CBlock,TA,TA,No,Unf,0,Unf,0,747,747,GasA,TA,SBrkr,747,0,0,747,0,0,1,0,2,1,TA,4,Typ,0,None,Attchd,1945.0,Unf,1,220,TA,TA,Y,0,0,0,0,0,0,None,0,6,2010,WD,Normal,False,False,False,True,True
69,69,70,50,81.0,15593,None,Reg,Lvl,AllPub,Corner,Gtl,ClearCr,Norm,Norm,1Fam,1.5Fin,7,4,1953,1953,Gable,CompShg,BrkFace,AsbShng,None,0.0,Gd,TA,CBlock,TA,TA,No,BLQ,603,Unf,0,701,1304,GasW,TA,SBrkr,1304,983,0,2287,0,0,2,0,3,1,TA,7,Typ,1,TA,Attchd,1953.0,Fin,2,667,TA,TA,Y,0,21,114,0,0,0,None,0,7,2006,WD,Normal,False,False,True,False,True
70,70,71,20,95.0,13651,None,IR1,Lvl,AllPub,Inside,Gtl,NAmes,Norm,Norm,1Fam,1Story,7,6,1973,1973,Gable,CompShg,Plywood,Plywood,BrkFace,1115.0,TA,Gd,CBlock,Gd,TA,Gd,ALQ,1880,Unf,0,343,2223,GasA,Ex,SBrkr,2223,0,0,2223,1,0,2,0,3,1,TA,8,Typ,2,Gd,Attchd,1973.0,Fin,2,516,TA,TA,Y,300,0,0,0,0,0,None,0,2,2007,WD,Normal,False,False,True,False,True
71,71,72,20,69.0,7599,None,Reg,Lvl,AllPub,Corner,Gtl,Mitchel,Norm,Norm,1Fam,1Story,4,6,1982,2006,Gable,CompShg,HdBoard,Plywood,None,0.0,TA,TA,CBlock,TA,TA,No,ALQ,565,Unf,0,280,845,GasA,TA,SBrkr,845,0,0,845,1,0,1,0,2,1,TA,4,Typ,0,None,Detchd,1987.0,Unf,2,360,TA,TA,Y,0,0,0,0,0,0,None,0,6,2007,WD,Normal,False,False,True,False,True
72,72,73,60,74.0,10141,None,IR1,Lvl,AllPub,Corner,Gtl,Gilbert,Norm,Norm,1Fam,2Story,7,5,1998,1998,Gable,CompShg,VinylSd,VinylSd,BrkFace,40.0,TA,TA,PConc,Gd,TA,No,Unf,0,Unf,0,832,832,GasA,Gd,SBrkr,885,833,0,1718,0,0,2,1,3,1,TA,7,Typ,1,TA,Attchd,1998.0,Fin,2,427,TA,TA,Y,0,94,0,0,291,0,None,0,12,2009,WD,Normal,False,False,True,False,True
73,73,74,20,85.0,10200,None,Reg,Lvl,AllPub,Inside,Gtl,NAmes,Norm,Norm,1Fam,1Story,5,7,1954,2003,Gable,CompShg,Wd Sdng,Wd Sdng,BrkFace,104.0,TA,TA,CBlock,TA,TA,No,ALQ,320,BLQ,362,404,1086,GasA,Gd,SBrkr,1086,0,0,1086,1,0,1,0,3,1,TA,6,Typ,0,None,Attchd,1989.0,Unf,2,490,TA,TA,Y,0,0,0,0,0,0,GdWo,0,5,2010,WD,Normal,False,False,True,False,True
74,74,75,50,60.0,5790,None,Reg,Lvl,AllPub,Corner,Gtl,OldTown,Norm,Norm,1Fam,2Story,3,6,1915,1950,Gambrel,CompShg,VinylSd,VinylSd,None,0.0,Gd,Gd,CBlock,Fa,TA,No,Unf,0,Unf,0,840,840,GasA,Gd,SBrkr,840,765,0,1605,0,0,2,0,3,2,TA,8,Typ,0,None,Detchd,1915.0,Unf,1,379,TA,TA,Y,0,0,202,0,0,0,None,0,5,2010,WD,Normal,False,False,False,True,True
75,75,76,180,21.0,1596,None,Reg,Lvl,AllPub,Inside,Gtl,MeadowV,Norm,Norm,Twnhs,SLvl,4,5,1973,1973,Gable,CompShg,CemntBd,CmentBd,None,0.0,TA,TA,CBlock,Gd,TA,Gd,GLQ,462,Unf,0,0,462,GasA,TA,SBrkr,526,462,0,988,1,0,1,0,2,1,TA,5,Typ,0,None,BuiltIn,1973.0,Unf,1,297,TA,TA,Y,120,101,0,0,0,0,GdWo,0,11,2009,WD,Normal,False,False,False,True,True
76,76,77,20,69.0,8475,None,IR1,Lvl,AllPub,Inside,Gtl,NAmes,Norm,Norm,1Fam,1Story,4,7,1956,1956,Gable,CompShg,VinylSd,VinylSd,None,0.0,TA,TA,CBlock,TA,TA,No,ALQ,228,Unf,0,724,952,GasA,Ex,FuseA,952,0,0,952,0,0,1,0,2,1,TA,4,Typ,0,None,Detchd,1956.0,Unf,1,283,TA,TA,Y,0,0,0,0,0,0,None,0,4,2008,WD,Normal,False,False,True,False,True
77,77,78,50,50.0,8635,None,Reg,Lvl,AllPub,Inside,Gtl,BrkSide,Norm,Norm,1Fam,1.5Fin,5,5,1948,2001,Gable,CompShg,Wd Sdng,Wd Sdng,None,0.0,TA,TA,CBlock,TA,TA,No,BLQ,336,GLQ,41,295,672,GasA,TA,SBrkr,1072,213,0,1285,1,0,1,0,2,1,TA,6,Min1,0,None,Detchd,1948.0,Unf,1,240,TA,TA,Y,0,0,0,0,0,0,MnPrv,0,1,2008,WD,Normal,False,False,False,True,True
78,78,79,90,72.0,10778,None,Reg,Lvl,AllPub,Inside,Gtl,Sawyer,Norm,Norm,Duplex,1Story,4,5,1968,1968,Hip,CompShg,HdBoard,HdBoard,None,0.0,TA,TA,CBlock,TA,TA,No,Unf,0,Unf,0,1768,1768,GasA,TA,SBrkr,1768,0,0,1768,0,0,2,0,4,2,TA,8,Typ,0,None,None,1980.0,None,0,0,None,None,Y,0,0,0,0,0,0,None,0,4,2010,WD,Normal,False,False,True,False,True
79,79,80,50,60.0,10440,Grvl,Reg,Lvl,AllPub,Corner,Gtl,OldTown,Norm,Norm,1Fam,2Story,5,6,1910,1981,Gable,CompShg,Wd Sdng,Wd Sdng,None,0.0,TA,TA,PConc,TA,TA,No,Unf,0,Unf,0,440,440,GasA,Gd,SBrkr,682,548,0,1230,0,0,1,1,2,1,TA,5,Typ,0,None,Detchd,1966.0,Unf,2,440,TA,TA,Y,74,0,128,0,0,0,MnPrv,0,5,2009,WD,Normal,False,False,False,True,True
80,80,81,60,100.0,13000,None,Reg,Lvl,AllPub,Corner,Gtl,NAmes,Norm,Norm,1Fam,2Story,6,6,1968,1968,Gable,CompShg,VinylSd,VinylSd,BrkFace,576.0,TA,Gd,CBlock,Gd,TA,No,Rec,448,Unf,0,448,896,GasA,TA,SBrkr,1182,960,0,2142,0,0,2,1,4,1,Gd,8,Typ,1,Gd,Attchd,1968.0,Fin,1,509,TA,TA,Y,0,72,0,0,252,0,None,0,6,2009,WD,Normal,False,False,True,False,True
81,81,82,120,32.0,4500,None,Reg,Lvl,AllPub,FR2,Gtl,Mitchel,Norm,Norm,TwnhsE,1Story,6,5,1998,1998,Hip,CompShg,VinylSd,VinylSd,BrkFace,443.0,TA,Gd,PConc,Ex,Gd,No,GLQ,1201,Unf,0,36,1237,GasA,Ex,SBrkr,1337,0,0,1337,1,0,2,0,2,1,TA,5,Typ,0,None,Attchd,1998.0,Fin,2,405,TA,TA,Y,0,199,0,0,0,0,None,0,3,2006,WD,Normal,False,False,False,True,True
82,82,83,20,78.0,10206,None,Reg,Lvl,AllPub,Inside,Gtl,Somerst,Norm,Norm,1Fam,1Story,8,5,2007,2007,Gable,CompShg,VinylSd,VinylSd,Stone,468.0,TA,TA,PConc,Gd,TA,No,GLQ,33,Unf,0,1530,1563,GasA,Ex,SBrkr,1563,0,0,1563,0,0,2,0,3,1,Gd,6,Typ,1,Gd,Attchd,2007.0,RFn,3,758,TA,TA,Y,144,99,0,0,0,0,None,0,10,2008,WD,Normal,False,False,True,False,True
83,83,84,20,80.0,8892,None,IR1,Lvl,AllPub,Inside,Gtl,NAmes,Norm,Norm,1Fam,1Story,5,5,1960,1960,Gable,CompShg,MetalSd,MetalSd,BrkCmn,66.0,TA,TA,CBlock,TA,TA,No,Unf,0,Unf,0,1065,1065,GasA,Gd,SBrkr,1065,0,0,1065,0,0,1,1,3,1,TA,6,Typ,0,None,Detchd,1974.0,Unf,2,461,TA,TA,Y,74,0,0,0,0,0,None,0,7,2007,COD,Normal,False,False,True,False,True
84,84,85,80,69.0,8530,None,IR1,Lvl,AllPub,Inside,Gtl,Gilbert,Norm,Norm,1Fam,SLvl,7,5,1995,1996,Gable,CompShg,HdBoard,HdBoard,BrkFace,22.0,TA,TA,PConc,Gd,TA,No,Unf,0,Unf,0,384,384,GasA,Gd,SBrkr,804,670,0,1474,0,0,2,1,3,1,TA,7,Typ,1,TA,BuiltIn,1995.0,Fin,2,400,TA,TA,Y,120,72,0,0,0,0,None,700,5,2009,WD,Normal,False,False,True,False,True
85,85,86,60,121.0,16059,None,Reg,Lvl,AllPub,Corner,Gtl,NoRidge,Norm,Norm,1Fam,2Story,8,5,1991,1992,Hip,CompShg,HdBoard,HdBoard,BrkFace,284.0,Gd,TA,CBlock,Gd,TA,No,Unf,0,Unf,0,1288,1288,GasA,Ex,SBrkr,1301,1116,0,2417,0,0,2,1,4,1,Gd,9,Typ,1,TA,Attchd,1991.0,Unf,2,462,TA,TA,Y,127,82,0,0,0,0,None,0,4,2006,WD,Normal,False,False,True,False,True
86,86,87,60,122.0,11911,None,IR2,Lvl,AllPub,Inside,Gtl,Gilbert,Norm,Norm,1Fam,2Story,6,5,2005,2005,Gable,CompShg,VinylSd,VinylSd,None,0.0,Gd,TA,PConc,Gd,TA,Av,Unf,0,Unf,0,684,684,GasA,Ex,SBrkr,684,876,0,1560,0,0,2,1,3,1,Gd,6,Typ,1,Gd,BuiltIn,2005.0,Fin,2,400,TA,TA,Y,100,38,0,0,0,0,None,0,3,2009,WD,Normal,False,False,True,False,True
87,87,88,160,40.0,3951,Pave,Reg,Lvl,AllPub,Corner,Gtl,Somerst,Norm,Norm,TwnhsE,2Story,6,5,2009,2009,Gable,CompShg,VinylSd,VinylSd,Stone,76.0,Gd,TA,PConc,Gd,TA,Av,Unf,0,Unf,0,612,612,GasA,Ex,SBrkr,612,612,0,1224,0,0,2,1,2,1,Gd,4,Typ,0,None,Detchd,2009.0,RFn,2,528,TA,TA,Y,0,234,0,0,0,0,None,0,6,2009,New,Partial,True,False,False,False,True
88,88,89,50,105.0,8470,None,IR1,Lvl,AllPub,Corner,Gtl,IDOTRR,Feedr,Feedr,1Fam,1.5Fin,3,2,1915,1982,Hip,CompShg,Plywood,Plywood,None,0.0,Fa,Fa,CBlock,TA,Fa,No,Unf,0,Unf,0,1013,1013,GasA,TA,SBrkr,1013,0,513,1526,0,0,1,0,2,1,Fa,6,Typ,0,None,None,1980.0,None,0,0,None,None,N,0,0,156,0,0,0,MnPrv,0,10,2009,ConLD,Abnorml,False,False,False,False,True
89,89,90,20,60.0,8070,None,Reg,Lvl,AllPub,Inside,Gtl,CollgCr,Norm,Norm,1Fam,1Story,4,5,1994,1995,Gable,CompShg,VinylSd,VinylSd,None,0.0,TA,TA,PConc,Gd,TA,No,GLQ,588,Unf,0,402,990,GasA,Ex,SBrkr,990,0,0,990,1,0,1,0,3,1,TA,5,Typ,0,None,None,1980.0,None,0,0,None,None,Y,0,0,0,0,0,0,None,0,8,2007,WD,Normal,False,False,True,False,True
90,90,91,20,60.0,7200,None,Reg,Lvl,AllPub,Inside,Gtl,NAmes,Norm,Norm,1Fam,1Story,4,5,1950,1950,Gable,CompShg,BrkFace,Wd Sdng,None,0.0,TA,TA,Slab,None,None,None,None,0,None,0,0,0,GasA,TA,FuseA,1040,0,0,1040,0,0,1,0,2,1,TA,4,Typ,0,None,Detchd,1950.0,Unf,2,420,TA,TA,Y,0,29,0,0,0,0,None,0,7,2006,WD,Normal,False,False,True,False,True
91,91,92,20,85.0,8500,None,Reg,Lvl,AllPub,Inside,Gtl,NAmes,Norm,Norm,1Fam,1Story,5,3,1961,1961,Hip,CompShg,HdBoard,HdBoard,BrkCmn,203.0,TA,TA,CBlock,TA,TA,No,Rec,600,Unf,0,635,1235,GasA,TA,SBrkr,1235,0,0,1235,0,0,1,0,2,1,TA,6,Typ,0,None,Attchd,1961.0,Unf,2,480,TA,TA,Y,0,0,0,0,0,0,GdWo,0,12,2006,WD,Abnorml,False,False,True,False,True
92,92,93,30,80.0,13360,Grvl,IR1,HLS,AllPub,Inside,Gtl,Crawfor,Norm,Norm,1Fam,1Story,5,7,1921,2006,Gable,CompShg,Wd Sdng,Wd Sdng,None,0.0,TA,Gd,BrkTil,Gd,TA,No,ALQ,713,Unf,0,163,876,GasA,Ex,SBrkr,964,0,0,964,1,0,1,0,2,1,TA,5,Typ,0,None,Detchd,1921.0,Unf,2,432,TA,TA,Y,0,0,44,0,0,0,None,0,8,2009,WD,Normal,False,False,True,False,True
93,93,94,190,60.0,7200,None,Reg,Lvl,AllPub,Corner,Gtl,OldTown,Norm,Norm,2fmCon,2.5Unf,6,6,1910,1998,Hip,CompShg,MetalSd,MetalSd,None,0.0,TA,TA,BrkTil,TA,Fa,Mn,Rec,1046,Unf,0,168,1214,GasW,Ex,SBrkr,1260,1031,0,2291,0,1,2,0,4,2,TA,9,Typ,1,Gd,Detchd,1900.0,Unf,2,506,TA,TA,Y,0,0,0,0,99,0,None,0,11,2007,WD,Normal,False,False,False,False,True
94,94,95,60,69.0,9337,None,IR1,Lvl,AllPub,Inside,Gtl,CollgCr,Norm,Norm,1Fam,2Story,6,5,1997,1997,Gable,CompShg,VinylSd,VinylSd,None,0.0,TA,Gd,PConc,Gd,TA,No,GLQ,648,Unf,0,176,824,GasA,Ex,SBrkr,905,881,0,1786,1,0,2,1,3,1,Gd,7,Typ,0,None,Attchd,1997.0,RFn,2,684,TA,TA,Y,0,162,0,0,0,0,None,0,5,2007,WD,Normal,False,False,True,False,True
95,95,96,60,69.0,9765,None,IR2,Lvl,AllPub,Corner,Gtl,Gilbert,Norm,Norm,1Fam,2Story,6,8,1993,1993,Gable,CompShg,VinylSd,VinylSd,BrkFace,68.0,Ex,Gd,PConc,Gd,Gd,No,ALQ,310,Unf,0,370,680,GasA,Gd,SBrkr,680,790,0,1470,0,0,2,1,3,1,TA,6,Typ,1,TA,BuiltIn,1993.0,Fin,2,420,TA,TA,Y,232,63,0,0,0,0,None,480,4,2009,WD,Normal,False,False,True,False,True
96,96,97,20,78.0,10264,None,IR1,Lvl,AllPub,Inside,Gtl,CollgCr,Norm,Norm,1Fam,1Story,7,5,1999,1999,Gable,CompShg,VinylSd,VinylSd,BrkFace,183.0,Gd,TA,PConc,Gd,TA,Av,ALQ,1162,Unf,0,426,1588,GasA,Ex,SBrkr,1588,0,0,1588,0,0,2,0,3,1,Gd,6,Typ,0,None,Attchd,1999.0,RFn,2,472,TA,TA,Y,158,29,0,0,0,0,None,0,8,2006,WD,Normal,False,False,True,False,True
97,97,98,20,73.0,10921,None,Reg,HLS,AllPub,Inside,Gtl,Edwards,Norm,Norm,1Fam,1Story,4,5,1965,1965,Hip,CompShg,HdBoard,HdBoard,BrkFace,48.0,TA,TA,CBlock,TA,TA,No,Rec,520,Unf,0,440,960,GasA,TA,FuseF,960,0,0,960,1,0,1,0,3,1,TA,6,Typ,0,None,Attchd,1965.0,Fin,1,432,TA,TA,P,120,0,0,0,0,0,None,0,5,2007,WD,Normal,False,False,True,False,True
98,98,99,30,85.0,10625,None,Reg,Lvl,AllPub,Corner,Gtl,Edwards,Norm,Norm,1Fam,1Story,5,5,1920,1950,Gable,CompShg,Wd Sdng,Wd Sdng,None,0.0,TA,TA,BrkTil,TA,TA,No,ALQ,108,Unf,0,350,458,GasA,Fa,SBrkr,835,0,0,835,0,0,1,0,2,1,TA,5,Typ,0,None,Basment,1920.0,Unf,1,366,Fa,TA,Y,0,0,77,0,0,0,None,400,5,2010,COD,Abnorml,False,False,True,False,True
99,99,100,20,77.0,9320,None,IR1,Lvl,AllPub,Inside,Gtl,NAmes,Norm,Norm,1Fam,1Story,4,5,1959,1959,Gable,CompShg,Plywood,Plywood,None,0.0,TA,TA,CBlock,TA,TA,No,ALQ,569,Unf,0,381,950,GasA,Fa,SBrkr,1225,0,0,1225,1,0,1,1,3,1,TA,6,Typ,0,None,None,1980.0,None,0,0,None,None,Y,352,0,0,0,0,0,None,400,1,2010,WD,Normal,False,False,True,False,True
100,100,101,20,69.0,10603,None,IR1,Lvl,AllPub,Inside,Gtl,NWAmes,Norm,Norm,1Fam,1Story,6,7,1977,2001,Gable,CompShg,Plywood,Plywood,BrkFace,28.0,TA,TA,PConc,TA,TA,Mn,ALQ,1200,Unf,0,410,1610,GasA,Gd,SBrkr,1610,0,0,1610,1,0,2,0,3,1,Gd,6,Typ,2,TA,Attchd,1977.0,RFn,2,480,TA,TA,Y,168,68,0,0,0,0,None,0,2,2010,WD,Normal,False,False,True,False,True
101,101,102,60,77.0,9206,None,Reg,Lvl,AllPub,Inside,Gtl,SawyerW,Norm,Norm,1Fam,2Story,6,5,1985,1985,Gable,CompShg,HdBoard,HdBoard,BrkFace,336.0,Gd,TA,CBlock,Gd,TA,No,Unf,0,Unf,0,741,741,GasA,TA,SBrkr,977,755,0,1732,0,0,2,1,3,1,Gd,7,Typ,1,TA,Attchd,1985.0,Fin,2,476,TA,TA,Y,192,46,0,0,0,0,None,0,6,2010,WD,Normal,False,False,True,False,True
102,102,103,90,64.0,7018,None,Reg,Bnk,AllPub,Inside,Gtl,SawyerW,Norm,Norm,Duplex,1Story,5,5,1979,1979,Gable,CompShg,HdBoard,HdBoard,None,0.0,TA,Fa,Slab,None,None,None,None,0,None,0,0,0,GasA,TA,SBrkr,1535,0,0,1535,0,0,2,0,4,2,TA,8,Typ,0,None,Attchd,1979.0,Unf,2,410,TA,TA,Y,0,0,0,0,0,0,None,0,6,2009,WD,Alloca,False,False,True,False,True
103,103,104,20,94.0,10402,None,IR1,Lvl,AllPub,Corner,Gtl,CollgCr,Norm,Norm,1Fam,1Story,7,5,2009,2009,Gable,CompShg,VinylSd,VinylSd,None,0.0,TA,TA,PConc,Gd,TA,No,Unf,0,Unf,0,1226,1226,GasA,Ex,SBrkr,1226,0,0,1226,0,0,2,0,3,1,Gd,6,Typ,0,None,Attchd,2009.0,RFn,3,740,TA,TA,Y,0,36,0,0,0,0,None,0,5,2010,WD,Normal,False,False,True,False,True
104,104,105,50,69.0,7758,None,Reg,Lvl,AllPub,Corner,Gtl,IDOTRR,Norm,Norm,1Fam,1.5Fin,7,4,1931,1950,Gable,CompShg,Stucco,Stucco,BrkFace,600.0,TA,Fa,PConc,TA,TA,No,LwQ,224,Unf,0,816,1040,GasA,Ex,FuseF,1226,592,0,1818,0,0,1,1,4,1,TA,7,Typ,2,TA,Detchd,1951.0,Unf,1,240,TA,TA,Y,0,0,0,0,184,0,None,0,6,2007,WD,Normal,False,False,False,True,True
105,105,106,60,75.0,9375,None,Reg,Lvl,AllPub,Inside,Gtl,Somerst,Norm,Norm,1Fam,2Story,8,5,2003,2004,Hip,CompShg,VinylSd,VinylSd,BrkFace,768.0,Gd,TA,PConc,Ex,TA,No,Unf,0,Unf,0,1053,1053,GasA,Ex,SBrkr,1053,939,0,1992,0,0,2,1,3,1,Gd,9,Typ,1,Gd,Attchd,2003.0,RFn,2,648,TA,TA,Y,140,45,0,0,0,0,None,0,8,2008,WD,Normal,True,False,False,False,True
106,106,107,30,60.0,10800,Grvl,Reg,Lvl,AllPub,Inside,Gtl,OldTown,Norm,Norm,1Fam,1Story,4,7,1885,1995,Mansard,CompShg,VinylSd,VinylSd,None,0.0,TA,TA,BrkTil,Fa,TA,No,Unf,0,Unf,0,641,641,GasA,Gd,SBrkr,1047,0,0,1047,0,0,1,0,2,1,TA,6,Typ,0,None,Detchd,1954.0,Unf,1,273,Fa,Fa,N,0,0,0,0,0,0,None,450,8,2007,WD,Normal,False,False,False,True,True
107,107,108,20,50.0,6000,None,Reg,Lvl,AllPub,Inside,Gtl,OldTown,Norm,Norm,1Fam,1Story,5,5,1948,1950,Gable,CompShg,VinylSd,VinylSd,None,0.0,TA,TA,CBlock,TA,TA,No,ALQ,104,BLQ,169,516,789,GasA,Ex,SBrkr,789,0,0,789,0,0,1,0,2,1,TA,5,Typ,0,None,Detchd,1948.0,Unf,1,250,TA,TA,Y,0,0,0,0,0,0,None,0,4,2008,WD,Partial,False,False,False,True,True
108,108,109,50,85.0,8500,None,Reg,Lvl,AllPub,Corner,Gtl,IDOTRR,Artery,Norm,1Fam,1.5Fin,5,7,1919,2005,Gable,CompShg,CemntBd,CmentBd,None,0.0,TA,TA,CBlock,TA,TA,No,Unf,0,Unf,0,793,793,GasW,TA,FuseF,997,520,0,1517,0,0,2,0,3,1,Fa,7,Typ,0,None,None,1980.0,None,0,0,None,None,N,0,0,144,0,0,0,None,0,8,2007,WD,Normal,False,False,False,True,True
109,109,110,20,105.0,11751,None,IR1,Lvl,AllPub,Inside,Gtl,NWAmes,Norm,Norm,1Fam,1Story,6,6,1977,1977,Hip,CompShg,Plywood,Plywood,BrkFace,480.0,TA,TA,CBlock,Gd,TA,No,BLQ,705,Unf,0,1139,1844,GasA,Ex,SBrkr,1844,0,0,1844,0,0,2,0,3,1,TA,7,Typ,1,TA,Attchd,1977.0,RFn,2,546,TA,TA,Y,0,122,0,0,0,0,MnPrv,0,1,2010,COD,Normal,False,False,True,False,True
110,110,111,50,75.0,9525,None,Reg,Lvl,AllPub,Inside,Gtl,Edwards,Norm,Norm,1Fam,1.5Fin,6,4,1954,1972,Gable,CompShg,Wd Sdng,Wd Sdng,None,0.0,TA,TA,CBlock,TA,Fa,No,Rec,444,Unf,0,550,994,GasA,Gd,SBrkr,1216,639,0,1855,0,0,2,0,4,1,TA,7,Typ,0,None,Attchd,1954.0,Unf,1,325,TA,TA,Y,182,0,0,0,0,0,None,0,10,2006,WD,Normal,False,False,True,False,True
111,111,112,80,69.0,7750,None,IR1,Lvl,AllPub,Inside,Gtl,Gilbert,Norm,Norm,1Fam,SLvl,7,5,2000,2000,Gable,CompShg,VinylSd,VinylSd,None,0.0,TA,TA,PConc,Gd,TA,No,GLQ,250,Unf,0,134,384,GasA,Ex,SBrkr,774,656,0,1430,0,0,2,1,3,1,TA,7,Typ,1,TA,BuiltIn,2000.0,Fin,2,400,TA,TA,Y,180,0,0,0,0,0,None,0,4,2010,WD,Normal,False,False,True,False,True
112,112,113,60,77.0,9965,None,Reg,Lvl,AllPub,Inside,Gtl,CollgCr,Norm,Norm,1Fam,2Story,7,5,2007,2007,Gable,CompShg,VinylSd,VinylSd,Stone,220.0,Gd,TA,PConc,Ex,TA,Av,GLQ,984,Unf,0,280,1264,GasA,Ex,SBrkr,1282,1414,0,2696,1,0,2,1,4,1,Ex,10,Typ,1,Gd,BuiltIn,2007.0,Fin,3,792,TA,TA,Y,120,184,0,0,168,0,None,0,10,2007,New,Partial,False,False,True,False,True
113,113,114,20,69.0,21000,None,Reg,Bnk,AllPub,Corner,Gtl,Crawfor,Norm,Norm,1Fam,1Story,6,5,1953,1953,Hip,CompShg,Wd Sdng,Wd Sdng,BrkFace,184.0,TA,Gd,CBlock,Gd,TA,Mn,ALQ,35,Rec,869,905,1809,GasA,TA,SBrkr,2259,0,0,2259,1,0,2,0,3,1,Gd,7,Typ,2,Gd,Basment,1953.0,Unf,2,450,TA,TA,Y,166,120,192,0,0,0,MnPrv,0,10,2007,COD,Abnorml,False,False,True,False,True
114,114,115,70,61.0,7259,None,IR1,Lvl,AllPub,Inside,Mod,Crawfor,Norm,Norm,1Fam,2Story,6,8,1945,2002,Gambrel,CompShg,Wd Sdng,Wd Sdng,None,0.0,TA,TA,CBlock,TA,TA,No,ALQ,774,LwQ,150,104,1028,GasA,Ex,SBrkr,1436,884,0,2320,1,0,2,1,3,1,Gd,9,Typ,1,TA,Detchd,1945.0,Unf,1,180,TA,TA,Y,224,0,0,0,0,0,MnPrv,0,7,2007,WD,Normal,False,False,True,False,True
115,115,116,160,34.0,3230,Pave,Reg,Lvl,AllPub,Corner,Gtl,Somerst,Norm,Norm,TwnhsE,2Story,6,5,1999,1999,Gable,CompShg,MetalSd,MetalSd,BrkFace,1129.0,TA,TA,PConc,Gd,TA,No,GLQ,419,Unf,0,310,729,GasA,Gd,SBrkr,729,729,0,1458,0,0,2,1,2,1,TA,5,Typ,1,Fa,Detchd,1999.0,Unf,2,440,TA,TA,Y,0,32,0,0,0,0,None,0,6,2007,WD,Normal,True,False,False,False,True
116,116,117,20,69.0,11616,None,Reg,Lvl,AllPub,Inside,Gtl,Sawyer,Norm,Norm,1Fam,1Story,5,5,1962,1962,Gable,CompShg,Wd Sdng,Wd Sdng,BrkFace,116.0,TA,TA,CBlock,TA,TA,No,LwQ,170,BLQ,670,252,1092,GasA,TA,SBrkr,1092,0,0,1092,0,1,1,0,3,1,TA,6,Typ,1,Po,Attchd,1962.0,Unf,1,288,TA,TA,Y,0,20,144,0,0,0,None,0,9,2009,WD,Normal,False,False,True,False,True
117,117,118,20,74.0,8536,None,Reg,Lvl,AllPub,Corner,Gtl,Edwards,Norm,Norm,1Fam,1Story,5,5,2006,2007,Gable,CompShg,VinylSd,VinylSd,None,0.0,TA,TA,PConc,Gd,TA,No,Unf,0,Unf,0,1125,1125,GasA,Gd,SBrkr,1125,0,0,1125,0,0,1,1,2,1,TA,5,Typ,0,None,Attchd,2007.0,Unf,2,430,TA,TA,Y,80,64,0,0,0,0,None,0,4,2007,New,Partial,False,False,True,False,True
118,118,119,60,90.0,12376,None,Reg,Lvl,AllPub,Corner,Gtl,SawyerW,Norm,Norm,1Fam,2Story,7,5,1990,1990,Hip,CompShg,Plywood,Plywood,None,0.0,TA,TA,PConc,Gd,TA,Mn,GLQ,1470,Unf,0,203,1673,GasA,Gd,SBrkr,1699,1523,0,3222,1,0,3,0,5,1,Gd,11,Typ,2,TA,Attchd,1990.0,Unf,3,594,TA,TA,Y,367,0,0,0,0,0,None,0,5,2010,WD,Normal,False,False,True,False,True
119,119,120,60,65.0,8461,None,Reg,Lvl,AllPub,Inside,Gtl,CollgCr,Norm,Norm,1Fam,2Story,6,5,2005,2006,Gable,CompShg,VinylSd,VinylSd,None,0.0,Gd,TA,PConc,Gd,TA,No,Unf,0,Unf,0,728,728,GasA,Ex,SBrkr,728,728,0,1456,0,0,2,1,3,1,Gd,8,Typ,1,Gd,Attchd,2005.0,Fin,2,390,TA,TA,Y,0,24,0,0,0,0,None,0,7,2006,New,Partial,False,False,True,False,True
120,120,121,80,69.0,21453,None,IR1,Low,AllPub,CulDSac,Sev,ClearCr,Norm,Norm,1Fam,SLvl,6,5,1969,1969,Flat,Metal,Plywood,Plywood,None,0.0,TA,TA,CBlock,TA,TA,Gd,ALQ,938,Unf,0,0,938,GasA,Ex,SBrkr,988,0,0,988,1,0,1,0,1,1,TA,4,Typ,2,TA,Attchd,1969.0,Unf,2,540,TA,TA,Y,0,130,0,130,0,0,None,0,10,2006,WD,Normal,False,False,True,False,True
121,121,122,50,50.0,6060,None,Reg,Lvl,AllPub,Inside,Gtl,IDOTRR,Norm,Norm,1Fam,1.5Fin,4,5,1939,1950,Gable,CompShg,AsbShng,AsbShng,None,0.0,TA,TA,PConc,TA,TA,No,Unf,0,Unf,0,732,732,GasA,Gd,SBrkr,772,351,0,1123,0,0,1,0,3,1,TA,4,Typ,0,None,Detchd,1979.0,Unf,1,264,TA,TA,P,0,0,140,0,0,0,MnPrv,0,6,2007,WD,Normal,False,False,False,True,True
122,122,123,20,75.0,9464,None,Reg,Lvl,AllPub,Corner,Gtl,NAmes,Norm,Norm,1Fam,1Story,6,7,1958,1958,Hip,CompShg,MetalSd,MetalSd,BrkFace,135.0,TA,Gd,CBlock,TA,TA,No,BLQ,570,Unf,0,510,1080,GasA,Gd,SBrkr,1080,0,0,1080,0,0,1,0,3,1,TA,5,Typ,0,None,Attchd,1958.0,Unf,1,288,TA,TA,Y,0,0,0,0,130,0,None,0,6,2008,WD,Normal,False,False,True,False,True
123,123,124,120,55.0,7892,None,Reg,Lvl,AllPub,Inside,Gtl,SawyerW,Norm,Norm,TwnhsE,1Story,6,5,1993,1993,Gable,CompShg,Plywood,Plywood,None,0.0,Gd,TA,PConc,Gd,TA,No,GLQ,300,Unf,0,899,1199,GasA,Ex,SBrkr,1199,0,0,1199,0,0,2,0,2,1,Gd,5,Typ,0,None,Attchd,1993.0,RFn,2,530,TA,TA,Y,0,63,0,0,0,0,None,0,3,2008,WD,Normal,False,False,True,False,True
124,124,125,20,48.0,17043,None,IR1,Lvl,AllPub,CulDSac,Gtl,NWAmes,Norm,Norm,1Fam,1Story,6,5,1979,1998,Gable,CompShg,HdBoard,HdBoard,None,0.0,TA,Gd,CBlock,Gd,Fa,No,Unf,0,Unf,0,1362,1362,GasA,TA,SBrkr,1586,0,0,1586,0,0,2,0,3,1,TA,7,Typ,1,TA,Attchd,1979.0,Unf,2,435,TA,TA,Y,192,0,0,0,0,0,None,0,1,2009,WD,Normal,False,False,True,False,True
125,125,126,190,60.0,6780,None,Reg,Lvl,AllPub,Inside,Gtl,IDOTRR,Norm,Norm,2fmCon,1.5Fin,6,8,1935,1982,Gable,CompShg,Wd Sdng,Wd Sdng,None,0.0,TA,Fa,CBlock,TA,TA,Av,GLQ,490,Unf,0,30,520,GasA,Gd,SBrkr,520,0,234,754,1,0,1,0,2,1,TA,5,Typ,0,None,None,1980.0,None,0,0,None,None,N,53,0,0,0,0,0,None,0,6,2006,WD,Normal,False,False,False,True,True
126,126,127,120,69.0,4928,None,IR1,Lvl,AllPub,Inside,Gtl,NPkVill,Norm,Norm,TwnhsE,1Story,6,5,1976,1976,Gable,CompShg,Plywood,Plywood,None,0.0,TA,TA,CBlock,Gd,TA,No,ALQ,120,Unf,0,958,1078,GasA,TA,SBrkr,958,0,0,958,0,0,2,0,2,1,TA,5,Typ,1,TA,Attchd,1977.0,RFn,2,440,TA,TA,Y,0,205,0,0,0,0,None,0,2,2007,WD,Normal,False,False,True,False,True
127,127,128,45,55.0,4388,None,IR1,Bnk,AllPub,Inside,Gtl,OldTown,Feedr,Norm,1Fam,1.5Unf,5,7,1930,1950,Gable,CompShg,WdShing,Wd Sdng,None,0.0,TA,Gd,BrkTil,TA,TA,No,LwQ,116,Unf,0,556,672,GasA,Ex,SBrkr,840,0,0,840,0,0,1,0,3,1,TA,5,Typ,1,TA,None,1980.0,None,0,0,None,None,N,0,0,0,0,0,0,None,0,6,2007,WD,Normal,False,False,False,True,True
128,128,129,60,69.0,7590,None,Reg,Lvl,AllPub,Inside,Gtl,NAmes,PosN,Norm,1Fam,2Story,6,5,1966,1966,Gable,CompShg,VinylSd,VinylSd,BrkFace,266.0,TA,TA,CBlock,TA,TA,No,BLQ,512,Unf,0,148,660,GasA,TA,SBrkr,660,688,0,1348,0,0,1,1,3,1,TA,6,Typ,1,Fa,Attchd,1966.0,RFn,2,453,TA,TA,Y,188,108,0,0,0,0,None,0,7,2006,WD,Normal,False,False,True,False,True
129,129,130,20,69.0,8973,None,Reg,Lvl,AllPub,Inside,Gtl,NAmes,Norm,Norm,1Fam,1Story,5,7,1958,1991,Gable,CompShg,Plywood,Plywood,BrkFace,85.0,TA,TA,CBlock,TA,TA,No,Rec,567,BLQ,28,413,1008,GasA,TA,FuseA,1053,0,0,1053,0,1,1,1,3,1,Ex,6,Typ,0,None,2Types,1998.0,RFn,2,750,TA,TA,Y,0,80,0,180,0,0,MnWw,0,7,2006,WD,Abnorml,False,False,True,False,True
130,130,131,60,88.0,14200,None,Reg,Lvl,AllPub,Corner,Gtl,NAmes,Norm,Norm,1Fam,2Story,7,6,1966,1966,Gable,CompShg,MetalSd,MetalSd,BrkFace,309.0,TA,TA,CBlock,TA,TA,No,Rec,445,Unf,0,479,924,GasA,Ex,SBrkr,1216,941,0,2157,0,0,2,1,4,1,Gd,8,Typ,2,Gd,Attchd,1966.0,Fin,2,487,TA,TA,Y,105,66,0,0,0,0,GdPrv,0,5,2006,WD,Normal,False,False,True,False,True
131,131,132,60,69.0,12224,None,IR1,Lvl,AllPub,Corner,Gtl,Gilbert,Norm,Norm,1Fam,2Story,6,5,2000,2000,Gable,CompShg,VinylSd,VinylSd,BrkFace,40.0,Gd,TA,PConc,Gd,TA,No,GLQ,695,Unf,0,297,992,GasA,Ex,SBrkr,1022,1032,0,2054,1,0,2,1,3,1,Gd,7,Typ,1,TA,BuiltIn,2000.0,RFn,2,390,TA,TA,Y,24,48,0,0,0,0,None,0,7,2009,WD,Normal,False,False,True,False,True
132,132,133,20,75.0,7388,None,Reg,Lvl,AllPub,Corner,Gtl,NAmes,Norm,Norm,1Fam,1Story,5,6,1959,2002,Gable,CompShg,MetalSd,MetalSd,None,0.0,TA,TA,CBlock,TA,TA,No,Rec,405,Unf,0,658,1063,GasA,Gd,SBrkr,1327,0,0,1327,1,0,1,0,3,1,Gd,7,Typ,0,None,Detchd,1974.0,Unf,2,624,TA,TA,Y,0,0,0,0,0,0,None,0,7,2007,WD,Normal,False,False,True,False,True
133,133,134,20,69.0,6853,None,IR1,Lvl,AllPub,Inside,Gtl,Timber,Norm,Norm,1Fam,1Story,8,5,2001,2002,Gable,CompShg,VinylSd,VinylSd,BrkFace,136.0,Gd,TA,PConc,Ex,TA,No,GLQ,1005,Unf,0,262,1267,GasA,Ex,SBrkr,1296,0,0,1296,1,0,2,0,2,1,Gd,6,Typ,0,None,Attchd,2001.0,Fin,2,471,TA,TA,Y,192,25,0,0,0,0,None,0,6,2009,WD,Normal,False,False,True,False,True
134,134,135,20,78.0,10335,None,IR1,Lvl,AllPub,Inside,Gtl,Sawyer,Norm,Norm,1Fam,1Story,5,6,1968,1993,Gable,CompShg,Plywood,Plywood,None,0.0,TA,TA,CBlock,TA,TA,No,Rec,570,Unf,0,891,1461,GasA,Gd,SBrkr,1721,0,0,1721,0,0,2,1,3,1,TA,7,Min1,1,TA,Attchd,1968.0,RFn,2,440,TA,TA,Y,0,96,180,0,0,0,MnPrv,0,7,2006,WD,Normal,False,False,True,False,True
135,135,136,20,80.0,10400,None,Reg,Lvl,AllPub,Inside,Gtl,NWAmes,Norm,Norm,1Fam,1Story,7,6,1970,1970,Hip,CompShg,Plywood,Plywood,BrkFace,288.0,TA,TA,PConc,TA,TA,No,Unf,0,Unf,0,1304,1304,GasA,Gd,SBrkr,1682,0,0,1682,0,0,2,0,3,1,TA,7,Typ,1,Gd,Attchd,1970.0,Unf,2,530,TA,TA,Y,98,0,0,0,0,0,MnPrv,0,5,2008,WD,Normal,False,False,True,False,True
136,136,137,20,69.0,10355,None,IR1,Lvl,AllPub,Corner,Gtl,NAmes,Norm,Norm,1Fam,1Story,5,5,1967,1967,Gable,CompShg,MetalSd,MetalSd,BrkFace,196.0,TA,TA,CBlock,TA,TA,No,BLQ,695,Unf,0,519,1214,GasA,TA,SBrkr,1214,0,0,1214,0,0,2,0,3,1,TA,5,Typ,1,Fa,Attchd,1967.0,RFn,1,318,TA,TA,Y,0,111,0,0,0,0,None,0,7,2007,WD,Normal,False,False,True,False,True
137,137,138,90,82.0,11070,None,Reg,Lvl,AllPub,Inside,Gtl,Mitchel,Norm,Norm,Duplex,1Story,7,5,1988,1989,Gable,CompShg,VinylSd,VinylSd,BrkFace,70.0,TA,TA,CBlock,TA,TA,No,Unf,0,Unf,0,1907,1907,GasA,Gd,SBrkr,1959,0,0,1959,0,0,3,0,5,2,TA,9,Typ,0,None,2Types,1989.0,Unf,3,766,TA,TA,Y,0,0,0,0,0,0,None,0,7,2006,WD,Family,False,False,True,False,True
138,138,139,60,73.0,9066,None,IR1,Lvl,AllPub,Inside,Gtl,CollgCr,Norm,Norm,1Fam,2Story,8,5,1999,2000,Gable,CompShg,VinylSd,VinylSd,BrkFace,320.0,Gd,TA,PConc,Gd,TA,Mn,GLQ,668,Unf,0,336,1004,GasA,Ex,SBrkr,1004,848,0,1852,0,0,2,1,3,1,Gd,7,Typ,2,TA,Attchd,1999.0,Fin,3,660,TA,TA,Y,224,106,0,0,0,0,GdPrv,0,12,2008,WD,Normal,False,False,True,False,True
139,139,140,60,65.0,15426,None,IR1,Lvl,AllPub,Inside,Gtl,CollgCr,Norm,Norm,1Fam,2Story,6,5,1997,1997,Gable,CompShg,VinylSd,VinylSd,None,0.0,TA,TA,PConc,Gd,TA,No,GLQ,821,Unf,0,107,928,GasA,Ex,SBrkr,928,836,0,1764,1,0,2,1,3,1,Gd,7,Typ,0,None,Attchd,1997.0,RFn,2,470,TA,TA,Y,276,99,0,0,0,0,MnPrv,0,8,2009,WD,Normal,False,False,True,False,True
140,140,141,20,70.0,10500,None,Reg,Lvl,AllPub,FR2,Gtl,NAmes,Norm,Norm,1Fam,1Story,4,5,1971,1971,Gable,CompShg,HdBoard,HdBoard,None,0.0,TA,TA,CBlock,TA,TA,No,ALQ,432,Unf,0,432,864,GasA,TA,SBrkr,864,0,0,864,0,0,1,0,3,1,TA,5,Typ,1,Po,None,1980.0,None,0,0,None,None,Y,0,0,0,0,0,0,None,0,4,2010,ConLI,Normal,False,False,True,False,True
141,141,142,20,78.0,11645,None,Reg,Lvl,AllPub,Inside,Gtl,CollgCr,Norm,Norm,1Fam,1Story,7,5,2005,2005,Gable,CompShg,VinylSd,VinylSd,None,0.0,Gd,TA,PConc,Gd,TA,Av,GLQ,1300,Unf,0,434,1734,GasA,Ex,SBrkr,1734,0,0,1734,1,0,2,0,3,1,Gd,7,Typ,0,None,Attchd,2005.0,Fin,2,660,TA,TA,Y,160,24,0,0,0,0,None,0,1,2006,WD,Normal,False,False,True,False,True
142,142,143,50,71.0,8520,None,Reg,Lvl,AllPub,Corner,Gtl,NAmes,Artery,Norm,1Fam,1.5Fin,5,4,1952,1952,Gable,CompShg,BrkFace,Wd Sdng,None,0.0,TA,Fa,CBlock,TA,TA,No,Rec,507,Unf,0,403,910,GasA,Fa,SBrkr,910,475,0,1385,0,0,2,0,4,1,TA,6,Typ,0,None,Detchd,2000.0,Unf,2,720,TA,TA,Y,0,0,0,0,0,0,MnPrv,0,6,2010,WD,Normal,False,False,True,False,True
143,143,144,20,78.0,10335,None,IR1,Lvl,AllPub,Inside,Gtl,CollgCr,Norm,Norm,1Fam,1Story,7,5,1999,1999,Gable,CompShg,VinylSd,VinylSd,BrkFace,183.0,Gd,TA,PConc,Gd,TA,Gd,GLQ,679,Unf,0,811,1490,GasA,Ex,SBrkr,1501,0,0,1501,1,0,2,0,3,1,Gd,6,Typ,0,None,Attchd,1999.0,RFn,2,577,TA,TA,Y,144,29,0,0,0,0,None,0,6,2009,WD,Normal,False,False,True,False,True
144,144,145,90,70.0,9100,None,Reg,Lvl,AllPub,Inside,Gtl,Sawyer,RRAe,Norm,Duplex,1Story,5,5,1963,1963,Gable,CompShg,HdBoard,HdBoard,BrkFace,336.0,TA,TA,CBlock,TA,TA,No,Rec,1332,Unf,0,396,1728,GasA,TA,SBrkr,1728,0,0,1728,1,0,2,0,6,2,TA,10,Typ,0,None,Detchd,1963.0,Unf,2,504,TA,TA,Y,0,0,0,0,0,0,None,0,11,2006,ConLI,Abnorml,False,False,False,True,True
145,145,146,160,24.0,2522,None,Reg,Lvl,AllPub,Inside,Gtl,Edwards,Norm,Norm,Twnhs,2Story,6,5,2004,2006,Gable,CompShg,VinylSd,VinylSd,Stone,50.0,Gd,TA,PConc,Gd,TA,No,Unf,0,Unf,0,970,970,GasA,Ex,SBrkr,970,739,0,1709,0,0,2,0,3,1,Gd,7,Maj1,0,None,Detchd,2004.0,Unf,2,380,TA,TA,Y,0,40,0,0,0,0,None,0,4,2006,WD,Normal,False,False,False,True,True
146,146,147,30,51.0,6120,None,Reg,Lvl,AllPub,Corner,Gtl,BrkSide,Norm,Norm,1Fam,1Story,5,7,1931,1993,Gable,CompShg,Wd Sdng,Wd Sdng,None,0.0,TA,TA,BrkTil,TA,TA,No,BLQ,209,Unf,0,506,715,GasA,TA,FuseA,875,0,0,875,1,0,1,0,2,1,TA,5,Typ,0,None,Detchd,1931.0,Unf,1,180,Fa,TA,Y,48,0,0,0,0,0,None,0,11,2009,WD,Normal,False,False,False,True,True
147,147,148,60,69.0,9505,None,IR1,Lvl,AllPub,CulDSac,Gtl,Gilbert,Norm,Norm,1Fam,2Story,7,5,2001,2001,Gable,CompShg,VinylSd,VinylSd,BrkFace,180.0,Gd,TA,PConc,Gd,TA,No,Unf,0,Unf,0,884,884,GasA,Ex,SBrkr,884,1151,0,2035,0,0,2,1,3,1,Gd,8,Typ,1,Gd,BuiltIn,2001.0,Fin,2,434,TA,TA,Y,144,48,0,0,0,0,None,0,5,2010,WD,Normal,False,False,True,False,True
148,148,149,20,63.0,7500,None,Reg,Lvl,AllPub,Inside,Gtl,SawyerW,Norm,Norm,1Fam,1Story,7,5,2004,2005,Gable,CompShg,VinylSd,VinylSd,BrkFace,120.0,TA,TA,PConc,Gd,TA,No,GLQ,680,Unf,0,400,1080,GasA,Ex,SBrkr,1080,0,0,1080,1,0,1,0,3,1,Gd,6,Typ,0,None,None,1980.0,None,0,0,None,None,Y,0,0,0,0,0,0,None,0,4,2008,WD,Normal,False,False,True,False,True
149,149,150,50,69.0,6240,None,Reg,Lvl,AllPub,Inside,Gtl,BrkSide,Norm,Norm,1Fam,1.5Fin,5,4,1936,1950,Gable,CompShg,MetalSd,MetalSd,None,0.0,TA,TA,BrkTil,Gd,TA,No,Unf,0,Unf,0,896,896,GasA,Gd,FuseA,896,448,0,1344,0,0,1,0,3,1,TA,7,Typ,0,None,Detchd,1936.0,Unf,1,240,Fa,TA,Y,200,114,0,0,0,0,None,0,4,2006,WD,Normal,False,False,False,True,True
150,150,151,20,120.0,10356,None,Reg,Lvl,AllPub,Corner,Gtl,CollgCr,Norm,Norm,1Fam,1Story,5,6,1975,1975,Gable,CompShg,HdBoard,HdBoard,None,0.0,TA,TA,CBlock,TA,TA,Av,BLQ,716,Unf,0,253,969,GasA,TA,SBrkr,969,0,0,969,0,0,1,1,3,1,TA,5,Typ,0,None,Attchd,1975.0,Unf,2,440,TA,TA,Y,0,0,0,0,0,0,MnPrv,0,1,2007,WD,Normal,False,False,True,False,True
151,151,152,20,107.0,13891,None,Reg,Lvl,AllPub,Inside,Gtl,NridgHt,Norm,Norm,1Fam,1Story,8,5,2007,2008,Hip,CompShg,VinylSd,VinylSd,Stone,436.0,Gd,TA,PConc,Ex,TA,Gd,GLQ,1400,Unf,0,310,1710,GasA,Ex,SBrkr,1710,0,0,1710,1,0,2,0,2,1,Gd,6,Typ,1,Gd,Attchd,2007.0,RFn,3,866,TA,TA,Y,0,102,0,0,0,0,None,0,1,2008,New,Partial,False,False,True,False,True
152,152,153,60,69.0,14803,None,IR1,Lvl,AllPub,CulDSac,Gtl,NWAmes,Norm,Norm,1Fam,2Story,6,5,1971,1971,Gable,CompShg,HdBoard,HdBoard,BrkFace,252.0,TA,TA,CBlock,TA,TA,No,Rec,416,Unf,0,409,825,GasA,Gd,SBrkr,1097,896,0,1993,0,0,2,1,4,1,TA,8,Typ,1,Gd,Attchd,1971.0,RFn,2,495,TA,TA,Y,0,66,0,0,0,0,GdWo,0,6,2006,WD,Normal,False,False,True,False,True
153,153,154,20,69.0,13500,None,Reg,Lvl,AllPub,Inside,Gtl,ClearCr,Norm,Norm,1Fam,1Story,6,7,1960,1975,Flat,CompShg,BrkFace,Plywood,None,0.0,TA,TA,CBlock,Gd,TA,Gd,BLQ,429,ALQ,1080,93,1602,GasA,Gd,SBrkr,1252,0,0,1252,1,0,1,0,1,1,TA,4,Typ,1,Gd,Attchd,1960.0,RFn,2,564,TA,TA,Y,409,0,0,0,0,0,None,0,3,2008,WD,Normal,False,False,True,False,True
154,154,155,30,84.0,11340,None,Reg,Lvl,AllPub,Corner,Gtl,OldTown,Norm,Norm,1Fam,1Story,6,5,1923,1950,Gable,CompShg,Wd Sdng,Wd Sdng,None,0.0,TA,TA,BrkTil,TA,TA,No,Unf,0,Unf,0,1200,1200,GasA,TA,FuseA,1200,0,0,1200,0,0,1,0,4,1,TA,7,Typ,0,None,Detchd,1923.0,Unf,1,312,Fa,Fa,Y,0,0,228,0,0,0,None,0,3,2006,WD,Family,False,False,False,True,True
155,155,156,50,60.0,9600,None,Reg,Lvl,AllPub,Corner,Gtl,Edwards,Artery,Norm,1Fam,1.5Fin,6,5,1924,1950,Gable,CompShg,Wd Sdng,Wd Sdng,None,0.0,TA,TA,BrkTil,TA,TA,No,Unf,0,Unf,0,572,572,Grav,Fa,FuseF,572,524,0,1096,0,0,1,0,2,1,TA,5,Typ,0,None,None,1980.0,None,0,0,None,None,N,0,8,128,0,0,0,None,0,4,2008,WD,Normal,False,False,True,False,True
156,156,157,20,60.0,7200,None,Reg,Lvl,AllPub,Inside,Gtl,NAmes,Norm,Norm,1Fam,1Story,5,7,1950,1950,Hip,CompShg,Wd Sdng,Wd Sdng,None,0.0,TA,TA,CBlock,None,None,None,None,0,None,0,0,0,GasA,TA,FuseF,1040,0,0,1040,0,0,1,0,2,1,TA,5,Typ,0,None,Detchd,1950.0,Unf,2,625,TA,TA,Y,0,0,0,0,0,0,None,0,6,2006,WD,Normal,False,False,True,False,True
157,157,158,60,92.0,12003,None,Reg,Lvl,AllPub,Corner,Gtl,Timber,Norm,Norm,1Fam,2Story,8,5,2009,2010,Gable,CompShg,VinylSd,VinylSd,BrkFace,84.0,Gd,TA,PConc,Ex,TA,No,Unf,0,Unf,0,774,774,GasA,Ex,SBrkr,774,1194,0,1968,0,0,2,1,4,1,Ex,8,Typ,1,Gd,BuiltIn,2009.0,Fin,3,680,TA,TA,Y,0,75,0,0,0,0,None,0,5,2010,New,Partial,False,False,True,False,True
158,158,159,60,100.0,12552,None,Reg,Lvl,AllPub,Corner,Gtl,Somerst,Norm,Norm,1Fam,2Story,7,5,2004,2005,Gable,CompShg,VinylSd,VinylSd,None,0.0,Gd,TA,PConc,Gd,TA,No,GLQ,222,Unf,0,769,991,GasA,Ex,SBrkr,991,956,0,1947,0,0,2,1,3,1,Gd,8,Typ,1,Gd,Attchd,2004.0,RFn,2,678,TA,TA,Y,0,136,0,0,0,0,GdWo,0,5,2010,WD,Normal,True,False,False,False,True
159,159,160,60,134.0,19378,None,IR1,HLS,AllPub,Corner,Gtl,Gilbert,Norm,Norm,1Fam,2Story,7,5,2005,2006,Gable,CompShg,VinylSd,VinylSd,BrkFace,456.0,Gd,TA,PConc,Gd,TA,Mn,GLQ,57,Unf,0,1335,1392,GasA,Ex,SBrkr,1392,1070,0,2462,1,0,2,1,4,1,Gd,9,Typ,1,Gd,Attchd,2006.0,RFn,2,576,TA,TA,Y,239,132,0,168,0,0,None,0,3,2006,New,Partial,False,False,True,False,True
160,160,161,20,69.0,11120,None,IR1,Lvl,AllPub,CulDSac,Gtl,Veenker,Norm,Norm,1Fam,1Story,6,6,1984,1984,Gable,CompShg,Plywood,Plywood,None,0.0,TA,TA,PConc,Gd,TA,No,BLQ,660,Unf,0,572,1232,GasA,TA,SBrkr,1232,0,0,1232,0,0,2,0,3,1,TA,6,Typ,0,None,Attchd,1984.0,Unf,2,516,TA,TA,Y,0,0,0,0,0,0,None,0,6,2008,WD,Normal,False,False,True,False,True
161,161,162,60,110.0,13688,None,IR1,Lvl,AllPub,Inside,Gtl,NridgHt,Norm,Norm,1Fam,2Story,9,5,2003,2004,Gable,CompShg,VinylSd,VinylSd,BrkFace,664.0,Gd,TA,PConc,Ex,TA,Av,GLQ,1016,Unf,0,556,1572,GasA,Ex,SBrkr,1572,1096,0,2668,1,0,2,1,3,1,Ex,10,Typ,2,Gd,BuiltIn,2003.0,Fin,3,726,TA,TA,Y,400,0,0,0,0,0,None,0,3,2008,WD,Normal,False,False,True,False,True
162,162,163,20,95.0,12182,None,Reg,Lvl,AllPub,Corner,Gtl,NridgHt,Norm,Norm,1Fam,1Story,7,5,2005,2005,Gable,CompShg,VinylSd,VinylSd,BrkFace,226.0,Gd,TA,PConc,Gd,TA,Mn,BLQ,1201,Unf,0,340,1541,GasA,Ex,SBrkr,1541,0,0,1541,0,0,2,0,3,1,Gd,7,Typ,1,Gd,Attchd,2005.0,RFn,2,532,TA,TA,Y,0,70,0,0,0,0,None,0,5,2010,New,Partial,False,False,True,False,True
163,163,164,45,55.0,5500,None,Reg,Lvl,AllPub,Inside,Gtl,OldTown,Norm,Norm,1Fam,1.5Unf,4,6,1956,1956,Gable,CompShg,MetalSd,MetalSd,None,0.0,TA,TA,CBlock,TA,TA,No,Unf,0,Unf,0,882,882,GasA,Ex,SBrkr,882,0,0,882,0,0,1,0,1,1,TA,4,Typ,0,None,None,1980.0,None,0,0,None,None,Y,0,0,0,0,0,0,MnPrv,0,4,2007,WD,Normal,False,False,True,False,True
164,164,165,40,40.0,5400,Pave,Reg,Lvl,AllPub,Corner,Gtl,OldTown,Norm,Norm,1Fam,1Story,6,7,1926,2004,Gable,CompShg,MetalSd,MetalSd,None,0.0,TA,Gd,BrkTil,TA,TA,Mn,LwQ,370,Unf,0,779,1149,GasA,Gd,FuseA,1149,467,0,1616,0,0,2,0,3,1,Gd,5,Typ,0,None,Detchd,1926.0,Unf,1,216,TA,TA,Y,0,0,183,0,0,0,None,0,10,2007,WD,Normal,False,False,False,True,True
165,165,166,190,62.0,10106,None,Reg,Lvl,AllPub,Inside,Gtl,Edwards,Norm,Norm,2fmCon,1.5Fin,5,7,1940,1999,Gable,CompShg,Wd Sdng,Wd Sdng,None,0.0,TA,Gd,BrkTil,TA,TA,No,ALQ,351,Rec,181,112,644,GasA,Gd,SBrkr,808,547,0,1355,1,0,2,0,4,2,TA,6,Typ,0,None,None,1980.0,None,0,0,None,None,Y,140,0,0,0,0,0,None,0,9,2008,WD,Normal,False,False,True,False,True
166,166,167,20,69.0,10708,None,IR1,Lvl,AllPub,Inside,Gtl,ClearCr,Norm,Norm,1Fam,1Story,5,5,1955,1993,Hip,CompShg,Wd Sdng,Wd Sdng,None,0.0,Gd,TA,CBlock,TA,TA,No,LwQ,379,BLQ,768,470,1617,GasA,Ex,FuseA,1867,0,0,1867,1,0,1,0,2,1,TA,7,Typ,3,Gd,Attchd,1955.0,Fin,1,303,TA,TA,Y,476,0,0,0,142,0,GdWo,0,11,2009,COD,Normal,False,False,True,False,True
167,167,168,60,86.0,10562,None,Reg,Lvl,AllPub,Inside,Gtl,NridgHt,Norm,Norm,1Fam,2Story,8,5,2007,2007,Gable,CompShg,VinylSd,VinylSd,Stone,300.0,Gd,TA,PConc,Ex,TA,No,GLQ,1288,Unf,0,294,1582,GasA,Ex,SBrkr,1610,551,0,2161,1,0,1,1,3,1,Ex,8,Typ,1,Gd,Attchd,2007.0,Fin,3,789,TA,TA,Y,178,120,0,0,0,0,None,0,11,2007,New,Partial,False,False,True,False,True
168,168,169,60,62.0,8244,None,IR1,Lvl,AllPub,Inside,Gtl,Gilbert,Norm,Norm,1Fam,2Story,7,5,2004,2004,Gable,CompShg,VinylSd,VinylSd,None,0.0,Gd,TA,PConc,Gd,TA,No,Unf,0,Unf,0,840,840,GasA,Ex,SBrkr,840,880,0,1720,0,0,2,1,3,1,Gd,7,Typ,1,Gd,Attchd,2004.0,Fin,2,440,TA,TA,Y,100,48,0,0,0,0,None,0,5,2007,WD,Normal,False,False,True,False,True
169,169,170,20,69.0,16669,None,IR1,Lvl,AllPub,Corner,Gtl,Timber,Norm,Norm,1Fam,1Story,8,6,1981,1981,Hip,WdShake,Plywood,Plywood,BrkFace,653.0,Gd,TA,CBlock,Gd,TA,No,Unf,0,Unf,0,1686,1686,GasA,TA,SBrkr,1707,0,0,1707,0,0,2,1,2,1,TA,6,Typ,1,TA,Attchd,1981.0,RFn,2,511,TA,TA,Y,574,64,0,0,0,0,None,0,1,2006,WD,Normal,False,False,True,False,True
170,170,171,50,69.0,12358,None,IR1,Lvl,AllPub,Inside,Gtl,OldTown,Feedr,Norm,1Fam,1.5Fin,5,6,1941,1950,Gable,CompShg,MetalSd,MetalSd,None,0.0,TA,TA,CBlock,TA,TA,No,Rec,360,Unf,0,360,720,GasA,TA,SBrkr,854,0,528,1382,0,0,1,1,2,1,TA,7,Typ,0,None,Detchd,1991.0,Unf,2,660,TA,TA,Y,237,0,0,0,0,0,None,0,5,2007,WD,Normal,False,False,False,True,True
171,171,172,20,141.0,31770,None,IR1,Lvl,AllPub,Corner,Gtl,NAmes,Norm,Norm,1Fam,1Story,6,5,1960,1960,Hip,CompShg,BrkFace,Plywood,Stone,112.0,TA,TA,CBlock,TA,Gd,Gd,BLQ,639,Unf,0,441,1080,GasA,Fa,SBrkr,1656,0,0,1656,1,0,1,0,3,1,TA,7,Typ,2,Gd,Attchd,1960.0,Fin,2,528,TA,TA,P,210,62,0,0,0,0,None,0,5,2010,WD,Normal,False,False,True,False,True
172,172,173,160,44.0,5306,None,IR1,Lvl,AllPub,Inside,Gtl,StoneBr,Norm,Norm,TwnhsE,2Story,7,7,1987,1987,Gable,CompShg,HdBoard,HdBoard,None,0.0,Gd,Gd,PConc,Gd,Gd,No,GLQ,495,Rec,215,354,1064,GasA,Gd,SBrkr,1064,703,0,1767,1,0,2,0,2,1,Gd,5,Typ,1,TA,Attchd,1987.0,RFn,2,504,Gd,TA,Y,441,35,0,0,0,0,None,0,6,2006,WD,Normal,False,False,True,False,True
173,173,174,20,80.0,10197,None,IR1,Lvl,AllPub,Inside,Gtl,NAmes,Norm,Norm,1Fam,1Story,6,5,1961,1961,Gable,CompShg,WdShing,Wd Shng,BrkCmn,491.0,TA,TA,CBlock,TA,TA,No,ALQ,288,Rec,374,700,1362,GasA,TA,SBrkr,1362,0,0,1362,1,0,1,1,3,1,TA,6,Typ,1,TA,Attchd,1961.0,Unf,2,504,TA,TA,Y,0,20,0,0,0,0,None,0,6,2008,COD,Normal,False,False,True,False,True
174,174,175,20,47.0,12416,None,IR1,Lvl,AllPub,Inside,Gtl,Timber,Norm,Norm,1Fam,1Story,6,5,1986,1986,Gable,CompShg,VinylSd,Plywood,Stone,132.0,TA,TA,CBlock,Gd,Fa,No,ALQ,1398,LwQ,208,0,1606,GasA,TA,SBrkr,1651,0,0,1651,1,0,2,0,3,1,TA,7,Min2,1,TA,Attchd,1986.0,Fin,2,616,TA,TA,Y,192,0,0,0,0,0,None,0,11,2008,WD,Normal,False,False,True,False,True
175,175,176,20,84.0,12615,None,Reg,Lvl,AllPub,Corner,Gtl,Edwards,Norm,Norm,1Fam,1Story,6,7,1950,2001,Gable,CompShg,WdShing,Wd Shng,None,0.0,TA,TA,CBlock,TA,Gd,Av,ALQ,477,Unf,0,725,1202,GasA,TA,SBrkr,2158,0,0,2158,1,0,2,0,4,1,Gd,7,Typ,1,Gd,Attchd,1950.0,Unf,2,576,TA,TA,Y,0,29,39,0,0,0,MnPrv,0,6,2007,WD,Normal,False,False,True,False,True
176,176,177,60,97.0,10029,None,IR1,Lvl,AllPub,Corner,Gtl,ClearCr,Norm,Norm,1Fam,2Story,6,5,1988,1989,Gable,CompShg,Plywood,Plywood,BrkFace,268.0,Gd,TA,PConc,Gd,TA,No,GLQ,831,Unf,0,320,1151,GasA,TA,SBrkr,1164,896,0,2060,0,1,2,1,4,1,TA,8,Typ,1,TA,Attchd,1988.0,Unf,2,521,TA,TA,Y,0,228,0,0,192,0,None,0,9,2007,WD,Normal,False,False,True,False,True
177,177,178,50,69.0,13650,None,Reg,Lvl,AllPub,Inside,Gtl,Sawyer,Norm,Norm,1Fam,1.5Fin,5,5,1958,1958,Gable,CompShg,MetalSd,MetalSd,None,0.0,Gd,Gd,CBlock,TA,TA,No,ALQ,57,BLQ,441,554,1052,GasA,Ex,SBrkr,1252,668,0,1920,1,0,2,0,4,1,Gd,8,Typ,1,Gd,Attchd,1958.0,Unf,2,451,TA,TA,Y,0,0,0,0,0,0,None,0,7,2006,WD,Normal,False,False,True,False,True
178,178,179,20,63.0,17423,None,IR1,Lvl,AllPub,CulDSac,Gtl,StoneBr,Norm,Norm,1Fam,1Story,9,5,2008,2009,Hip,CompShg,VinylSd,VinylSd,Stone,748.0,Ex,TA,PConc,Ex,TA,No,GLQ,1904,Unf,0,312,2216,GasA,Ex,SBrkr,2234,0,0,2234,1,0,2,0,1,1,Ex,9,Typ,1,Gd,Attchd,2009.0,Fin,3,1166,TA,TA,Y,0,60,0,0,0,0,None,0,7,2009,New,Partial,False,False,True,False,True
179,179,180,30,60.0,8520,None,Reg,Lvl,AllPub,Inside,Gtl,OldTown,Norm,Norm,1Fam,1Story,5,6,1923,2006,Gable,CompShg,Wd Sdng,Wd Sdng,None,0.0,Gd,TA,CBlock,TA,TA,No,Unf,0,Unf,0,968,968,GasA,TA,SBrkr,968,0,0,968,0,0,1,0,2,1,TA,5,Typ,0,None,Detchd,1935.0,Unf,2,480,Fa,TA,N,0,0,184,0,0,0,None,0,7,2007,WD,Normal,False,False,False,True,True
180,180,181,160,69.0,2117,None,Reg,Lvl,AllPub,Inside,Gtl,Somerst,Norm,Norm,Twnhs,2Story,6,5,2000,2000,Gable,CompShg,MetalSd,MetalSd,BrkFace,456.0,Gd,TA,PConc,Gd,TA,No,GLQ,436,Unf,0,320,756,GasA,Ex,SBrkr,769,756,0,1525,0,0,2,1,3,1,Gd,5,Typ,1,TA,Detchd,2000.0,Unf,2,440,TA,TA,Y,0,0,0,0,0,0,None,0,6,2007,WD,Normal,True,False,False,False,True
181,181,182,70,54.0,7588,None,Reg,Lvl,AllPub,Inside,Gtl,Crawfor,Norm,Norm,1Fam,2Story,7,6,1920,1950,Gable,CompShg,Stucco,Stucco,None,0.0,TA,TA,BrkTil,Fa,TA,No,LwQ,352,Unf,0,441,793,GasA,Gd,SBrkr,901,901,0,1802,0,0,1,1,4,1,TA,9,Typ,1,Gd,Detchd,1920.0,Unf,1,216,Fa,TA,Y,0,0,40,0,0,0,None,0,7,2006,WD,Normal,False,False,True,False,True
182,182,183,20,60.0,9060,None,Reg,Lvl,AllPub,Inside,Gtl,Edwards,Artery,Norm,1Fam,1Story,5,6,1957,2006,Hip,CompShg,Wd Sdng,Wd Sdng,BrkFace,98.0,TA,TA,PConc,None,None,None,None,0,None,0,0,0,GasA,Ex,SBrkr,1340,0,0,1340,0,0,1,0,3,1,TA,7,Typ,1,Gd,Attchd,1957.0,RFn,1,252,TA,TA,Y,116,0,0,180,0,0,MnPrv,0,6,2007,WD,Normal,False,False,True,False,True
183,183,184,50,63.0,11426,None,Reg,Lvl,AllPub,Inside,Gtl,OldTown,Norm,Norm,1Fam,1.5Fin,7,5,2003,2003,Gable,CompShg,VinylSd,VinylSd,None,0.0,TA,TA,PConc,Gd,TA,No,Unf,0,Unf,0,1362,1362,GasA,Ex,SBrkr,1362,720,0,2082,0,0,2,1,3,1,Gd,6,Mod,0,None,Detchd,2003.0,Unf,2,484,TA,TA,N,280,238,0,0,0,0,None,0,6,2008,WD,Normal,False,False,False,True,True
184,184,185,50,92.0,7438,None,IR1,Lvl,AllPub,Inside,Gtl,BrkSide,RRAn,Feedr,1Fam,1.5Fin,5,8,1908,1991,Gable,CompShg,AsbShng,Plywood,None,0.0,TA,TA,PConc,Fa,TA,No,Unf,0,Unf,0,504,504,GasA,Gd,SBrkr,936,316,0,1252,0,0,1,0,3,1,TA,5,Typ,0,None,Attchd,1986.0,Unf,2,576,TA,TA,Y,104,0,0,0,0,0,MnPrv,0,6,2006,WD,Normal,False,False,True,False,True
185,185,186,75,90.0,22950,None,IR2,Lvl,AllPub,Inside,Gtl,OldTown,Artery,Norm,1Fam,2.5Fin,10,9,1892,1993,Gable,WdShngl,Wd Sdng,Wd Sdng,None,0.0,Gd,Gd,BrkTil,TA,TA,Mn,Unf,0,Unf,0,1107,1107,GasA,Ex,SBrkr,1518,1518,572,3608,0,0,2,1,4,1,Ex,12,Typ,2,TA,Detchd,1993.0,Unf,3,840,Ex,TA,Y,0,260,0,0,410,0,GdPrv,0,6,2006,WD,Normal,False,False,False,True,True
186,186,187,80,69.0,9947,None,IR1,Lvl,AllPub,CulDSac,Gtl,Mitchel,Norm,Norm,1Fam,SLvl,7,5,1990,1991,Gable,CompShg,HdBoard,HdBoard,None,0.0,TA,TA,PConc,Gd,TA,Av,GLQ,611,Unf,0,577,1188,GasA,Ex,SBrkr,1217,0,0,1217,1,0,2,0,3,1,Gd,6,Typ,0,None,Attchd,1990.0,Unf,2,497,TA,TA,Y,168,27,0,0,0,0,GdPrv,0,6,2009,WD,Normal,False,False,True,False,True
187,187,188,50,60.0,10410,None,Reg,Lvl,AllPub,Inside,Gtl,OldTown,Norm,Norm,1Fam,1.5Fin,5,7,1916,1987,Gable,CompShg,HdBoard,HdBoard,None,0.0,TA,TA,CBlock,Fa,TA,No,Unf,0,Unf,0,660,660,GasA,Ex,SBrkr,808,704,144,1656,0,0,2,1,3,1,TA,8,Min2,0,None,Detchd,1916.0,Unf,1,180,Fa,Fa,N,0,0,0,140,0,0,MnPrv,0,8,2009,WD,Normal,False,False,True,False,True
188,188,189,90,64.0,7018,None,Reg,Bnk,AllPub,Inside,Gtl,SawyerW,Feedr,Norm,Duplex,SFoyer,5,5,1979,1979,Gable,CompShg,Plywood,Plywood,Stone,275.0,TA,TA,CBlock,Gd,TA,Av,GLQ,1086,Unf,0,0,1086,GasA,TA,SBrkr,1224,0,0,1224,2,0,0,2,2,2,TA,6,Typ,2,TA,Detchd,1979.0,Unf,2,528,TA,TA,Y,120,0,0,0,0,0,None,0,6,2009,WD,Alloca,False,False,True,False,True
189,189,190,120,41.0,4923,None,Reg,Lvl,AllPub,Inside,Gtl,StoneBr,Norm,Norm,TwnhsE,1Story,8,5,2001,2002,Gable,CompShg,CemntBd,CmentBd,None,0.0,Gd,TA,PConc,Ex,TA,Av,GLQ,1153,Unf,0,440,1593,GasA,Ex,SBrkr,1593,0,0,1593,1,0,1,1,0,1,Ex,5,Typ,1,Gd,Attchd,2001.0,Fin,2,682,TA,TA,Y,0,120,0,0,224,0,None,0,8,2008,WD,Normal,False,False,True,False,True
190,190,191,70,70.0,10570,None,Reg,Bnk,AllPub,Inside,Mod,Crawfor,Norm,Norm,1Fam,2Story,8,8,1932,1994,Hip,CompShg,BrkFace,BrkFace,None,0.0,Gd,TA,CBlock,Gd,Gd,No,Rec,297,Unf,0,556,853,GasA,TA,SBrkr,1549,1178,0,2727,0,0,2,1,3,1,Gd,10,Maj1,2,TA,Detchd,1932.0,Unf,2,440,TA,TA,Y,0,74,0,0,0,0,None,0,12,2007,WD,Normal,False,False,True,False,True
191,191,192,60,69.0,7472,None,IR1,Lvl,AllPub,CulDSac,Gtl,NAmes,Norm,Norm,1Fam,2Story,7,9,1972,2004,Gable,CompShg,HdBoard,HdBoard,BrkFace,138.0,TA,TA,CBlock,TA,TA,No,ALQ,626,Unf,0,99,725,GasA,Gd,SBrkr,725,754,0,1479,1,0,1,1,4,1,Gd,7,Typ,0,None,Attchd,1972.0,Fin,2,484,TA,TA,Y,0,32,0,0,0,0,None,0,6,2007,WD,Normal,False,False,True,False,True
192,192,193,20,68.0,9017,None,IR1,Lvl,AllPub,Inside,Gtl,CollgCr,Norm,Norm,1Fam,1Story,7,5,1999,1999,Gable,CompShg,VinylSd,VinylSd,None,0.0,Gd,TA,PConc,Gd,TA,Av,GLQ,560,Unf,0,871,1431,GasA,Ex,SBrkr,1431,0,0,1431,1,0,2,0,3,1,Gd,6,Typ,0,None,Attchd,1999.0,Fin,2,666,TA,TA,Y,0,35,0,0,0,0,None,0,9,2009,WD,Normal,False,False,True,False,True
193,193,194,160,24.0,2522,None,Reg,Lvl,AllPub,Inside,Gtl,Edwards,Norm,Norm,Twnhs,2Story,7,5,2004,2004,Gable,CompShg,VinylSd,VinylSd,Stone,50.0,Gd,TA,PConc,Gd,TA,No,Unf,0,Unf,0,970,970,GasA,Ex,SBrkr,970,739,0,1709,0,0,2,0,3,1,Gd,7,Maj1,0,None,Detchd,2004.0,Unf,2,380,TA,TA,Y,0,40,0,0,0,0,None,0,5,2006,WD,Normal,False,False,False,True,True
194,194,195,20,60.0,7180,None,IR1,Lvl,AllPub,Inside,Gtl,CollgCr,Norm,Norm,1Fam,1Story,5,7,1972,1972,Hip,CompShg,HdBoard,HdBoard,None,0.0,TA,TA,CBlock,TA,TA,Av,ALQ,390,Unf,0,474,864,GasA,TA,SBrkr,864,0,0,864,0,0,1,0,3,1,TA,5,Typ,0,None,Detchd,1989.0,Unf,1,352,TA,TA,Y,0,0,0,0,0,0,None,0,5,2008,WD,Normal,False,False,True,False,True
195,195,196,160,24.0,2280,None,Reg,Lvl,AllPub,FR2,Gtl,NPkVill,Norm,Norm,Twnhs,2Story,6,6,1976,1976,Gable,CompShg,Plywood,Brk Cmn,None,0.0,TA,TA,CBlock,Gd,TA,No,ALQ,566,Unf,0,289,855,GasA,TA,SBrkr,855,601,0,1456,0,0,2,1,3,1,TA,7,Typ,1,TA,Attchd,1976.0,Unf,2,440,TA,TA,Y,87,0,0,0,0,0,None,0,7,2009,WD,Normal,False,False,True,False,True
196,196,197,20,79.0,9416,None,Reg,Lvl,AllPub,Inside,Gtl,Somerst,Norm,Norm,1Fam,1Story,7,5,2007,2007,Hip,CompShg,CemntBd,CmentBd,Stone,205.0,Ex,TA,PConc,Ex,TA,No,GLQ,1126,Unf,0,600,1726,GasA,Ex,SBrkr,1726,0,0,1726,1,0,2,0,3,1,Ex,8,Typ,1,Gd,Attchd,2007.0,Fin,3,786,TA,TA,Y,171,138,0,0,266,0,None,0,9,2007,New,Partial,False,False,True,False,True
197,197,198,75,174.0,25419,None,Reg,Lvl,AllPub,Corner,Gtl,NAmes,Artery,Norm,1Fam,2Story,8,4,1918,1990,Gable,CompShg,Stucco,Stucco,None,0.0,Gd,Gd,PConc,TA,TA,No,GLQ,1036,LwQ,184,140,1360,GasA,Gd,SBrkr,1360,1360,392,3112,1,1,2,0,4,1,Gd,8,Typ,1,Ex,Detchd,1918.0,Unf,2,795,TA,TA,Y,0,16,552,0,0,512,GdPrv,0,3,2006,WD,Abnorml,False,False,True,False,True
198,198,199,75,92.0,5520,None,Reg,Lvl,AllPub,Corner,Gtl,OldTown,Norm,Norm,1Fam,2.5Fin,6,6,1912,1950,Gable,CompShg,Wd Sdng,Wd Sdng,None,0.0,TA,TA,CBlock,TA,TA,No,Unf,0,Unf,0,755,755,GasA,Ex,SBrkr,929,929,371,2229,0,0,1,0,5,1,TA,8,Typ,0,None,None,1980.0,None,0,0,None,None,Y,0,198,30,0,0,0,MnPrv,0,7,2009,WD,Abnorml,False,False,False,True,True
199,199,200,20,76.0,9591,None,Reg,Lvl,AllPub,Inside,Gtl,NridgHt,Norm,Norm,1Fam,1Story,8,5,2004,2005,Hip,CompShg,VinylSd,VinylSd,BrkFace,262.0,Gd,TA,PConc,Ex,TA,Av,GLQ,1088,Unf,0,625,1713,GasA,Ex,SBrkr,1713,0,0,1713,1,0,2,0,3,1,Ex,7,Typ,1,Gd,Attchd,2004.0,Fin,3,856,TA,TA,Y,0,26,0,0,170,0,None,0,1,2009,WD,Normal,False,False,True,False,True
200,200,201,20,80.0,8546,None,Reg,Lvl,AllPub,Corner,Gtl,Edwards,Norm,Norm,1Fam,1Story,4,5,2003,2004,Gable,CompShg,VinylSd,VinylSd,None,0.0,TA,TA,PConc,Gd,TA,No,Unf,0,Unf,0,1121,1121,GasA,Ex,SBrkr,1121,0,0,1121,0,0,2,0,2,1,TA,5,Typ,0,None,Attchd,2003.0,RFn,2,440,TA,TA,Y,132,64,0,0,0,0,None,0,3,2010,WD,Normal,False,False,False,True,True
201,201,202,20,75.0,10125,None,Reg,Lvl,AllPub,Inside,Gtl,Mitchel,Norm,Norm,1Fam,1Story,6,6,1977,1977,Gable,CompShg,Plywood,Plywood,None,0.0,TA,TA,CBlock,TA,TA,No,ALQ,641,LwQ,279,276,1196,GasA,TA,SBrkr,1279,0,0,1279,0,1,2,0,3,1,TA,6,Typ,2,Fa,Detchd,1980.0,Unf,2,473,TA,TA,Y,238,83,0,0,0,0,MnPrv,0,2,2008,WD,Normal,False,False,True,False,True
202,202,203,50,50.0,7000,None,Reg,Lvl,AllPub,Corner,Gtl,OldTown,Artery,Norm,1Fam,1.5Fin,6,6,1924,1950,Gable,CompShg,MetalSd,MetalSd,None,0.0,TA,Gd,BrkTil,Fa,TA,No,LwQ,617,Unf,0,0,617,GasA,Gd,SBrkr,865,445,0,1310,0,0,2,0,2,1,TA,6,Min1,0,None,Attchd,1924.0,Unf,1,398,TA,TA,Y,0,0,126,0,0,0,None,0,5,2006,COD,Normal,False,False,True,False,True
203,203,204,120,69.0,4438,None,Reg,Lvl,AllPub,Inside,Gtl,CollgCr,Norm,Norm,TwnhsE,1Story,6,5,2004,2004,Gable,CompShg,VinylSd,VinylSd,BrkFace,205.0,Gd,TA,PConc,Gd,TA,Av,GLQ,662,Unf,0,186,848,GasA,Ex,SBrkr,848,0,0,848,1,0,1,0,1,1,Gd,3,Typ,1,Gd,Attchd,2004.0,RFn,2,420,TA,TA,Y,149,0,0,0,0,0,None,0,1,2008,WD,Normal,False,False,False,True,True
204,204,205,50,50.0,3500,Grvl,Reg,Lvl,AllPub,Inside,Gtl,OldTown,Norm,Norm,1Fam,1.5Fin,5,7,1947,1950,Gable,CompShg,AsbShng,AsbShng,None,0.0,TA,TA,CBlock,TA,TA,No,LwQ,312,Unf,0,408,720,GasA,TA,SBrkr,720,564,0,1284,0,0,1,1,2,1,TA,5,Typ,0,None,Detchd,1948.0,Unf,1,240,TA,TA,Y,0,35,0,0,0,0,MnWw,0,4,2009,WD,Normal,False,False,False,True,True
205,205,206,20,99.0,11851,None,Reg,Lvl,AllPub,Corner,Gtl,Gilbert,Norm,Norm,1Fam,1Story,7,5,1990,1990,Gable,CompShg,HdBoard,HdBoard,None,0.0,TA,TA,PConc,Gd,TA,No,Unf,0,Unf,0,1424,1424,GasA,Ex,SBrkr,1442,0,0,1442,0,0,2,0,3,1,TA,5,Typ,0,None,Attchd,1990.0,RFn,2,500,TA,TA,Y,0,34,0,508,0,0,None,0,5,2009,WD,Normal,False,False,True,False,True
206,206,207,20,40.0,13673,None,IR1,Lvl,AllPub,CulDSac,Gtl,Sawyer,RRAe,Norm,1Fam,1Story,5,5,1962,1962,Gable,CompShg,HdBoard,HdBoard,None,0.0,TA,Gd,CBlock,TA,TA,No,Unf,0,Unf,0,1140,1140,GasA,TA,SBrkr,1696,0,0,1696,0,0,1,1,3,1,TA,8,Min2,1,TA,Attchd,1962.0,RFn,1,349,TA,TA,Y,0,30,0,0,0,0,None,0,3,2007,WD,Normal,False,False,True,False,True
207,207,208,20,69.0,12493,None,IR1,Lvl,AllPub,Inside,Gtl,NAmes,Norm,Norm,1Fam,1Story,4,5,1960,1960,Gable,CompShg,Wd Sdng,Wd Sdng,None,0.0,TA,TA,PConc,TA,TA,No,ALQ,419,Rec,306,375,1100,GasA,TA,SBrkr,1100,0,0,1100,1,0,1,0,3,1,TA,6,Typ,1,Po,Attchd,1960.0,RFn,1,312,TA,TA,Y,355,0,0,0,0,0,GdWo,0,4,2008,WD,Normal,False,False,True,False,True
208,208,209,60,69.0,14364,None,IR1,Low,AllPub,Inside,Mod,SawyerW,Norm,Norm,1Fam,2Story,7,5,1988,1989,Gable,CompShg,Plywood,Plywood,BrkFace,128.0,Gd,TA,CBlock,Gd,TA,Gd,GLQ,1065,Unf,0,92,1157,GasA,Ex,SBrkr,1180,882,0,2062,1,0,2,1,3,1,TA,7,Typ,1,Gd,Attchd,1988.0,Fin,2,454,TA,TA,Y,60,55,0,0,154,0,None,0,4,2007,WD,Normal,False,False,True,False,True
209,209,210,20,75.0,8250,None,Reg,Lvl,AllPub,Inside,Gtl,NAmes,Norm,Norm,1Fam,1Story,6,7,1964,1964,Hip,CompShg,HdBoard,HdBoard,Stone,260.0,TA,TA,CBlock,Gd,TA,No,Rec,787,Unf,0,305,1092,GasA,Ex,SBrkr,1092,0,0,1092,1,0,1,0,3,1,TA,6,Typ,0,None,Attchd,1964.0,RFn,2,504,TA,Gd,Y,0,0,0,0,0,0,MnPrv,0,7,2008,WD,Normal,False,False,True,False,True
210,210,211,30,67.0,5604,None,Reg,Lvl,AllPub,Inside,Gtl,Edwards,Norm,Norm,1Fam,1Story,5,6,1925,1950,Gable,CompShg,Stucco,Stucco,None,0.0,TA,TA,CBlock,TA,TA,No,Rec,468,Unf,0,396,864,GasA,TA,FuseA,864,0,0,864,1,0,1,0,2,1,TA,5,Typ,0,None,None,1980.0,None,0,0,None,None,Y,0,0,96,0,0,0,None,0,4,2008,WD,Normal,False,False,True,False,True
211,211,212,20,83.0,10420,None,Reg,Lvl,AllPub,Corner,Gtl,Edwards,Norm,Norm,1Fam,1Story,6,5,2009,2009,Gable,CompShg,VinylSd,VinylSd,None,0.0,TA,TA,PConc,Gd,TA,Mn,GLQ,36,Unf,0,1176,1212,GasA,Ex,SBrkr,1212,0,0,1212,0,0,2,0,3,1,Gd,6,Typ,0,None,Attchd,2009.0,RFn,2,460,TA,TA,Y,100,22,0,0,0,0,None,0,3,2010,WD,Normal,False,False,True,False,True
212,212,213,60,72.0,8640,None,Reg,Lvl,AllPub,Inside,Gtl,Somerst,Norm,Norm,1Fam,2Story,7,5,2009,2009,Gable,CompShg,VinylSd,VinylSd,None,0.0,TA,TA,PConc,Gd,TA,No,GLQ,822,Unf,0,78,900,GasA,Ex,SBrkr,932,920,0,1852,1,0,2,1,3,1,Gd,7,Typ,1,TA,Attchd,2009.0,RFn,2,644,TA,TA,Y,168,108,0,0,0,0,None,0,7,2009,New,Partial,True,False,False,False,True
213,213,214,20,43.0,13568,None,IR2,Lvl,AllPub,CulDSac,Gtl,CollgCr,Norm,Norm,1Fam,1Story,5,5,1995,1995,Gable,CompShg,VinylSd,VinylSd,None,0.0,TA,TA,PConc,Gd,TA,No,ALQ,716,Unf,0,274,990,GasA,Ex,SBrkr,990,0,0,990,0,1,1,0,3,1,TA,5,Typ,0,None,Attchd,1996.0,Unf,2,576,TA,TA,Y,224,0,0,0,0,0,None,0,7,2006,WD,Normal,False,False,True,False,True
214,214,215,60,69.0,10900,None,IR1,Lvl,AllPub,FR2,Gtl,CollgCr,Norm,Norm,1Fam,2Story,6,7,1977,1977,Gable,CompShg,HdBoard,HdBoard,BrkFace,153.0,TA,TA,CBlock,Gd,TA,No,GLQ,378,Unf,0,311,689,GasA,Ex,SBrkr,689,703,0,1392,0,0,1,1,3,1,TA,6,Typ,0,None,Attchd,1977.0,Fin,1,299,TA,TA,Y,0,36,0,0,0,0,MnPrv,450,3,2010,WD,Normal,False,False,True,False,True
215,215,216,20,72.0,10011,None,IR1,Lvl,AllPub,Inside,Gtl,NAmes,Norm,Norm,1Fam,1Story,5,6,1957,1996,Gable,CompShg,HdBoard,HdBoard,BrkFace,64.0,TA,TA,CBlock,TA,TA,No,BLQ,360,Unf,0,710,1070,GasA,TA,SBrkr,1236,0,0,1236,0,1,1,0,2,1,Gd,6,Min1,1,Fa,Attchd,1957.0,Unf,1,447,TA,TA,Y,0,0,0,0,0,0,MnPrv,0,5,2006,WD,Normal,False,False,True,False,True
216,216,217,20,65.0,8450,None,Reg,Lvl,AllPub,Inside,Gtl,CollgCr,Norm,Norm,1Fam,1Story,7,5,2004,2004,Gable,CompShg,VinylSd,VinylSd,BrkFace,266.0,Gd,TA,PConc,Gd,TA,Mn,GLQ,946,Unf,0,490,1436,GasA,Ex,SBrkr,1436,0,0,1436,1,0,2,0,3,1,Gd,8,Typ,0,None,Attchd,2004.0,Unf,2,484,TA,TA,Y,139,98,0,0,0,0,None,0,4,2008,WD,Normal,False,False,True,False,True
217,217,218,70,57.0,9906,Grvl,Reg,Lvl,AllPub,Inside,Gtl,OldTown,Norm,Norm,1Fam,2Story,4,4,1925,1950,Gable,CompShg,MetalSd,MetalSd,None,0.0,TA,TA,CBlock,TA,TA,No,Unf,0,Unf,0,686,686,GasA,Fa,SBrkr,810,518,0,1328,0,0,1,0,3,1,TA,8,Typ,0,None,Detchd,1940.0,Unf,1,210,TA,TA,Y,0,172,60,0,0,0,None,0,9,2006,WD,Family,False,False,False,True,True
218,218,219,50,69.0,15660,None,IR1,Lvl,AllPub,Corner,Gtl,Crawfor,Norm,Norm,1Fam,1.5Fin,7,9,1939,2006,Gable,CompShg,VinylSd,VinylSd,BrkFace,312.0,Gd,Gd,CBlock,TA,TA,No,BLQ,341,Unf,0,457,798,GasA,Ex,SBrkr,1137,817,0,1954,0,1,1,1,3,1,Gd,8,Typ,2,TA,Attchd,1939.0,Unf,2,431,TA,TA,Y,0,119,150,0,0,0,None,0,5,2008,WD,Normal,False,False,True,False,True
219,219,220,120,43.0,3010,None,Reg,Lvl,AllPub,Inside,Gtl,Blmngtn,Norm,Norm,TwnhsE,1Story,7,5,2005,2006,Gable,CompShg,VinylSd,VinylSd,BrkFace,16.0,Gd,TA,PConc,Gd,TA,Av,GLQ,16,Unf,0,1232,1248,GasA,Ex,SBrkr,1248,0,0,1248,0,0,2,0,2,1,Gd,5,Typ,0,None,Attchd,2005.0,Fin,2,438,TA,TA,Y,108,0,0,0,0,0,None,0,3,2006,New,Partial,False,False,True,False,True
220,220,221,20,73.0,8990,None,IR1,Lvl,AllPub,Inside,Gtl,CollgCr,Norm,Norm,1Fam,1Story,7,5,2006,2006,Gable,CompShg,VinylSd,VinylSd,None,0.0,Gd,TA,PConc,Gd,TA,Mn,Unf,0,Unf,0,1498,1498,GasA,Ex,SBrkr,1498,0,0,1498,0,0,2,0,2,1,Gd,5,Typ,0,None,Attchd,2006.0,RFn,2,675,TA,TA,Y,351,33,0,0,0,0,None,0,4,2006,New,Partial,False,False,True,False,True
221,221,222,60,69.0,8068,None,IR1,Lvl,AllPub,Inside,Gtl,Gilbert,Norm,Norm,1Fam,2Story,6,5,2002,2002,Gable,CompShg,VinylSd,VinylSd,None,0.0,Gd,TA,PConc,Gd,TA,No,Unf,0,Unf,0,1010,1010,GasA,Ex,SBrkr,1010,1257,0,2267,0,0,2,1,4,1,Gd,8,Typ,1,TA,BuiltIn,2002.0,RFn,2,390,TA,TA,Y,120,46,0,0,0,0,None,0,12,2009,ConLI,Normal,False,False,True,False,True
222,222,223,60,85.0,11475,None,Reg,Lvl,AllPub,Inside,Gtl,NWAmes,RRAn,Norm,1Fam,2Story,6,6,1975,1975,Gable,CompShg,VinylSd,VinylSd,None,0.0,TA,TA,CBlock,Gd,TA,No,ALQ,550,Unf,0,163,713,GasA,TA,SBrkr,811,741,0,1552,1,0,2,1,3,1,TA,6,Typ,1,TA,Attchd,1975.0,RFn,2,434,TA,TA,Y,209,208,0,0,0,0,MnPrv,0,2,2006,WD,Normal,False,False,True,False,True
223,223,224,20,70.0,10500,None,Reg,Lvl,AllPub,FR2,Gtl,NAmes,Norm,Norm,1Fam,1Story,4,6,1971,1971,Gable,CompShg,HdBoard,HdBoard,None,0.0,TA,TA,CBlock,TA,TA,No,ALQ,524,LwQ,180,160,864,GasA,Gd,SBrkr,864,0,0,864,0,0,1,0,2,1,TA,4,Typ,0,None,Detchd,1989.0,Unf,2,576,TA,TA,Y,216,0,0,0,0,0,None,0,3,2009,WD,Abnorml,False,False,True,False,True
224,224,225,20,103.0,13472,None,Reg,Lvl,AllPub,Inside,Gtl,NridgHt,Norm,Norm,1Fam,1Story,10,5,2003,2003,Hip,CompShg,VinylSd,VinylSd,BrkFace,922.0,Ex,TA,PConc,Ex,TA,Gd,GLQ,56,Unf,0,2336,2392,GasA,Ex,SBrkr,2392,0,0,2392,0,0,2,0,3,1,Ex,8,Typ,1,Ex,Attchd,2003.0,Fin,3,968,TA,TA,Y,248,105,0,0,0,0,None,0,6,2009,WD,Normal,False,False,True,False,True
225,225,226,160,21.0,1680,None,Reg,Lvl,AllPub,Inside,Gtl,BrDale,Norm,Norm,Twnhs,2Story,5,5,1971,1971,Gable,CompShg,HdBoard,HdBoard,BrkFace,142.0,TA,TA,CBlock,TA,TA,No,Unf,0,Unf,0,630,630,GasA,TA,SBrkr,630,672,0,1302,0,0,2,1,3,1,TA,6,Typ,0,None,Detchd,1991.0,Unf,1,280,TA,TA,Y,0,0,0,0,0,0,None,0,5,2009,COD,Abnorml,False,False,False,True,True
226,226,227,60,82.0,9950,None,IR1,Lvl,AllPub,Inside,Gtl,NoRidge,Norm,Norm,1Fam,2Story,7,5,1995,1995,Gable,CompShg,VinylSd,VinylSd,BrkFace,290.0,Gd,TA,PConc,Gd,TA,No,GLQ,565,Unf,0,638,1203,GasA,Ex,SBrkr,1214,1306,0,2520,0,0,2,1,4,1,Gd,9,Typ,1,TA,Attchd,1995.0,RFn,3,721,TA,TA,Y,224,114,0,0,0,0,None,0,6,2007,WD,Abnorml,False,False,True,False,True
227,227,228,160,21.0,1869,None,Reg,Lvl,AllPub,Inside,Gtl,BrDale,Norm,Norm,Twnhs,2Story,6,6,1970,1970,Gable,CompShg,HdBoard,HdBoard,BrkFace,127.0,TA,TA,CBlock,TA,TA,No,Rec,321,Unf,0,162,483,GasA,TA,SBrkr,483,504,0,987,0,0,1,1,2,1,TA,5,Typ,0,None,Detchd,1987.0,Unf,1,280,TA,TA,Y,0,0,0,0,0,0,None,0,9,2008,WD,Normal,False,False,False,True,True
228,228,229,20,70.0,8521,None,Reg,Lvl,AllPub,FR2,Gtl,Sawyer,Feedr,Norm,1Fam,1Story,5,5,1967,1967,Gable,CompShg,HdBoard,HdBoard,None,0.0,TA,TA,CBlock,TA,TA,No,ALQ,842,Unf,0,70,912,GasA,TA,SBrkr,912,0,0,912,0,0,1,0,3,1,TA,5,Typ,1,Fa,Detchd,1974.0,Unf,1,336,TA,TA,Y,0,0,0,0,0,0,MnPrv,0,5,2010,WD,Normal,False,False,True,False,True
229,229,230,120,43.0,3182,None,Reg,Lvl,AllPub,Inside,Gtl,Blmngtn,Norm,Norm,TwnhsE,1Story,7,5,2005,2006,Gable,CompShg,VinylSd,VinylSd,BrkFace,16.0,Gd,TA,PConc,Gd,TA,Av,GLQ,16,Unf,0,1357,1373,GasA,Ex,SBrkr,1555,0,0,1555,0,0,2,0,2,1,Gd,7,Typ,1,TA,Attchd,2005.0,Fin,2,430,TA,TA,Y,143,20,0,0,0,0,None,0,5,2009,WD,Normal,False,False,True,False,True
230,230,231,20,73.0,8760,None,Reg,Lvl,AllPub,Inside,Gtl,NAmes,Norm,Norm,1Fam,1Story,6,6,1959,1959,Hip,CompShg,MetalSd,MetalSd,BrkFace,220.0,TA,TA,CBlock,TA,TA,No,Unf,0,Unf,0,1194,1194,GasA,TA,SBrkr,1194,0,0,1194,1,0,1,0,3,1,TA,6,Typ,0,None,Attchd,1959.0,RFn,1,312,TA,TA,Y,0,0,120,0,0,0,None,0,4,2010,WD,Normal,False,False,True,False,True
231,231,232,60,174.0,15138,None,IR1,Lvl,AllPub,Inside,Gtl,NoRidge,Norm,Norm,1Fam,2Story,8,5,1995,1996,Gable,CompShg,VinylSd,VinylSd,BrkFace,506.0,Gd,TA,PConc,Gd,TA,No,GLQ,689,Unf,0,773,1462,GasA,Ex,SBrkr,1490,1304,0,2794,1,0,2,1,4,1,Ex,9,Typ,1,TA,Attchd,1995.0,Fin,3,810,TA,TA,Y,0,146,202,0,0,0,None,0,7,2009,WD,Normal,False,False,True,False,True
232,232,233,160,21.0,1680,None,Reg,Lvl,AllPub,Inside,Gtl,BrDale,Norm,Norm,Twnhs,2Story,6,5,1972,1972,Gable,CompShg,HdBoard,HdBoard,BrkFace,297.0,TA,TA,CBlock,TA,TA,No,Unf,0,Unf,0,483,483,GasA,TA,SBrkr,483,504,0,987,0,0,1,1,2,1,TA,5,Typ,1,Po,Attchd,1972.0,Unf,1,288,TA,TA,Y,0,0,0,0,0,0,None,0,6,2006,WD,Normal,False,False,False,True,True
233,233,234,20,75.0,10650,None,Reg,Lvl,AllPub,Corner,Gtl,CollgCr,Norm,Norm,1Fam,1Story,5,6,1976,1976,Gable,CompShg,HdBoard,HdBoard,None,0.0,TA,TA,CBlock,TA,Gd,Av,LwQ,182,ALQ,712,0,894,GasA,TA,SBrkr,894,0,0,894,1,0,1,0,3,1,TA,5,Typ,0,None,Attchd,1976.0,Unf,1,308,TA,TA,Y,365,0,0,0,0,0,MnPrv,0,2,2010,WD,Normal,False,False,True,False,True
234,234,235,60,69.0,7851,None,Reg,Lvl,AllPub,Inside,Gtl,Gilbert,Norm,Norm,1Fam,2Story,6,5,2002,2002,Gable,CompShg,VinylSd,VinylSd,None,0.0,Gd,TA,PConc,Gd,TA,No,GLQ,625,Unf,0,235,860,GasA,Ex,SBrkr,860,1100,0,1960,1,0,2,1,4,1,Gd,8,Typ,2,TA,BuiltIn,2002.0,Fin,2,440,TA,TA,Y,288,48,0,0,0,0,None,0,5,2010,WD,Normal,False,False,True,False,True
235,235,236,160,21.0,1680,None,Reg,Lvl,AllPub,Inside,Gtl,BrDale,Norm,Norm,TwnhsE,2Story,6,3,1971,1971,Gable,CompShg,HdBoard,HdBoard,BrkFace,604.0,TA,TA,CBlock,TA,TA,No,ALQ,358,Unf,0,125,483,GasA,TA,SBrkr,483,504,0,987,0,0,1,1,2,1,TA,5,Typ,0,None,Detchd,1971.0,Unf,1,264,TA,TA,Y,0,0,0,0,0,0,None,0,8,2008,WD,Normal,False,False,False,True,True
236,236,237,20,65.0,8773,None,Reg,Lvl,AllPub,FR2,Gtl,CollgCr,Norm,Norm,1Fam,1Story,7,5,2004,2004,Gable,CompShg,VinylSd,VinylSd,BrkFace,98.0,Gd,TA,PConc,Gd,TA,Av,GLQ,24,Unf,0,1390,1414,GasA,Ex,SBrkr,1414,0,0,1414,0,0,2,0,3,1,Gd,6,Typ,0,None,Attchd,2004.0,RFn,2,494,TA,TA,Y,132,105,0,0,0,0,None,0,5,2010,WD,Normal,False,False,True,False,True
237,237,238,60,69.0,9453,None,IR1,Lvl,AllPub,CulDSac,Gtl,SawyerW,RRNe,Norm,1Fam,2Story,7,7,1993,2003,Gable,CompShg,HdBoard,HdBoard,None,0.0,Gd,TA,PConc,Gd,TA,No,BLQ,402,Unf,0,594,996,GasA,Ex,SBrkr,1014,730,0,1744,0,0,2,1,3,1,Gd,7,Typ,0,None,Attchd,1993.0,RFn,2,457,TA,TA,Y,370,70,0,238,0,0,None,0,2,2010,WD,Normal,False,False,True,False,True
238,238,239,20,93.0,12030,None,Reg,Lvl,AllPub,Inside,Gtl,NridgHt,Norm,Norm,1Fam,1Story,8,5,2007,2007,Hip,CompShg,VinylSd,VinylSd,BrkFace,254.0,Ex,TA,PConc,Ex,TA,No,Unf,0,Unf,0,1694,1694,GasA,Ex,SBrkr,1694,0,0,1694,0,0,2,0,3,1,Gd,7,Typ,0,None,Attchd,2007.0,Fin,3,818,TA,TA,Y,168,228,0,0,0,0,None,0,12,2007,New,Partial,False,False,True,False,True
239,239,240,50,52.0,8741,None,Reg,Lvl,AllPub,Inside,Gtl,Edwards,Norm,Norm,1Fam,1.5Fin,6,4,1945,1950,Gable,CompShg,VinylSd,VinylSd,None,0.0,TA,TA,CBlock,TA,Fa,No,LwQ,94,Unf,0,641,735,GasA,TA,FuseA,798,689,0,1487,0,0,1,1,3,1,TA,7,Typ,1,Gd,Detchd,1949.0,Unf,1,220,TA,TA,Y,0,140,0,0,0,0,MnPrv,0,4,2010,WD,Normal,False,False,True,False,True
240,240,241,20,75.0,9000,None,Reg,Lvl,AllPub,Inside,Gtl,Somerst,Norm,Norm,1Fam,1Story,8,5,2008,2008,Gable,CompShg,VinylSd,VinylSd,Stone,36.0,Gd,TA,PConc,Gd,TA,Av,GLQ,1078,Unf,0,488,1566,GasA,Ex,SBrkr,1566,0,0,1566,1,0,2,0,3,1,Gd,7,Typ,0,None,Attchd,2008.0,RFn,2,750,TA,TA,Y,144,168,0,0,0,0,None,0,4,2010,WD,Normal,True,False,False,False,True
241,241,242,30,40.0,3880,None,Reg,Lvl,AllPub,Inside,Gtl,OldTown,Norm,Norm,1Fam,1Story,5,9,1945,1997,Gable,CompShg,VinylSd,VinylSd,None,0.0,TA,Gd,CBlock,TA,TA,No,ALQ,329,Unf,0,357,686,GasA,Gd,SBrkr,866,0,0,866,0,0,1,0,2,1,Gd,4,Typ,0,None,None,1980.0,None,0,0,None,None,Y,58,42,0,0,0,0,None,0,8,2007,WD,Normal,False,False,False,True,True
242,242,243,50,63.0,5000,None,Reg,Lvl,AllPub,Corner,Gtl,OldTown,Norm,Norm,1Fam,1.5Fin,5,4,1900,1950,Gable,CompShg,Wd Sdng,Wd Sdng,None,0.0,TA,TA,BrkTil,TA,TA,No,Unf,0,Unf,0,540,540,GasA,Gd,FuseA,889,551,0,1440,0,0,1,0,3,1,TA,6,Typ,0,None,Attchd,1940.0,Unf,1,352,Fa,TA,Y,0,0,77,0,0,0,None,0,4,2006,WD,Normal,False,False,False,True,True
243,243,244,160,75.0,10762,None,Reg,Lvl,AllPub,Corner,Gtl,SawyerW,Norm,Norm,TwnhsE,2Story,6,6,1980,1980,Gable,CompShg,Plywood,Plywood,None,0.0,TA,TA,CBlock,Gd,TA,No,Unf,0,Unf,0,626,626,GasA,TA,SBrkr,626,591,0,1217,0,0,1,1,3,1,TA,6,Typ,1,TA,Attchd,1980.0,RFn,1,288,TA,TA,Y,0,28,0,0,0,0,None,0,4,2009,WD,Normal,False,False,True,False,True
244,244,245,60,69.0,8880,None,IR1,Lvl,AllPub,Inside,Gtl,SawyerW,Norm,Norm,1Fam,2Story,7,5,1994,2002,Gable,CompShg,VinylSd,VinylSd,None,0.0,Gd,TA,PConc,Gd,TA,No,GLQ,695,Unf,0,253,948,GasA,Ex,SBrkr,1222,888,0,2110,1,0,2,1,3,1,Gd,8,Typ,2,Fa,Attchd,1994.0,RFn,2,463,TA,TA,Y,0,130,0,0,0,0,None,0,5,2010,WD,Normal,False,False,True,False,True
245,245,246,20,80.0,10400,None,Reg,Lvl,AllPub,Inside,Gtl,NWAmes,Norm,Norm,1Fam,1Story,7,5,1988,1988,Gable,CompShg,Wd Sdng,Wd Sdng,BrkFace,102.0,TA,TA,CBlock,Gd,TA,Av,GLQ,929,Unf,0,916,1845,GasA,Gd,SBrkr,1872,0,0,1872,0,1,2,0,3,1,TA,6,Typ,1,TA,Attchd,1988.0,Fin,2,604,TA,TA,Y,197,39,0,0,0,0,None,0,6,2006,WD,Normal,False,False,True,False,True
246,246,247,190,69.0,9142,Grvl,Reg,Lvl,AllPub,Inside,Gtl,OldTown,Norm,Norm,2fmCon,2Story,6,8,1910,1950,Gable,CompShg,AsbShng,AsbShng,None,0.0,TA,Fa,Stone,Fa,TA,No,Unf,0,Unf,0,1020,1020,GasA,Gd,FuseP,908,1020,0,1928,0,0,2,0,4,2,Fa,9,Typ,0,None,Detchd,1910.0,Unf,1,440,Po,Po,Y,0,60,112,0,0,0,None,0,4,2006,WD,Normal,False,False,False,True,True
247,247,248,20,75.0,11310,None,Reg,Lvl,AllPub,Inside,Gtl,NAmes,Norm,Norm,1Fam,1Story,6,5,1954,1954,Hip,CompShg,Wd Sdng,BrkFace,None,0.0,TA,TA,CBlock,TA,TA,No,Unf,0,Unf,0,1367,1367,GasA,Ex,SBrkr,1375,0,0,1375,0,0,1,0,2,1,TA,5,Typ,1,TA,Attchd,1954.0,Unf,2,451,TA,TA,Y,0,30,0,0,0,0,None,0,6,2006,WD,Normal,False,False,True,False,True
248,248,249,60,72.0,11317,None,Reg,Lvl,AllPub,Inside,Gtl,CollgCr,Norm,Norm,1Fam,2Story,7,5,2003,2003,Gable,CompShg,VinylSd,VinylSd,BrkFace,101.0,Gd,TA,PConc,Gd,TA,No,Unf,0,Unf,0,840,840,GasA,Ex,SBrkr,840,828,0,1668,0,0,2,1,3,1,Gd,8,Typ,0,None,Attchd,2003.0,RFn,2,500,TA,TA,Y,144,68,0,0,0,0,None,0,9,2007,WD,Normal,False,False,True,False,True
249,249,250,50,69.0,159000,None,IR2,Low,AllPub,CulDSac,Sev,ClearCr,Norm,Norm,1Fam,1.5Fin,6,7,1958,2006,Gable,CompShg,Wd Sdng,HdBoard,BrkCmn,472.0,Gd,TA,CBlock,Gd,TA,Gd,Rec,697,Unf,0,747,1444,GasA,Gd,SBrkr,1444,700,0,2144,0,1,2,0,4,1,Gd,7,Typ,2,TA,Attchd,1958.0,Fin,2,389,TA,TA,Y,0,98,0,0,0,0,None,500,6,2007,WD,Normal,False,False,True,False,True
250,250,251,30,55.0,5350,None,IR1,Lvl,AllPub,Inside,Gtl,BrkSide,Norm,Norm,1Fam,1Story,3,2,1940,1966,Gable,CompShg,Wd Sdng,Plywood,None,0.0,TA,Po,CBlock,TA,TA,No,Unf,0,Unf,0,728,728,GasA,Ex,SBrkr,1306,0,0,1306,0,0,1,0,3,1,Fa,6,Mod,0,None,None,1980.0,None,0,0,None,None,Y,263,0,0,0,0,0,GdWo,450,5,2010,WD,Normal,False,False,True,False,True
251,251,252,120,44.0,4750,None,IR1,HLS,AllPub,Inside,Mod,Crawfor,Norm,Norm,TwnhsE,1Story,8,5,2006,2007,Hip,CompShg,VinylSd,VinylSd,Stone,481.0,Gd,TA,PConc,Gd,TA,Gd,GLQ,1573,Unf,0,0,1573,GasA,Ex,SBrkr,1625,0,0,1625,1,1,2,0,2,1,Gd,5,Typ,1,Gd,Attchd,2006.0,Fin,2,538,TA,TA,Y,123,0,0,0,153,0,None,0,12,2007,WD,Family,False,False,False,True,True
252,252,253,60,65.0,8366,None,IR1,Lvl,AllPub,Inside,Gtl,SawyerW,Norm,Norm,1Fam,2Story,6,5,2004,2004,Gable,CompShg,VinylSd,VinylSd,None,0.0,Gd,TA,PConc,Gd,TA,No,Unf,0,Unf,0,798,798,GasA,Ex,SBrkr,798,842,0,1640,0,0,2,1,3,1,Gd,6,Typ,0,None,Attchd,2004.0,RFn,2,520,TA,TA,Y,138,45,0,0,0,0,None,0,12,2008,WD,Normal,False,False,True,False,True
253,253,254,80,85.0,9350,None,Reg,Lvl,AllPub,Inside,Gtl,NAmes,Norm,Norm,1Fam,SLvl,6,7,1964,1991,Hip,CompShg,HdBoard,HdBoard,BrkFace,108.0,TA,TA,CBlock,Gd,TA,Gd,LwQ,270,ALQ,580,452,1302,GasA,Ex,SBrkr,1302,0,0,1302,0,1,2,0,3,1,Gd,7,Min1,0,None,Attchd,1964.0,RFn,1,309,TA,TA,Y,333,0,0,0,0,0,MnPrv,0,10,2007,CWD,Normal,False,False,True,False,True
254,254,255,20,70.0,8400,None,Reg,Lvl,AllPub,Inside,Gtl,NAmes,Norm,Norm,1Fam,1Story,5,6,1957,1957,Gable,CompShg,MetalSd,MetalSd,None,0.0,TA,Gd,CBlock,TA,TA,No,Rec,922,Unf,0,392,1314,GasA,TA,SBrkr,1314,0,0,1314,1,0,1,0,3,1,TA,5,Typ,0,None,Attchd,1957.0,RFn,1,294,TA,TA,Y,250,0,0,0,0,0,None,0,6,2010,WD,Normal,False,False,True,False,True
255,255,256,60,66.0,8738,None,IR1,Lvl,AllPub,Inside,Gtl,Gilbert,Norm,Norm,1Fam,2Story,7,5,1999,1999,Gable,CompShg,VinylSd,VinylSd,BrkFace,302.0,Gd,TA,PConc,Gd,TA,No,Unf,0,Unf,0,975,975,GasA,Ex,SBrkr,1005,1286,0,2291,0,0,2,1,4,1,Gd,8,Typ,1,TA,BuiltIn,1999.0,Fin,2,429,TA,TA,Y,192,0,0,0,0,0,None,0,2,2006,WD,Normal,False,False,True,False,True
256,256,257,60,64.0,8791,None,IR1,Lvl,AllPub,Inside,Gtl,Somerst,Norm,Norm,1Fam,2Story,6,5,2003,2003,Gable,CompShg,VinylSd,VinylSd,None,0.0,Gd,TA,PConc,Gd,TA,No,Rec,503,Unf,0,361,864,GasA,Ex,SBrkr,864,864,0,1728,0,0,2,1,3,1,Gd,7,Typ,0,None,Attchd,2003.0,RFn,2,673,TA,TA,Y,216,56,0,0,0,0,None,0,5,2008,WD,Normal,True,False,False,False,True
257,257,258,20,68.0,8814,None,Reg,Lvl,AllPub,Inside,Gtl,CollgCr,Norm,Norm,1Fam,1Story,7,5,2006,2006,Gable,CompShg,VinylSd,VinylSd,Stone,180.0,Gd,TA,PConc,Gd,TA,No,GLQ,1334,Unf,0,270,1604,GasA,Ex,SBrkr,1604,0,0,1604,1,0,2,1,3,1,Gd,8,Typ,1,Gd,Attchd,2006.0,RFn,2,660,TA,TA,Y,123,110,0,0,0,0,None,0,3,2009,WD,Abnorml,False,False,True,False,True
258,258,259,60,80.0,12435,None,Reg,Lvl,AllPub,Inside,Gtl,CollgCr,Norm,Norm,1Fam,2Story,7,5,2001,2001,Gable,CompShg,VinylSd,VinylSd,BrkFace,172.0,Gd,TA,PConc,Gd,TA,No,GLQ,361,Unf,0,602,963,GasA,Ex,SBrkr,963,829,0,1792,0,0,2,1,3,1,Gd,7,Typ,1,TA,Attchd,2001.0,RFn,2,564,TA,TA,Y,0,96,0,245,0,0,None,0,5,2008,WD,Normal,False,False,True,False,True
259,259,260,20,70.0,12702,None,Reg,Lvl,AllPub,Inside,Gtl,OldTown,Norm,Norm,1Fam,1Story,5,5,1956,1956,Gable,CompShg,BrkFace,BrkFace,None,0.0,TA,TA,PConc,None,None,None,None,0,None,0,0,0,GasA,Gd,FuseA,882,0,0,882,0,0,1,0,2,1,TA,4,Typ,0,None,Detchd,1956.0,Unf,1,308,TA,TA,Y,0,45,0,0,0,0,None,0,12,2008,WD,Normal,False,False,False,True,True
260,260,261,80,120.0,19296,None,Reg,Lvl,AllPub,Corner,Gtl,NAmes,Artery,Norm,1Fam,SLvl,6,5,1962,1962,Gable,CompShg,Wd Sdng,Wd Sdng,BrkFace,399.0,TA,TA,CBlock,TA,TA,Gd,Rec,672,ALQ,690,0,1362,GasA,TA,SBrkr,1382,0,0,1382,1,0,1,0,3,1,TA,6,Typ,1,TA,Attchd,1991.0,Unf,2,884,TA,TA,Y,0,0,252,0,0,0,GdWo,0,5,2009,WD,Normal,False,False,True,False,True
261,261,262,60,69.0,9588,None,IR1,Lvl,AllPub,Inside,Gtl,CollgCr,Norm,Norm,1Fam,2Story,8,5,2007,2007,Gable,CompShg,CemntBd,CmentBd,Stone,270.0,Gd,TA,PConc,Ex,TA,No,Unf,0,Unf,0,1482,1482,GasA,Ex,SBrkr,1482,1092,0,2574,0,0,2,1,3,1,Ex,10,Typ,1,Gd,BuiltIn,2007.0,Fin,3,868,TA,TA,Y,0,148,0,0,0,0,None,0,11,2007,New,Partial,False,False,True,False,True
262,262,263,80,88.0,8471,None,IR1,Lvl,AllPub,Corner,Gtl,Sawyer,Norm,Norm,1Fam,SLvl,6,7,1977,1995,Gable,CompShg,HdBoard,Plywood,BrkFace,46.0,TA,TA,CBlock,Gd,Gd,Av,ALQ,506,Unf,0,0,506,GasA,TA,SBrkr,1212,0,0,1212,1,0,1,0,3,1,TA,6,Typ,1,TA,Attchd,1978.0,Unf,2,492,TA,TA,Y,292,12,0,0,0,0,GdWo,0,7,2006,WD,Normal,False,False,True,False,True
263,263,264,50,50.0,5500,None,Reg,Lvl,AllPub,Corner,Gtl,OldTown,Norm,Norm,1Fam,1.5Fin,5,7,1929,2001,Gable,CompShg,Wd Sdng,Wd Sdng,None,0.0,TA,TA,BrkTil,TA,TA,No,LwQ,234,ALQ,692,0,926,GasA,TA,SBrkr,926,0,390,1316,1,0,1,0,3,1,TA,6,Typ,0,None,Detchd,1974.0,Unf,2,484,TA,TA,Y,0,0,0,0,0,0,None,0,4,2010,WD,Normal,False,False,False,True,True
264,264,265,30,30.0,5232,Grvl,IR3,Bnk,AllPub,Inside,Gtl,OldTown,Artery,Norm,1Fam,1Story,5,5,1925,2004,Gable,CompShg,Wd Sdng,Wd Sdng,None,0.0,TA,TA,BrkTil,Fa,TA,No,Unf,0,Unf,0,680,680,GasA,Gd,FuseP,764,0,0,764,0,0,1,0,2,1,TA,4,Typ,0,None,Detchd,1965.0,Unf,2,504,TA,TA,N,0,0,0,0,0,0,None,0,6,2008,WD,Normal,False,False,False,True,True
265,265,266,20,78.0,12090,None,IR1,Lvl,AllPub,Inside,Gtl,NWAmes,Norm,Norm,1Fam,1Story,6,6,1981,1981,Gable,CompShg,MetalSd,MetalSd,BrkFace,210.0,TA,Gd,CBlock,Gd,TA,No,GLQ,588,LwQ,228,606,1422,GasA,TA,SBrkr,1422,0,0,1422,0,0,2,0,3,1,Gd,7,Typ,1,TA,Attchd,1981.0,Fin,2,576,TA,TA,Y,276,0,0,0,0,0,GdPrv,0,6,2008,WD,Normal,False,False,True,False,True
266,266,267,60,70.0,11207,None,IR1,HLS,AllPub,FR2,Gtl,Gilbert,Norm,Norm,1Fam,2Story,6,5,1997,1997,Gable,CompShg,VinylSd,VinylSd,None,0.0,TA,TA,PConc,Gd,TA,Av,GLQ,714,Unf,0,88,802,GasA,Gd,SBrkr,802,709,0,1511,1,0,2,1,3,1,TA,8,Typ,1,TA,Attchd,1997.0,Fin,2,413,TA,TA,Y,95,75,0,0,0,0,None,0,6,2006,WD,Normal,False,False,True,False,True
267,267,268,75,60.0,8400,None,Reg,Bnk,AllPub,Inside,Mod,SWISU,Norm,Norm,1Fam,2.5Fin,5,8,1939,1997,Gable,CompShg,Wd Sdng,Wd Sdng,None,0.0,TA,TA,PConc,TA,TA,No,LwQ,378,Unf,0,342,720,GasA,Ex,SBrkr,1052,720,420,2192,0,0,2,1,4,1,Gd,8,Typ,1,Gd,Detchd,1939.0,Unf,1,240,TA,TA,Y,262,24,0,0,0,0,None,0,7,2008,WD,Normal,False,False,True,False,True
268,268,269,30,71.0,6900,None,Reg,Lvl,AllPub,Inside,Gtl,IDOTRR,Norm,Norm,1Fam,1Story,5,6,1940,1955,Gable,CompShg,VinylSd,VinylSd,None,0.0,TA,TA,CBlock,TA,TA,No,ALQ,403,Rec,125,212,740,GasA,Ex,SBrkr,778,0,0,778,0,0,1,0,2,1,TA,4,Typ,1,Gd,Detchd,1966.0,Fin,1,924,Ex,Ex,Y,0,25,0,0,0,0,None,0,2,2008,WD,Normal,False,False,False,True,True
269,269,270,20,69.0,7917,None,IR1,Lvl,AllPub,Corner,Gtl,Edwards,Norm,Norm,1Fam,1Story,6,7,1976,1976,Hip,CompShg,HdBoard,HdBoard,BrkFace,174.0,TA,Gd,CBlock,TA,Gd,No,BLQ,751,Unf,0,392,1143,GasA,TA,SBrkr,1113,0,0,1113,1,0,1,1,3,1,TA,6,Typ,1,Fa,Attchd,1987.0,RFn,1,504,TA,Gd,Y,370,30,0,0,0,0,GdPrv,0,5,2007,WD,Normal,False,False,True,False,True
270,270,271,60,84.0,10728,None,Reg,Lvl,AllPub,Inside,Gtl,Somerst,Norm,Norm,1Fam,2Story,8,5,2006,2006,Gable,CompShg,VinylSd,VinylSd,None,0.0,Gd,TA,PConc,Gd,TA,Mn,Unf,0,Unf,0,1095,1095,GasA,Gd,SBrkr,1095,844,0,1939,0,0,2,1,3,1,Gd,8,Typ,1,Gd,Attchd,2006.0,RFn,3,1053,TA,TA,Y,192,51,0,0,0,0,None,0,8,2006,New,Partial,True,False,False,False,True
271,271,272,20,73.0,39104,None,IR1,Low,AllPub,CulDSac,Sev,ClearCr,Norm,Norm,1Fam,1Story,7,7,1954,2005,Flat,Membran,Plywood,Plywood,None,0.0,TA,TA,CBlock,Gd,TA,Gd,LwQ,226,GLQ,1063,96,1385,GasA,Ex,SBrkr,1363,0,0,1363,1,0,1,0,2,1,TA,5,Mod,2,TA,Attchd,1954.0,Unf,2,439,TA,TA,Y,81,0,0,0,0,0,None,0,4,2008,WD,Normal,False,False,True,False,True
272,272,273,60,92.0,11764,None,IR1,Lvl,AllPub,CulDSac,Gtl,NoRidge,Norm,Norm,1Fam,2Story,8,7,1999,2007,Gable,CompShg,VinylSd,VinylSd,BrkFace,348.0,Gd,TA,PConc,Gd,TA,No,GLQ,524,Unf,0,628,1152,GasA,Ex,SBrkr,1164,1106,0,2270,0,0,2,1,4,1,Gd,9,Typ,1,Gd,Attchd,1999.0,Fin,3,671,TA,TA,Y,132,57,0,0,0,0,None,0,4,2010,WD,Normal,False,False,True,False,True
273,273,274,20,80.0,9600,None,Reg,Lvl,AllPub,Inside,Gtl,NAmes,Feedr,Norm,1Fam,1Story,6,6,1958,1988,Hip,CompShg,Wd Sdng,Wd Sdng,BrkCmn,183.0,TA,TA,CBlock,TA,TA,No,Rec,620,LwQ,620,0,1240,GasA,Gd,SBrkr,1632,0,0,1632,1,0,2,0,3,1,TA,6,Min1,1,Gd,Attchd,1958.0,RFn,1,338,TA,TA,Y,289,0,0,0,0,0,MnPrv,0,4,2009,WD,Normal,False,False,True,False,True
274,274,275,20,76.0,8314,None,Reg,Lvl,AllPub,Corner,Gtl,Mitchel,Norm,Norm,1Fam,1Story,5,7,1982,1982,Gable,CompShg,HdBoard,ImStucc,None,0.0,TA,TA,CBlock,TA,TA,Gd,ALQ,546,Unf,0,270,816,GasA,TA,SBrkr,816,0,0,816,0,0,1,0,2,1,TA,5,Typ,0,None,Attchd,1982.0,Unf,1,264,TA,TA,Y,168,0,0,0,0,0,None,0,6,2007,WD,Normal,False,False,True,False,True
275,275,276,50,55.0,7264,None,Reg,Lvl,AllPub,Inside,Gtl,BrkSide,Norm,Norm,1Fam,1.5Fin,7,7,1925,2007,Gable,CompShg,Wd Sdng,Wd Sdng,None,0.0,Gd,Gd,BrkTil,TA,TA,No,Unf,0,Unf,0,952,952,GasW,Gd,SBrkr,952,596,0,1548,0,0,2,1,3,1,Ex,5,Typ,0,None,Detchd,1978.0,Unf,2,672,TA,TA,Y,74,0,0,0,144,0,None,0,10,2009,WD,Normal,False,False,True,False,True
276,276,277,20,129.0,9196,None,IR1,Lvl,AllPub,Inside,Gtl,Mitchel,Norm,Norm,1Fam,1Story,7,5,2003,2003,Gable,CompShg,VinylSd,VinylSd,None,0.0,Gd,TA,PConc,Ex,TA,No,Unf,0,Unf,0,1560,1560,GasA,Ex,SBrkr,1560,0,0,1560,0,0,2,0,3,1,Gd,7,Typ,0,None,Attchd,2003.0,Fin,2,573,TA,TA,Y,100,150,0,0,0,0,None,0,4,2010,WD,Normal,False,False,True,False,True
277,277,278,20,140.0,19138,None,Reg,Lvl,AllPub,Corner,Gtl,Gilbert,Norm,Norm,1Fam,1Story,4,5,1951,1951,Gable,CompShg,VinylSd,VinylSd,None,0.0,TA,TA,CBlock,TA,TA,No,LwQ,120,Unf,0,744,864,GasA,Ex,SBrkr,864,0,0,864,0,0,1,0,2,1,TA,4,Typ,0,None,Detchd,1951.0,Unf,2,400,TA,TA,Y,0,0,0,0,0,0,None,0,6,2010,WD,Normal,False,False,True,False,True
278,278,279,20,107.0,14450,None,Reg,Lvl,AllPub,Inside,Gtl,NridgHt,Norm,Norm,1Fam,1Story,9,5,2006,2007,Gable,CompShg,CemntBd,CmentBd,BrkFace,315.0,Ex,TA,PConc,Ex,TA,Gd,Unf,0,Unf,0,2121,2121,GasA,Ex,SBrkr,2121,0,0,2121,0,0,2,1,3,1,Ex,8,Typ,1,Ex,Attchd,2007.0,Fin,3,732,TA,TA,Y,124,98,0,0,142,0,None,0,5,2007,New,Partial,False,False,True,False,True
279,279,280,60,83.0,10005,None,Reg,Lvl,AllPub,Inside,Gtl,ClearCr,Norm,Norm,1Fam,2Story,7,5,1977,1977,Hip,CompShg,Plywood,Plywood,BrkFace,299.0,TA,TA,CBlock,Gd,TA,No,BLQ,392,Unf,0,768,1160,GasA,Ex,SBrkr,1156,866,0,2022,0,0,2,1,4,1,TA,8,Typ,1,TA,Attchd,1977.0,Fin,2,505,TA,TA,Y,288,117,0,0,0,0,None,0,3,2008,WD,Normal,False,False,True,False,True
280,280,281,60,82.0,11287,None,Reg,Lvl,AllPub,Inside,Gtl,SawyerW,Norm,Norm,1Fam,2Story,7,6,1989,1989,Gable,CompShg,Plywood,Plywood,BrkFace,340.0,Gd,TA,CBlock,Gd,TA,Av,GLQ,421,Unf,0,386,807,GasA,Gd,SBrkr,1175,807,0,1982,0,0,2,1,3,1,Gd,7,Typ,1,TA,Attchd,1989.0,Fin,2,575,TA,TA,Y,0,84,0,196,0,0,None,0,1,2007,WD,Normal,False,False,True,False,True
281,281,282,20,60.0,7200,Pave,Reg,Lvl,AllPub,Inside,Gtl,Somerst,Norm,Norm,1Fam,1Story,6,5,2006,2006,Gable,CompShg,VinylSd,VinylSd,Stone,68.0,Gd,TA,PConc,Gd,TA,No,GLQ,905,Unf,0,357,1262,GasA,Gd,SBrkr,1262,0,0,1262,0,0,2,0,2,1,Gd,5,Typ,0,None,Attchd,2006.0,Fin,2,572,TA,TA,Y,0,120,0,0,0,0,None,0,5,2006,New,Partial,True,False,False,False,True
282,282,283,120,34.0,5063,None,Reg,Lvl,AllPub,Inside,Gtl,NridgHt,Norm,Norm,Twnhs,1Story,7,5,2007,2008,Gable,CompShg,VinylSd,VinylSd,Stone,166.0,Gd,TA,PConc,Gd,TA,No,GLQ,904,Unf,0,410,1314,GasA,Ex,SBrkr,1314,0,0,1314,1,0,2,0,2,1,Gd,6,Typ,1,Gd,Attchd,2008.0,RFn,2,626,TA,TA,Y,172,62,0,0,0,0,None,0,4,2009,ConLw,Normal,False,False,True,False,True
283,283,284,20,74.0,9612,None,Reg,Lvl,AllPub,Inside,Gtl,Somerst,Feedr,Norm,1Fam,1Story,8,5,2008,2009,Gable,CompShg,VinylSd,VinylSd,Stone,72.0,Gd,TA,PConc,Gd,TA,No,Unf,0,Unf,0,1468,1468,GasA,Ex,SBrkr,1468,0,0,1468,0,0,2,0,3,1,Gd,6,Typ,1,Gd,Attchd,2008.0,Fin,3,898,TA,TA,Y,210,150,0,0,0,0,None,0,12,2009,New,Partial,False,False,True,False,True
284,284,285,120,50.0,8012,None,Reg,Lvl,AllPub,Inside,Gtl,SawyerW,Norm,Norm,TwnhsE,1Story,6,5,1992,1992,Gable,CompShg,Plywood,ImStucc,None,0.0,Gd,TA,PConc,Gd,TA,No,GLQ,430,Unf,0,1145,1575,GasA,Gd,SBrkr,1575,0,0,1575,1,0,2,0,2,1,Gd,5,Typ,0,None,Attchd,1992.0,RFn,2,529,TA,TA,Y,0,0,52,0,0,0,None,0,7,2007,WD,Normal,False,False,True,False,True
285,285,286,160,35.0,4251,Pave,IR1,Lvl,AllPub,Inside,Gtl,Somerst,Norm,Norm,TwnhsE,2Story,7,5,2006,2007,Gable,CompShg,MetalSd,MetalSd,None,0.0,Gd,TA,PConc,Gd,TA,No,Unf,0,Unf,0,625,625,GasA,Ex,SBrkr,625,625,0,1250,0,0,2,1,2,1,Gd,5,Typ,0,None,Detchd,2006.0,RFn,2,528,TA,TA,Y,0,54,0,0,0,0,None,0,6,2007,New,Partial,True,False,False,False,True
286,286,287,50,77.0,9786,None,IR1,Bnk,AllPub,Inside,Gtl,NAmes,Norm,Norm,1Fam,1.5Fin,6,7,1962,1981,Gable,CompShg,Wd Sdng,Wd Sdng,None,0.0,TA,TA,CBlock,TA,TA,No,Rec,600,Unf,0,312,912,GasA,TA,SBrkr,1085,649,0,1734,0,0,1,1,3,1,Gd,7,Typ,1,Gd,Attchd,1962.0,RFn,2,440,TA,TA,Y,0,0,0,0,128,0,GdPrv,0,6,2006,WD,Normal,False,False,True,False,True
287,287,288,20,69.0,8125,None,IR1,Lvl,AllPub,Corner,Gtl,NAmes,Norm,Norm,1Fam,1Story,4,4,1971,1971,Gable,CompShg,HdBoard,HdBoard,None,0.0,TA,TA,CBlock,TA,TA,No,BLQ,614,Unf,0,244,858,GasA,TA,SBrkr,858,0,0,858,0,0,1,0,3,1,TA,5,Typ,0,None,None,1980.0,None,0,0,None,None,Y,0,0,0,0,0,0,None,0,6,2006,WD,Normal,False,False,True,False,True
288,288,289,20,69.0,9819,None,IR1,Lvl,AllPub,Inside,Gtl,Sawyer,Norm,Norm,1Fam,1Story,5,5,1967,1967,Gable,CompShg,MetalSd,MetalSd,BrkFace,31.0,TA,Gd,CBlock,TA,TA,No,BLQ,450,Unf,0,432,882,GasA,TA,SBrkr,900,0,0,900,0,0,1,0,3,1,TA,5,Typ,0,None,Detchd,1970.0,Unf,1,280,TA,TA,Y,0,0,0,0,0,0,MnPrv,0,2,2010,WD,Normal,False,False,True,False,True
289,289,290,70,60.0,8730,None,Reg,Lvl,AllPub,Inside,Gtl,BrkSide,RRAn,Norm,1Fam,2Story,6,7,1915,2003,Gable,CompShg,Wd Sdng,Wd Sdng,None,0.0,TA,TA,BrkTil,TA,TA,No,Unf,0,Unf,0,698,698,GasA,Ex,FuseA,698,698,0,1396,0,0,1,0,3,1,TA,7,Typ,0,None,Detchd,2003.0,Unf,1,384,TA,TA,Y,0,0,0,0,259,0,None,0,7,2007,WD,Normal,False,False,True,False,True
290,290,291,60,120.0,15611,None,Reg,Lvl,AllPub,Inside,Gtl,CollgCr,Norm,Norm,1Fam,2Story,8,5,2006,2006,Gable,CompShg,VinylSd,VinylSd,None,0.0,Gd,TA,PConc,Gd,TA,Av,Unf,0,Unf,0,1079,1079,GasA,Ex,SBrkr,1079,840,0,1919,0,0,2,1,3,1,Gd,8,Typ,1,Gd,Attchd,2006.0,RFn,2,685,Gd,TA,Y,0,51,0,0,0,0,None,0,7,2006,New,Partial,False,False,True,False,True
291,291,292,190,55.0,5687,Grvl,Reg,Bnk,AllPub,Inside,Gtl,SWISU,Norm,Norm,2fmCon,2Story,5,6,1912,2000,Gable,CompShg,VinylSd,VinylSd,None,0.0,TA,Fa,PConc,TA,Fa,No,Rec,210,Unf,0,570,780,GasA,Ex,SBrkr,936,780,0,1716,1,0,2,0,6,1,Fa,9,Typ,0,None,None,1980.0,None,0,0,None,None,N,0,184,0,0,0,0,None,0,3,2008,WD,Normal,False,False,True,False,True
292,292,293,50,60.0,11409,None,Reg,Lvl,AllPub,Inside,Gtl,Edwards,Norm,Norm,1Fam,1.5Fin,5,4,1949,2008,Gable,CompShg,Wd Sdng,Wd Sdng,None,0.0,TA,TA,CBlock,TA,TA,No,LwQ,292,Unf,0,476,768,GasA,Gd,SBrkr,1148,568,0,1716,0,0,1,1,3,1,TA,8,Min2,1,Gd,Attchd,1949.0,Unf,1,281,TA,TA,Y,0,0,0,0,160,0,None,0,1,2009,WD,Normal,False,False,True,False,True
293,293,294,60,69.0,16659,None,IR1,Lvl,AllPub,Corner,Gtl,NWAmes,PosA,Norm,1Fam,2Story,7,7,1977,1994,Gable,CompShg,Plywood,Plywood,BrkFace,34.0,TA,TA,CBlock,TA,TA,No,ALQ,795,Unf,0,0,795,GasA,Fa,SBrkr,1468,795,0,2263,1,0,2,1,3,1,Gd,9,Typ,1,TA,Attchd,1977.0,Fin,2,539,TA,TA,Y,0,250,0,0,0,0,None,0,3,2006,WD,Normal,False,False,True,False,True
294,294,295,20,80.0,9600,None,Reg,Lvl,AllPub,Inside,Gtl,NAmes,Norm,Norm,1Fam,1Story,6,5,1953,1953,Hip,CompShg,HdBoard,HdBoard,Stone,238.0,TA,TA,CBlock,TA,TA,No,GLQ,1285,Unf,0,131,1416,GasA,TA,SBrkr,1644,0,0,1644,1,0,1,0,3,1,TA,7,Typ,2,Gd,Attchd,1953.0,Fin,2,418,TA,TA,Y,110,0,0,0,0,0,None,0,10,2009,WD,Normal,False,False,True,False,True
295,295,296,80,37.0,7937,None,IR1,Lvl,AllPub,CulDSac,Gtl,Mitchel,Norm,Norm,1Fam,SLvl,6,6,1984,1984,Gable,CompShg,HdBoard,HdBoard,None,0.0,TA,TA,CBlock,TA,TA,Av,GLQ,819,Unf,0,184,1003,GasA,TA,SBrkr,1003,0,0,1003,1,0,1,0,3,1,TA,6,Typ,0,None,Detchd,1984.0,Unf,2,588,TA,TA,Y,120,0,0,0,0,0,GdPrv,0,3,2006,WD,Normal,False,False,True,False,True
296,296,297,50,75.0,13710,None,Reg,Lvl,AllPub,Inside,Gtl,IDOTRR,Norm,Norm,1Fam,1.5Fin,5,5,1950,1950,Gable,CompShg,Wd Sdng,Wd Sdng,None,0.0,TA,TA,CBlock,TA,TA,No,BLQ,420,Unf,0,490,910,GasA,TA,FuseA,910,648,0,1558,0,0,1,1,4,1,TA,6,Typ,0,None,Attchd,1950.0,Unf,1,282,TA,TA,Y,289,0,0,0,0,0,MnPrv,0,6,2007,WD,Normal,False,False,False,True,True
297,297,298,60,66.0,7399,Pave,IR1,Lvl,AllPub,Inside,Gtl,Somerst,Norm,Norm,1Fam,2Story,7,5,1997,1998,Hip,CompShg,VinylSd,VinylSd,BrkFace,1600.0,Gd,TA,PConc,Gd,TA,No,BLQ,649,Unf,0,326,975,GasA,Ex,SBrkr,975,975,0,1950,0,0,2,1,3,1,Gd,7,Typ,1,TA,Detchd,1997.0,RFn,2,576,TA,TA,Y,0,10,0,0,198,0,None,0,6,2007,WD,Normal,True,False,False,False,True
298,298,299,60,90.0,11700,None,Reg,Lvl,AllPub,Inside,Gtl,NWAmes,Norm,Norm,1Fam,2Story,6,6,1968,1968,Mansard,CompShg,HdBoard,AsphShn,BrkFace,365.0,Gd,TA,CBlock,TA,TA,No,ALQ,384,Rec,175,143,702,GasA,Gd,SBrkr,1041,702,0,1743,0,1,1,2,3,1,TA,7,Typ,1,Gd,Attchd,1968.0,Unf,2,539,TA,TA,Y,224,0,0,0,0,0,None,0,6,2007,WD,Normal,False,False,True,False,True
299,299,300,20,80.0,14000,None,Reg,Lvl,AllPub,Inside,Gtl,Crawfor,Norm,Norm,1Fam,1Story,6,8,1950,2004,Gable,CompShg,HdBoard,HdBoard,None,0.0,TA,Gd,CBlock,TA,TA,No,Unf,0,Unf,0,1092,1092,GasA,Ex,SBrkr,1152,0,0,1152,0,1,1,0,3,1,Gd,6,Typ,1,Gd,Attchd,1950.0,Unf,1,300,TA,TA,Y,0,36,0,0,0,0,GdPrv,0,8,2009,WD,Family,False,False,True,False,True
300,300,301,190,90.0,15750,None,Reg,Lvl,AllPub,Corner,Gtl,Crawfor,Norm,Norm,2fmCon,1Story,5,5,1953,1953,Hip,CompShg,MetalSd,MetalSd,BrkFace,56.0,TA,TA,CBlock,TA,TA,Mn,BLQ,841,Unf,0,324,1165,GasA,TA,SBrkr,1336,0,0,1336,1,0,1,0,2,1,TA,5,Typ,2,Gd,Attchd,1953.0,Unf,1,375,TA,TA,Y,0,0,0,0,0,0,None,0,6,2006,WD,Normal,False,False,True,False,True
301,301,302,60,66.0,16226,None,IR3,Lvl,AllPub,Inside,Gtl,CollgCr,Norm,Norm,1Fam,2Story,8,5,1998,1999,Gable,CompShg,VinylSd,VinylSd,None,0.0,Gd,TA,PConc,Gd,TA,No,GLQ,281,Unf,0,747,1028,GasA,Ex,SBrkr,1210,1242,0,2452,0,0,2,1,4,1,Gd,9,Typ,1,TA,BuiltIn,1998.0,Fin,2,683,TA,TA,Y,208,50,0,0,0,0,None,0,5,2007,WD,Normal,False,False,True,False,True
302,302,303,20,118.0,13704,None,IR1,Lvl,AllPub,Corner,Gtl,CollgCr,Norm,Norm,1Fam,1Story,7,5,2001,2002,Gable,CompShg,VinylSd,VinylSd,BrkFace,150.0,Gd,TA,PConc,Gd,TA,No,Unf,0,Unf,0,1541,1541,GasA,Ex,SBrkr,1541,0,0,1541,0,0,2,0,3,1,Gd,6,Typ,1,TA,Attchd,2001.0,RFn,3,843,TA,TA,Y,468,81,0,0,0,0,None,0,1,2006,WD,Normal,False,False,True,False,True
303,303,304,20,70.0,9800,None,Reg,Lvl,AllPub,Corner,Gtl,CollgCr,Norm,Norm,1Fam,1Story,5,7,1972,1972,Gable,CompShg,VinylSd,VinylSd,None,0.0,TA,TA,PConc,TA,TA,No,ALQ,894,Unf,0,0,894,GasA,TA,SBrkr,894,0,0,894,1,0,1,0,3,1,TA,5,Typ,0,None,Attchd,1975.0,Unf,2,552,TA,TA,Y,256,0,0,0,0,0,GdWo,0,7,2006,WD,Abnorml,False,False,True,False,True
304,304,305,75,87.0,18386,None,Reg,Lvl,AllPub,Inside,Gtl,OldTown,Norm,Norm,1Fam,2.5Fin,7,9,1880,2002,Gable,CompShg,CemntBd,CmentBd,None,0.0,TA,TA,BrkTil,TA,TA,No,Unf,0,Unf,0,1470,1470,GasA,Ex,SBrkr,1675,1818,0,3493,0,0,3,0,3,1,Gd,10,Typ,1,Ex,Attchd,2003.0,Unf,3,870,TA,TA,Y,302,0,0,0,0,0,None,0,5,2008,WD,Normal,False,False,False,True,True
305,305,306,20,80.0,10386,None,Reg,Lvl,AllPub,Inside,Gtl,CollgCr,Norm,Norm,1Fam,1Story,8,5,2004,2005,Gable,CompShg,CemntBd,CmentBd,Stone,246.0,Gd,TA,PConc,Gd,TA,No,GLQ,1464,Unf,0,536,2000,GasA,Ex,SBrkr,2000,0,0,2000,1,0,2,0,3,1,Gd,8,Typ,0,None,Attchd,2004.0,Fin,3,888,TA,TA,Y,168,0,0,0,0,0,None,0,7,2007,WD,Normal,False,False,True,False,True
306,306,307,60,116.0,13474,None,Reg,Lvl,AllPub,Inside,Gtl,SawyerW,Feedr,Norm,1Fam,2Story,7,5,1990,1991,Gable,CompShg,HdBoard,Plywood,BrkFace,246.0,Gd,TA,CBlock,Gd,TA,No,ALQ,700,Unf,0,0,700,GasA,Gd,SBrkr,1122,1121,0,2243,1,0,2,1,4,1,Gd,8,Typ,1,TA,Attchd,1990.0,RFn,3,746,TA,TA,Y,127,44,224,0,0,0,None,0,6,2007,WD,Normal,False,False,True,False,True
307,307,308,50,69.0,7920,Grvl,IR1,Lvl,AllPub,Inside,Gtl,IDOTRR,Artery,Norm,1Fam,1.5Fin,6,7,1920,1950,Gable,CompShg,MetalSd,MetalSd,None,0.0,TA,Fa,CBlock,TA,TA,No,Unf,0,Unf,0,319,319,GasA,TA,FuseA,1035,371,0,1406,0,0,1,0,3,1,Fa,6,Typ,0,None,None,1980.0,None,0,0,None,None,N,0,144,0,0,0,0,MnPrv,0,3,2008,WD,Normal,False,False,False,True,True
308,308,309,30,69.0,12342,None,IR1,Lvl,AllPub,Inside,Gtl,Edwards,Norm,Norm,1Fam,1Story,4,5,1940,1950,Gable,CompShg,VinylSd,VinylSd,None,0.0,TA,TA,CBlock,TA,TA,No,BLQ,262,Unf,0,599,861,GasA,Ex,SBrkr,861,0,0,861,0,0,1,0,1,1,TA,4,Typ,0,None,Detchd,1961.0,Unf,2,539,TA,TA,Y,158,0,0,0,0,0,None,0,3,2009,WD,Normal,False,False,True,False,True
309,309,310,20,90.0,12378,None,IR1,Lvl,AllPub,Inside,Gtl,NridgHt,Norm,Norm,1Fam,1Story,9,5,2003,2004,Gable,CompShg,VinylSd,VinylSd,None,0.0,Gd,TA,PConc,Ex,TA,Gd,GLQ,1274,Unf,0,622,1896,GasA,Ex,SBrkr,1944,0,0,1944,1,0,2,0,3,1,Ex,8,Typ,3,Ex,Attchd,2003.0,Fin,3,708,TA,TA,Y,208,175,0,0,0,0,None,0,11,2006,WD,Normal,False,False,True,False,True
310,310,311,60,69.0,7685,None,IR1,Lvl,AllPub,Inside,Gtl,Gilbert,Norm,Norm,1Fam,2Story,6,5,1993,1994,Gable,CompShg,HdBoard,HdBoard,BrkFace,112.0,TA,TA,PConc,Gd,TA,No,ALQ,518,Unf,0,179,697,GasA,Gd,SBrkr,697,804,0,1501,0,0,2,1,3,1,Gd,6,Typ,1,TA,Attchd,1993.0,Fin,2,420,TA,TA,Y,190,63,0,0,0,0,None,0,5,2006,WD,Normal,False,False,True,False,True
311,311,312,20,50.0,8000,None,Reg,Lvl,AllPub,Inside,Gtl,NAmes,Norm,Norm,1Fam,1Story,6,6,1948,2002,Gable,CompShg,VinylSd,VinylSd,None,0.0,TA,Gd,CBlock,TA,TA,No,ALQ,680,Unf,0,292,972,GasA,Ex,SBrkr,972,0,0,972,1,0,1,0,2,1,TA,5,Typ,1,Gd,Detchd,1948.0,Unf,1,240,TA,TA,Y,0,0,0,0,0,0,None,0,5,2009,WD,Normal,False,False,True,False,True
312,312,313,190,65.0,7800,None,Reg,Lvl,AllPub,Inside,Gtl,OldTown,Artery,Norm,2fmCon,1.5Fin,5,7,1939,1950,Gable,CompShg,MetalSd,MetalSd,None,0.0,TA,TA,CBlock,Gd,TA,Mn,Rec,507,Unf,0,286,793,GasA,TA,SBrkr,793,325,0,1118,1,0,1,0,3,1,TA,5,Typ,1,Gd,Detchd,1939.0,Unf,2,410,TA,TA,Y,0,0,0,0,271,0,MnPrv,0,5,2006,WD,Normal,False,False,False,True,True
313,313,314,20,150.0,215245,None,IR3,Low,AllPub,Inside,Sev,Timber,Norm,Norm,1Fam,1Story,7,5,1965,1965,Hip,CompShg,BrkFace,BrkFace,None,0.0,TA,TA,CBlock,Gd,TA,Gd,ALQ,1236,Rec,820,80,2136,GasW,TA,SBrkr,2036,0,0,2036,2,0,2,0,3,1,TA,8,Typ,2,Gd,Attchd,1965.0,RFn,2,513,TA,TA,Y,0,0,0,0,0,0,None,0,6,2009,WD,Normal,False,False,True,False,True
314,314,315,70,60.0,9600,Grvl,Reg,Lvl,AllPub,Inside,Gtl,OldTown,Norm,Norm,1Fam,2Story,7,7,1925,1990,Gable,CompShg,Wd Sdng,Wd Sdng,None,0.0,TA,TA,BrkTil,TA,Gd,No,LwQ,16,Unf,0,712,728,GasA,Ex,SBrkr,832,809,0,1641,0,1,1,1,3,1,Ex,6,Typ,1,Gd,Detchd,1925.0,Unf,2,546,Fa,TA,Y,0,0,234,0,0,0,None,0,8,2006,WD,Normal,False,False,False,True,True
315,315,316,60,71.0,7795,None,IR1,Lvl,AllPub,Inside,Gtl,Gilbert,Norm,Norm,1Fam,2Story,7,5,2004,2005,Gable,CompShg,VinylSd,VinylSd,None,0.0,Gd,TA,PConc,Gd,TA,No,GLQ,425,Unf,0,291,716,GasA,Ex,SBrkr,716,716,0,1432,1,0,2,1,3,1,Gd,6,Typ,1,Gd,Attchd,2004.0,Fin,2,432,TA,TA,Y,100,51,0,0,0,0,None,0,7,2009,WD,Normal,False,False,True,False,True
316,316,317,60,94.0,13005,None,IR1,Lvl,AllPub,Corner,Gtl,NWAmes,Norm,Norm,1Fam,2Story,7,7,1980,1980,Gable,CompShg,CemntBd,CmentBd,BrkFace,278.0,Gd,TA,CBlock,Gd,TA,No,GLQ,692,Unf,0,153,845,GasA,TA,SBrkr,1153,1200,0,2353,1,0,2,1,4,1,Ex,10,Typ,1,TA,Attchd,1983.0,RFn,2,484,TA,TA,Y,288,195,0,0,0,0,GdPrv,0,8,2009,WD,Normal,False,False,True,False,True
317,317,318,60,75.0,9000,None,Reg,Lvl,AllPub,Inside,Gtl,Somerst,Norm,Norm,1Fam,2Story,8,5,2006,2006,Gable,CompShg,VinylSd,VinylSd,None,0.0,Gd,TA,PConc,Gd,TA,Av,Unf,0,Unf,0,1088,1088,GasA,Ex,SBrkr,1088,871,0,1959,0,0,2,1,3,1,Gd,8,Typ,1,Gd,Attchd,2006.0,RFn,3,1025,TA,TA,Y,208,46,0,0,0,0,None,0,12,2007,WD,Normal,True,False,False,False,True
318,318,319,60,90.0,9900,None,Reg,Low,AllPub,Inside,Mod,NoRidge,Norm,Norm,1Fam,2Story,7,5,1993,1993,Gable,CompShg,HdBoard,HdBoard,BrkFace,256.0,Gd,TA,PConc,Gd,TA,Gd,GLQ,987,Unf,0,360,1347,GasA,Ex,SBrkr,1372,1274,0,2646,1,0,2,1,4,1,Gd,9,Typ,1,TA,Attchd,1993.0,RFn,3,656,TA,TA,Y,340,60,144,0,0,0,None,0,4,2009,WD,Normal,False,False,True,False,True
319,319,320,80,69.0,14115,None,Reg,Lvl,AllPub,Inside,Gtl,NWAmes,Norm,Norm,1Fam,SLvl,7,5,1980,1980,Gable,CompShg,Plywood,Plywood,BrkFace,225.0,TA,TA,CBlock,Gd,TA,Av,GLQ,1036,Unf,0,336,1372,GasA,TA,SBrkr,1472,0,0,1472,1,0,2,0,3,1,TA,6,Typ,2,TA,Attchd,1980.0,Unf,2,588,TA,TA,Y,233,48,0,0,0,0,None,0,6,2009,WD,Normal,False,False,True,False,True
320,320,321,60,111.0,16259,None,Reg,Lvl,AllPub,Corner,Gtl,NridgHt,Norm,Norm,1Fam,2Story,9,5,2006,2006,Gable,CompShg,VinylSd,VinylSd,Stone,370.0,TA,TA,PConc,Ex,Gd,Av,Unf,0,Unf,0,1249,1249,GasA,Ex,SBrkr,1249,1347,0,2596,0,0,3,1,4,1,Gd,9,Typ,0,None,Attchd,2006.0,RFn,3,840,TA,TA,Y,240,154,0,0,0,0,None,0,9,2006,New,Partial,False,False,True,False,True
321,321,322,60,99.0,12099,None,IR1,Lvl,AllPub,Inside,Gtl,NridgHt,Norm,Norm,1Fam,2Story,8,5,2004,2004,Gable,CompShg,VinylSd,VinylSd,BrkFace,388.0,Gd,TA,PConc,Ex,TA,Av,GLQ,970,Unf,0,166,1136,GasA,Ex,SBrkr,1136,1332,0,2468,1,0,2,1,4,1,Gd,10,Typ,1,Gd,BuiltIn,2004.0,Fin,3,872,TA,TA,Y,184,154,0,0,0,0,None,0,6,2007,WD,Normal,False,False,True,False,True
322,322,323,60,86.0,10380,None,IR1,Lvl,AllPub,Inside,Gtl,SawyerW,Norm,Norm,1Fam,2Story,7,5,1986,1987,Gable,CompShg,Plywood,Plywood,BrkFace,172.0,Gd,TA,CBlock,TA,TA,Gd,LwQ,28,ALQ,1474,0,1502,GasA,Ex,SBrkr,1553,1177,0,2730,1,0,2,1,4,1,Gd,8,Typ,1,TA,Attchd,1987.0,Fin,2,576,TA,TA,Y,201,96,0,0,0,0,MnPrv,0,8,2007,WD,Normal,False,False,True,False,True
323,323,324,20,49.0,5820,None,Reg,Lvl,AllPub,Inside,Gtl,OldTown,Norm,Norm,1Fam,1Story,3,8,1955,2005,Gable,CompShg,VinylSd,VinylSd,None,0.0,TA,Gd,CBlock,TA,TA,No,ALQ,256,Unf,0,906,1162,GasA,Ex,SBrkr,1163,0,0,1163,1,0,1,0,3,1,TA,6,Typ,0,None,Attchd,1955.0,Unf,1,220,Fa,TA,Y,142,98,0,0,0,0,None,0,7,2006,WD,Normal,False,False,False,True,True
324,324,325,80,96.0,11275,None,Reg,Lvl,AllPub,Corner,Gtl,NAmes,PosN,Norm,1Fam,SLvl,7,7,1967,2007,Mansard,WdShake,Wd Sdng,Wd Sdng,BrkFace,300.0,Gd,Gd,CBlock,Gd,TA,No,Unf,0,Unf,0,710,710,GasA,Ex,SBrkr,1898,1080,0,2978,0,0,2,1,5,1,Gd,11,Typ,1,Gd,BuiltIn,1961.0,Fin,2,564,TA,TA,Y,240,0,0,0,0,0,None,0,6,2010,WD,Normal,False,False,True,False,True
325,325,326,45,50.0,5000,None,Reg,Lvl,AllPub,Inside,Gtl,IDOTRR,RRAe,Norm,1Fam,1.5Unf,5,6,1941,1950,Gable,CompShg,MetalSd,MetalSd,None,0.0,TA,TA,CBlock,TA,TA,Av,BLQ,116,Unf,0,604,720,GasA,Po,FuseF,803,0,0,803,0,0,1,0,2,1,TA,5,Typ,0,None,Detchd,1941.0,Unf,2,360,TA,TA,Y,0,0,244,0,0,0,None,0,12,2007,WD,Normal,False,False,False,True,True
326,326,327,120,32.0,10846,None,IR1,Lvl,AllPub,CulDSac,Gtl,Veenker,Norm,Norm,TwnhsE,1Story,8,5,1993,1993,Gable,CompShg,BrkFace,BrkFace,None,0.0,Gd,TA,PConc,Gd,TA,Gd,GLQ,1619,Unf,0,100,1719,GasA,Ex,SBrkr,1719,0,0,1719,2,0,1,1,1,1,Gd,6,Typ,2,Gd,Attchd,1993.0,Fin,2,473,TA,TA,Y,122,30,0,0,0,0,None,0,5,2008,Con,Normal,False,False,True,False,True
327,327,328,20,80.0,11600,None,Reg,Lvl,AllPub,Inside,Gtl,NAmes,Norm,Norm,1Fam,1Story,6,5,1960,1960,Hip,CompShg,Wd Sdng,Wd Sdng,BrkFace,175.0,TA,TA,CBlock,TA,TA,No,Rec,565,Unf,0,818,1383,GasA,TA,SBrkr,1383,0,0,1383,0,0,1,1,3,1,TA,7,Typ,0,None,Attchd,1960.0,RFn,1,292,TA,TA,Y,0,45,0,0,0,0,None,0,4,2006,WD,Normal,False,False,True,False,True
328,328,329,75,69.0,11888,Pave,IR1,Bnk,AllPub,Inside,Gtl,BrkSide,PosN,Norm,1Fam,2.5Unf,6,6,1916,1994,Gable,CompShg,Wd Sdng,Wd Shng,None,0.0,TA,TA,BrkTil,TA,TA,No,Unf,0,Unf,0,844,844,GasA,Gd,FuseA,1445,689,0,2134,0,0,2,0,5,1,Gd,10,Typ,0,None,Detchd,1930.0,Unf,2,441,TA,TA,Y,0,60,268,0,0,0,None,0,7,2009,WD,Normal,False,False,True,False,True
329,329,330,70,60.0,6402,None,Reg,Lvl,AllPub,Corner,Gtl,IDOTRR,Norm,Norm,1Fam,2Story,5,5,1920,1950,Gable,CompShg,Wd Sdng,Wd Shng,None,0.0,TA,TA,PConc,TA,TA,Mn,Unf,0,Unf,0,596,596,GasA,TA,SBrkr,596,596,0,1192,0,0,1,0,3,1,TA,6,Typ,0,None,Detchd,1920.0,Unf,1,189,Fa,Fa,N,0,0,137,0,0,0,GdWo,0,7,2009,WD,Normal,False,False,False,True,True
330,330,331,90,69.0,10624,None,IR1,Lvl,AllPub,Inside,Gtl,NAmes,Norm,Norm,Duplex,1Story,5,4,1964,1964,Gable,CompShg,HdBoard,HdBoard,BrkFace,84.0,TA,TA,CBlock,TA,TA,No,GLQ,40,Rec,264,1424,1728,GasA,TA,SBrkr,1728,0,0,1728,0,1,2,0,6,2,TA,10,Typ,0,None,Detchd,2002.0,Unf,1,352,TA,TA,Y,155,0,0,0,0,0,None,0,11,2007,WD,Normal,False,False,True,False,True
331,331,332,20,70.0,8176,None,Reg,Lvl,AllPub,Inside,Gtl,NAmes,Norm,Norm,1Fam,1Story,5,6,1958,1992,Gable,CompShg,Wd Sdng,Wd Sdng,None,0.0,TA,TA,CBlock,TA,TA,No,Rec,846,Unf,0,210,1056,GasA,Fa,SBrkr,1056,0,0,1056,1,0,1,0,3,1,TA,6,Typ,0,None,Attchd,1958.0,RFn,1,308,TA,TA,Y,0,0,0,0,0,0,None,0,8,2007,WD,Normal,False,False,True,False,True
332,332,333,20,85.0,10655,None,IR1,Lvl,AllPub,Inside,Gtl,NridgHt,Norm,Norm,1Fam,1Story,8,5,2003,2004,Gable,CompShg,VinylSd,VinylSd,BrkFace,296.0,Gd,TA,PConc,Gd,TA,No,GLQ,1124,None,479,1603,3206,GasA,Ex,SBrkr,1629,0,0,1629,1,0,2,0,3,1,Gd,7,Typ,1,Gd,Attchd,2003.0,RFn,3,880,TA,TA,Y,0,0,0,0,0,0,None,0,10,2009,WD,Normal,False,False,True,False,True
333,333,334,120,59.0,8198,None,Reg,Lvl,AllPub,FR3,Gtl,NridgHt,Norm,Norm,TwnhsE,1Story,7,5,2004,2004,Gable,CompShg,VinylSd,VinylSd,Stone,146.0,Gd,TA,PConc,Gd,TA,Av,GLQ,720,Unf,0,638,1358,GasA,Ex,SBrkr,1358,0,0,1358,1,0,2,0,2,1,Gd,6,Typ,1,Gd,Attchd,2004.0,RFn,2,484,TA,TA,Y,192,30,0,0,0,0,None,0,7,2008,WD,Normal,False,False,False,True,True
334,334,335,60,59.0,9042,None,IR1,Lvl,AllPub,Inside,Gtl,Gilbert,Norm,Norm,1Fam,2Story,6,5,1998,1998,Gable,CompShg,VinylSd,VinylSd,None,0.0,TA,TA,PConc,Gd,TA,Gd,GLQ,828,Unf,0,115,943,GasA,Gd,SBrkr,943,695,0,1638,1,0,2,1,3,1,TA,7,Typ,2,TA,Attchd,1998.0,Fin,2,472,TA,TA,Y,100,38,0,0,0,0,None,0,7,2008,WD,Normal,False,False,True,False,True
335,335,336,190,69.0,164660,None,IR1,HLS,AllPub,Corner,Sev,Timber,Norm,Norm,2fmCon,1.5Fin,5,6,1965,1965,Gable,CompShg,Plywood,Plywood,None,0.0,TA,TA,CBlock,TA,TA,Gd,ALQ,1249,BLQ,147,103,1499,GasA,Ex,SBrkr,1619,167,0,1786,2,0,2,0,3,1,TA,7,Typ,2,Gd,Attchd,1965.0,Fin,2,529,TA,TA,Y,670,0,0,0,0,0,None,700,8,2008,WD,Normal,False,False,True,False,False
336,336,337,20,86.0,14157,None,IR1,HLS,AllPub,Corner,Gtl,StoneBr,Norm,Norm,1Fam,1Story,9,5,2005,2006,Hip,CompShg,VinylSd,VinylSd,Stone,200.0,Gd,TA,PConc,Ex,TA,Gd,GLQ,1249,Unf,0,673,1922,GasA,Ex,SBrkr,1922,0,0,1922,1,0,2,0,3,1,Gd,8,Typ,1,Gd,Attchd,2005.0,Fin,3,676,TA,TA,Y,178,51,0,0,0,0,None,0,7,2007,WD,Normal,False,False,True,False,True
337,337,338,20,70.0,9135,None,Reg,Lvl,AllPub,Inside,Gtl,CollgCr,Norm,Norm,1Fam,1Story,7,5,2002,2003,Gable,CompShg,VinylSd,VinylSd,BrkFace,113.0,Gd,TA,PConc,Gd,TA,Av,GLQ,810,Unf,0,726,1536,GasA,Ex,SBrkr,1536,0,0,1536,1,0,2,0,3,1,Gd,7,Typ,0,None,Attchd,2002.0,RFn,2,532,TA,TA,Y,192,74,0,0,0,0,None,0,12,2008,WD,Normal,False,False,True,False,True
338,338,339,20,91.0,14145,None,Reg,Lvl,AllPub,Corner,Gtl,NWAmes,Norm,Norm,1Fam,1Story,7,7,1984,1998,Gable,CompShg,Wd Sdng,Wd Sdng,None,0.0,Gd,TA,CBlock,Gd,TA,Mn,ALQ,213,Unf,0,995,1208,GasA,Ex,SBrkr,1621,0,0,1621,1,0,2,0,3,1,Gd,8,Typ,0,None,Attchd,1984.0,RFn,2,440,TA,TA,Y,108,45,0,0,0,0,None,400,5,2006,WD,Normal,False,False,True,False,True
339,339,340,20,66.0,12400,None,IR1,Lvl,AllPub,Inside,Gtl,NAmes,Feedr,Norm,1Fam,1Story,6,7,1958,1998,Hip,CompShg,Wd Sdng,Wd Sdng,BrkFace,176.0,TA,TA,CBlock,TA,Fa,No,Rec,585,Unf,0,630,1215,GasA,TA,FuseA,1215,0,0,1215,0,0,1,0,3,1,TA,6,Typ,0,None,Attchd,1958.0,Unf,1,297,TA,TA,Y,0,0,0,0,234,0,None,0,6,2009,WD,Normal,False,False,True,False,True
340,340,341,60,85.0,14191,None,Reg,Lvl,AllPub,Inside,Gtl,Timber,Norm,Norm,1Fam,2Story,8,5,2002,2002,Gable,CompShg,VinylSd,VinylSd,None,0.0,Gd,TA,PConc,Gd,TA,No,Unf,0,Unf,0,967,967,GasA,Ex,SBrkr,993,915,0,1908,0,0,2,1,4,1,Gd,9,Typ,0,None,Attchd,2002.0,Fin,2,431,TA,TA,Y,135,0,0,0,0,0,None,0,4,2010,WD,Normal,False,False,True,False,True
341,341,342,20,60.0,8400,None,Reg,Lvl,AllPub,Inside,Gtl,SawyerW,Feedr,Norm,1Fam,1Story,4,4,1950,1950,Gable,CompShg,Wd Sdng,AsbShng,None,0.0,Fa,Fa,CBlock,TA,Fa,No,Unf,0,Unf,0,721,721,GasA,Gd,SBrkr,841,0,0,841,0,0,1,0,2,1,TA,4,Typ,0,None,CarPort,1950.0,Unf,1,294,TA,TA,N,250,0,24,0,0,0,None,0,9,2009,WD,Normal,False,True,False,False,True
342,342,343,90,69.0,8544,None,Reg,Lvl,AllPub,Inside,Gtl,NAmes,Norm,Norm,Duplex,1Story,3,4,1949,1950,Gable,CompShg,Stucco,Stucco,BrkFace,340.0,TA,TA,Slab,None,None,None,None,0,None,0,0,0,Wall,Fa,FuseA,1040,0,0,1040,0,0,2,0,2,2,TA,6,Typ,0,None,Detchd,1949.0,Unf,2,400,TA,TA,Y,0,0,0,0,0,0,None,0,5,2006,WD,Normal,False,False,True,False,True
343,343,344,120,63.0,8849,None,IR1,Lvl,AllPub,Inside,Gtl,NridgHt,Norm,Norm,TwnhsE,1Story,9,5,2005,2005,Hip,CompShg,MetalSd,MetalSd,BrkFace,616.0,Ex,TA,PConc,Ex,TA,No,GLQ,28,Unf,0,1656,1684,GasA,Ex,SBrkr,1684,0,0,1684,0,0,2,0,2,1,Ex,6,Typ,1,Ex,Attchd,2005.0,RFn,2,564,TA,TA,Y,495,72,0,0,0,0,None,0,7,2008,WD,Normal,False,False,True,False,True
344,344,345,160,36.0,2592,None,Reg,Lvl,AllPub,Inside,Gtl,MeadowV,Norm,Norm,TwnhsE,2Story,5,3,1976,1976,Gable,CompShg,CemntBd,CmentBd,None,0.0,TA,TA,CBlock,Gd,TA,No,Rec,129,BLQ,232,175,536,GasA,TA,SBrkr,536,576,0,1112,0,0,1,1,3,1,TA,4,Typ,0,None,Attchd,1976.0,Unf,1,336,TA,TA,Y,182,0,0,0,0,0,None,0,4,2010,WD,Normal,False,False,False,True,True
345,345,346,50,65.0,6435,None,Reg,Lvl,AllPub,Inside,Gtl,BrkSide,RRAn,Norm,1Fam,1.5Fin,6,5,1939,1950,Gable,CompShg,MetalSd,MetalSd,None,0.0,TA,TA,BrkTil,TA,TA,No,Unf,0,Unf,0,972,972,GasA,Gd,SBrkr,972,605,0,1577,0,0,1,0,3,1,Fa,6,Typ,1,Gd,Detchd,1939.0,Unf,1,312,TA,TA,Y,0,0,0,0,0,0,None,0,10,2006,WD,Normal,False,False,True,False,True
346,346,347,20,69.0,12772,None,IR1,Lvl,AllPub,CulDSac,Gtl,NAmes,Norm,Norm,1Fam,1Story,6,8,1960,1998,Hip,CompShg,MetalSd,MetalSd,None,0.0,TA,Gd,CBlock,TA,TA,Mn,BLQ,498,Unf,0,460,958,GasA,TA,SBrkr,958,0,0,958,0,0,1,0,2,1,TA,5,Typ,0,None,Attchd,1960.0,RFn,1,301,TA,TA,Y,0,0,0,0,0,0,None,15500,4,2007,WD,Normal,False,False,True,False,True
347,347,348,20,69.0,17600,None,IR1,Lvl,AllPub,Inside,Gtl,NAmes,Norm,Norm,1Fam,1Story,6,5,1960,1960,Gable,CompShg,Wd Sdng,Wd Sdng,BrkFace,30.0,TA,TA,CBlock,TA,TA,No,BLQ,1270,Unf,0,208,1478,GasA,Ex,FuseA,1478,0,0,1478,1,0,2,0,3,1,TA,6,Typ,2,Gd,Attchd,1960.0,Unf,2,498,TA,TA,Y,0,40,0,0,0,0,None,0,12,2009,WD,Normal,False,False,True,False,True
348,348,349,160,36.0,2448,None,Reg,Lvl,AllPub,Inside,Gtl,NridgHt,Norm,Norm,Twnhs,2Story,7,5,2003,2004,Gable,CompShg,VinylSd,Wd Shng,Stone,106.0,Gd,TA,PConc,Gd,TA,No,GLQ,573,Unf,0,191,764,GasA,Ex,SBrkr,764,862,0,1626,1,0,2,1,2,1,Gd,6,Typ,0,None,BuiltIn,2003.0,RFn,2,474,TA,TA,Y,0,27,0,0,0,0,None,0,10,2008,WD,Normal,False,False,True,False,True
349,349,350,60,56.0,20431,None,IR2,Lvl,AllPub,Inside,Gtl,NridgHt,Norm,Norm,1Fam,2Story,9,5,2005,2006,Hip,CompShg,CemntBd,CmentBd,BrkFace,870.0,Ex,TA,PConc,Ex,TA,No,GLQ,1410,Unf,0,438,1848,GasA,Ex,SBrkr,1848,880,0,2728,1,0,2,1,4,1,Ex,10,Typ,2,Ex,Attchd,2006.0,Fin,3,706,TA,TA,Y,0,0,0,0,0,0,None,0,4,2006,New,Partial,False,False,True,False,True
350,350,351,120,68.0,7820,None,IR1,Lvl,AllPub,Inside,Gtl,NridgHt,Norm,Norm,TwnhsE,1Story,9,5,2007,2007,Hip,CompShg,MetalSd,MetalSd,BrkFace,362.0,Ex,TA,PConc,Ex,TA,No,Unf,0,Unf,0,1869,1869,GasA,Ex,SBrkr,1869,0,0,1869,0,0,2,0,2,1,Ex,6,Typ,1,Gd,Attchd,2007.0,RFn,2,617,TA,TA,Y,210,54,0,0,0,0,None,0,12,2007,New,Partial,False,False,True,False,True
351,351,352,120,69.0,5271,None,IR1,Low,AllPub,Inside,Mod,ClearCr,Norm,Norm,1Fam,1Story,7,5,1986,1986,Gable,CompShg,Wd Sdng,Wd Sdng,None,0.0,TA,TA,PConc,Gd,TA,Gd,GLQ,1082,Unf,0,371,1453,GasA,Gd,SBrkr,1453,0,0,1453,1,0,1,1,2,1,Gd,6,Typ,1,TA,Attchd,1986.0,RFn,2,445,TA,TA,Y,0,80,0,0,184,0,None,0,12,2006,WD,Abnorml,False,False,True,False,True
352,352,353,50,60.0,9084,None,Reg,Lvl,AllPub,Inside,Gtl,Edwards,Artery,Norm,1Fam,1.5Fin,5,6,1941,1950,Gable,CompShg,VinylSd,VinylSd,None,0.0,TA,TA,CBlock,TA,Fa,Mn,LwQ,236,Rec,380,0,616,GasA,TA,SBrkr,616,495,0,1111,0,1,1,0,3,1,TA,5,Typ,0,None,Detchd,1941.0,Unf,1,200,TA,Fa,Y,48,0,0,0,0,0,None,0,3,2008,ConLw,Normal,False,False,True,False,True
353,353,354,30,60.0,8520,None,Reg,Lvl,AllPub,Inside,Gtl,OldTown,Norm,Norm,1Fam,1Story,6,8,1928,2003,Gable,CompShg,VinylSd,VinylSd,None,0.0,TA,Gd,BrkTil,TA,TA,No,Unf,0,Unf,0,624,624,GasA,Gd,SBrkr,720,0,0,720,0,0,1,0,2,1,TA,5,Typ,0,None,Detchd,2005.0,Unf,2,484,TA,TA,Y,106,0,0,0,0,0,None,0,5,2010,WD,Normal,False,False,False,True,True
354,354,355,50,60.0,8400,None,Reg,Bnk,AllPub,Inside,Gtl,SWISU,Norm,Norm,1Fam,1.5Fin,6,5,1940,2000,Gable,CompShg,Wd Sdng,MetalSd,None,0.0,TA,TA,CBlock,TA,TA,No,LwQ,388,Unf,0,552,940,GasA,Ex,SBrkr,1192,403,0,1595,0,0,1,0,2,1,TA,6,Typ,2,Gd,Attchd,1940.0,Unf,1,240,TA,TA,Y,0,0,108,0,0,0,None,0,6,2006,WD,Normal,False,False,True,False,True
355,355,356,20,105.0,11249,None,IR2,Lvl,AllPub,Inside,Gtl,CollgCr,Norm,Norm,1Fam,1Story,6,5,1995,1995,Gable,CompShg,VinylSd,VinylSd,None,0.0,Gd,Gd,PConc,Gd,Gd,No,ALQ,334,BLQ,544,322,1200,GasA,Ex,SBrkr,1200,0,0,1200,1,0,2,0,3,1,Gd,6,Typ,0,None,Attchd,1995.0,RFn,2,521,TA,TA,Y,0,26,0,0,0,0,None,0,8,2007,WD,Normal,False,False,True,False,True
356,356,357,20,69.0,9248,None,IR1,Lvl,AllPub,Inside,Gtl,Gilbert,Norm,Norm,1Fam,1Story,6,6,1992,1992,Gable,CompShg,HdBoard,HdBoard,BrkFace,106.0,TA,TA,PConc,Gd,TA,No,GLQ,560,Unf,0,598,1158,GasA,Gd,SBrkr,1167,0,0,1167,1,0,2,0,3,1,Gd,6,Typ,0,None,Attchd,1992.0,RFn,2,400,TA,TA,Y,120,26,0,0,0,0,None,0,7,2009,WD,Normal,False,False,True,False,True
357,357,358,120,44.0,4224,None,Reg,Lvl,AllPub,Inside,Gtl,MeadowV,Norm,Norm,TwnhsE,1Story,5,5,1976,1976,Gable,CompShg,CemntBd,CmentBd,None,0.0,TA,TA,PConc,Gd,TA,No,ALQ,874,Unf,0,268,1142,GasA,TA,SBrkr,1142,0,0,1142,1,0,1,1,3,1,TA,6,Typ,1,Po,Attchd,1976.0,Fin,2,528,TA,TA,Y,536,90,0,0,0,0,MnPrv,0,8,2007,WD,Normal,False,False,False,True,True
358,358,359,80,92.0,6930,None,IR1,Lvl,AllPub,Inside,Gtl,ClearCr,Norm,Norm,1Fam,SLvl,5,4,1958,1958,Hip,CompShg,Wd Sdng,ImStucc,BrkFace,120.0,TA,TA,CBlock,TA,TA,Av,BLQ,300,Rec,294,468,1062,GasA,Ex,FuseF,1352,0,0,1352,0,1,1,0,3,1,Gd,6,Min2,0,None,BuiltIn,1958.0,Unf,1,288,TA,TA,Y,168,0,294,0,0,0,None,0,7,2006,WD,Abnorml,False,False,True,False,True
359,359,360,60,78.0,12011,None,IR1,Lvl,AllPub,CulDSac,Gtl,NoRidge,Norm,Norm,1Fam,2Story,8,5,1998,1998,Gable,CompShg,VinylSd,VinylSd,BrkFace,530.0,Gd,TA,PConc,Gd,TA,Av,GLQ,956,Unf,0,130,1086,GasA,Ex,SBrkr,1086,838,0,1924,1,0,2,1,3,1,Gd,7,Typ,1,TA,Attchd,1998.0,RFn,2,592,TA,TA,Y,208,75,0,0,374,0,None,0,6,2006,WD,Normal,False,False,True,False,True
360,360,361,85,69.0,7540,None,IR1,Lvl,AllPub,CulDSac,Gtl,Mitchel,Norm,Norm,1Fam,SFoyer,6,6,1978,1978,Gable,CompShg,VinylSd,VinylSd,None,0.0,TA,TA,CBlock,Gd,TA,Av,GLQ,773,Unf,0,115,888,GasA,Ex,SBrkr,912,0,0,912,1,0,1,0,2,1,TA,5,Typ,1,TA,Attchd,1978.0,RFn,2,470,TA,TA,Y,0,0,0,0,192,0,MnPrv,0,6,2007,WD,Normal,False,False,True,False,True
361,361,362,50,69.0,9144,Pave,Reg,Lvl,AllPub,Inside,Gtl,BrkSide,Norm,Norm,1Fam,1.5Fin,5,5,1940,1982,Gable,CompShg,MetalSd,MetalSd,None,0.0,TA,TA,CBlock,TA,TA,No,Rec,399,Unf,0,484,883,GasA,Gd,SBrkr,988,517,0,1505,1,0,1,0,3,1,TA,8,Typ,0,None,Detchd,1940.0,Unf,1,240,TA,TA,N,0,0,0,0,0,0,None,0,7,2008,WD,Normal,False,False,True,False,True
362,362,363,85,64.0,7301,None,Reg,Lvl,AllPub,Corner,Gtl,Edwards,Norm,Norm,1Fam,SFoyer,7,5,2003,2003,Gable,CompShg,HdBoard,HdBoard,BrkFace,500.0,Gd,TA,Slab,None,None,None,None,0,None,0,0,0,GasA,Ex,SBrkr,495,1427,0,1922,0,0,3,0,4,1,Gd,7,Typ,1,Ex,BuiltIn,2003.0,RFn,2,672,TA,TA,Y,0,0,177,0,0,0,None,0,7,2009,ConLD,Normal,False,False,True,False,True
363,363,364,160,21.0,1680,None,Reg,Lvl,AllPub,Inside,Gtl,BrDale,Norm,Norm,Twnhs,2Story,6,8,1972,2007,Gable,CompShg,HdBoard,HdBoard,BrkFace,510.0,TA,TA,CBlock,TA,TA,No,ALQ,162,Unf,0,321,483,GasA,Gd,SBrkr,483,504,0,987,0,0,1,1,2,1,Gd,5,Typ,0,None,Detchd,1972.0,Unf,1,264,TA,TA,Y,250,0,0,0,0,0,None,0,5,2009,WD,Normal,False,False,False,True,True
364,364,365,60,69.0,18800,None,IR1,Lvl,AllPub,FR2,Gtl,NWAmes,Norm,Norm,1Fam,2Story,6,5,1976,1976,Gable,CompShg,HdBoard,HdBoard,BrkFace,120.0,TA,TA,PConc,Gd,TA,Mn,GLQ,712,Unf,0,84,796,GasA,TA,SBrkr,790,784,0,1574,1,0,2,1,3,1,TA,6,Typ,1,TA,Attchd,1976.0,Fin,2,566,TA,TA,Y,306,111,0,0,0,0,None,0,7,2006,WD,Normal,False,False,True,False,True
365,365,366,70,59.0,10690,None,Reg,Lvl,AllPub,Inside,Gtl,IDOTRR,Norm,Norm,1Fam,2Story,5,7,1920,1997,Hip,CompShg,VinylSd,VinylSd,None,0.0,TA,Gd,CBlock,TA,Fa,No,Rec,456,Unf,0,216,672,GasA,Gd,FuseA,672,672,0,1344,0,0,1,0,3,1,TA,6,Typ,0,None,Detchd,1964.0,Unf,1,468,TA,Fa,Y,0,128,218,0,0,0,None,0,7,2009,WD,Normal,False,False,False,True,True
366,366,367,20,69.0,9500,None,IR1,Lvl,AllPub,Inside,Gtl,NAmes,Norm,Norm,1Fam,1Story,6,5,1963,1963,Gable,CompShg,Plywood,Plywood,BrkFace,247.0,TA,TA,CBlock,Gd,TA,No,BLQ,609,Unf,0,785,1394,GasA,Gd,SBrkr,1394,0,0,1394,1,0,1,1,3,1,TA,6,Typ,2,Gd,Attchd,1963.0,RFn,2,514,TA,TA,Y,0,76,0,0,185,0,None,0,7,2009,WD,Normal,False,False,True,False,True
367,367,368,80,101.0,9150,None,IR1,Lvl,AllPub,Corner,Gtl,NAmes,Norm,Norm,1Fam,SLvl,6,5,1962,1962,Gable,Tar&Grv,Plywood,Plywood,BrkFace,305.0,TA,TA,CBlock,Gd,TA,Gd,GLQ,371,Unf,0,728,1099,GasA,Gd,SBrkr,1431,0,0,1431,0,1,1,0,3,1,TA,6,Typ,1,Gd,Basment,1962.0,RFn,1,296,TA,TA,Y,64,110,0,0,0,0,None,0,12,2008,WD,Normal,False,False,True,False,True
368,368,369,20,78.0,7800,None,Reg,Lvl,AllPub,Inside,Gtl,NAmes,Norm,Norm,1Fam,1Story,5,6,1954,1954,Gable,CompShg,HdBoard,HdBoard,BrkFace,200.0,TA,TA,PConc,TA,TA,No,LwQ,540,Unf,0,728,1268,GasA,Gd,SBrkr,1268,0,0,1268,0,0,1,0,2,1,TA,7,Typ,1,Gd,Attchd,1954.0,Fin,1,244,TA,TA,Y,0,98,0,0,0,0,None,0,3,2010,WD,Normal,False,False,True,False,True
369,369,370,20,69.0,9830,None,IR1,Lvl,AllPub,Corner,Gtl,NAmes,Norm,Norm,1Fam,1Story,5,7,1959,2006,Gable,CompShg,Wd Sdng,Wd Sdng,None,0.0,TA,Gd,CBlock,TA,TA,No,ALQ,72,Rec,258,733,1063,GasA,Ex,SBrkr,1287,0,0,1287,1,0,1,0,3,1,Gd,7,Typ,1,Gd,Detchd,1997.0,Fin,2,576,TA,TA,Y,364,17,0,0,182,0,None,0,3,2010,WD,Normal,False,False,True,False,True
370,370,371,60,69.0,8121,None,IR1,Lvl,AllPub,Inside,Gtl,Gilbert,Norm,Norm,1Fam,2Story,6,5,2000,2000,Gable,CompShg,VinylSd,VinylSd,None,0.0,TA,TA,PConc,Gd,TA,No,Unf,0,Unf,0,953,953,GasA,Ex,SBrkr,953,711,0,1664,0,0,2,1,3,1,TA,7,Typ,1,TA,Attchd,2000.0,RFn,2,460,TA,TA,Y,100,40,0,0,0,0,None,0,1,2006,WD,Normal,False,False,True,False,True
371,371,372,50,80.0,17120,None,Reg,Lvl,AllPub,Inside,Gtl,ClearCr,Feedr,Norm,1Fam,1.5Fin,4,4,1959,1959,Gable,CompShg,WdShing,Plywood,None,0.0,TA,TA,CBlock,None,None,None,None,0,None,0,0,0,GasA,TA,SBrkr,1120,468,0,1588,0,0,2,0,4,1,TA,7,Min2,1,Gd,Detchd,1991.0,Fin,2,680,TA,TA,N,0,59,0,0,0,0,None,0,7,2008,WD,Normal,False,False,True,False,True
372,372,373,120,50.0,7175,None,Reg,Lvl,AllPub,Inside,Gtl,SawyerW,Norm,Norm,TwnhsE,1Story,6,5,1984,1984,Gable,CompShg,Plywood,Plywood,None,0.0,TA,TA,CBlock,Gd,TA,No,ALQ,623,LwQ,121,0,744,GasA,TA,SBrkr,752,0,0,752,1,0,1,0,2,1,TA,4,Typ,0,None,Attchd,1984.0,Unf,1,264,TA,TA,Y,353,0,0,0,90,0,MnPrv,0,2,2010,WD,Normal,False,False,True,False,True
373,373,374,20,79.0,10634,None,Reg,Lvl,AllPub,Inside,Gtl,NAmes,Norm,Norm,1Fam,1Story,5,6,1953,1953,Gable,CompShg,MetalSd,MetalSd,None,0.0,TA,TA,PConc,TA,TA,No,BLQ,428,LwQ,180,0,608,GasA,TA,SBrkr,1319,0,0,1319,1,0,1,0,3,1,TA,5,Min2,0,None,Attchd,1953.0,Unf,1,270,TA,TA,Y,66,0,0,0,0,0,GdWo,0,11,2009,WD,Normal,False,False,True,False,True
374,374,375,60,65.0,8200,None,Reg,Lvl,AllPub,Inside,Gtl,CollgCr,Norm,Norm,1Fam,2Story,7,5,2003,2004,Gable,CompShg,VinylSd,VinylSd,None,0.0,Gd,TA,PConc,Gd,TA,No,Unf,0,Unf,0,847,847,GasA,Ex,SBrkr,847,1081,0,1928,0,0,2,1,4,1,Gd,8,Typ,1,Gd,BuiltIn,2003.0,Fin,2,434,TA,TA,Y,100,48,0,0,0,0,None,0,7,2007,WD,Normal,False,False,True,False,True
375,375,376,30,69.0,10020,None,IR1,Low,AllPub,Inside,Sev,Edwards,Norm,Norm,1Fam,1Story,1,1,1922,1950,Gable,CompShg,Wd Sdng,Wd Sdng,None,0.0,Fa,Fa,BrkTil,Fa,Po,Gd,BLQ,350,Unf,0,333,683,GasA,Gd,FuseA,904,0,0,904,1,0,0,1,1,1,Fa,4,Maj1,0,None,None,1980.0,None,0,0,None,None,Y,0,0,0,0,0,0,None,0,3,2009,WD,Normal,False,False,True,False,True
376,376,377,85,57.0,8846,None,IR1,Lvl,AllPub,CulDSac,Gtl,CollgCr,Norm,Norm,1Fam,SFoyer,5,5,1996,1996,Gable,CompShg,VinylSd,VinylSd,None,0.0,Gd,TA,PConc,Gd,TA,Av,GLQ,298,Unf,0,572,870,GasA,Ex,SBrkr,914,0,0,914,0,0,1,0,2,1,TA,5,Typ,0,None,Detchd,1998.0,Unf,2,576,TA,TA,Y,0,0,0,0,0,0,None,0,7,2006,WD,Normal,False,False,True,False,True
377,377,378,60,102.0,11143,None,IR1,Lvl,AllPub,Corner,Gtl,Somerst,Norm,Norm,1Fam,2Story,8,5,2004,2005,Gable,CompShg,CemntBd,CmentBd,None,0.0,Gd,TA,PConc,Gd,TA,No,Unf,0,Unf,0,1580,1580,GasA,Ex,SBrkr,1580,886,0,2466,0,0,3,0,4,1,Gd,8,Typ,1,Gd,Attchd,2004.0,RFn,2,610,TA,TA,Y,159,214,0,0,0,0,None,0,12,2007,WD,Normal,True,False,False,False,True
378,378,379,20,88.0,11394,None,Reg,Lvl,AllPub,Corner,Gtl,StoneBr,Norm,Norm,1Fam,1Story,9,2,2010,2010,Hip,CompShg,VinylSd,VinylSd,Stone,350.0,Gd,TA,PConc,Ex,TA,Av,GLQ,1445,Unf,0,411,1856,GasA,Ex,SBrkr,1856,0,0,1856,1,0,1,1,1,1,Ex,8,Typ,1,Ex,Attchd,2010.0,Fin,3,834,TA,TA,Y,113,0,0,0,0,0,None,0,6,2010,New,Partial,False,False,True,False,True
379,379,380,60,60.0,8123,None,IR1,Lvl,AllPub,Inside,Gtl,Gilbert,RRAn,Norm,1Fam,2Story,6,5,2000,2000,Gable,CompShg,VinylSd,VinylSd,BrkFace,16.0,TA,TA,PConc,Gd,TA,No,Unf,0,Unf,0,982,982,GasA,Ex,SBrkr,1007,793,0,1800,0,0,2,1,3,1,TA,7,Typ,1,TA,Attchd,2000.0,Fin,2,463,TA,TA,Y,100,63,0,0,0,0,None,0,6,2009,WD,Normal,False,False,True,False,True
380,380,381,50,50.0,5000,Pave,Reg,Lvl,AllPub,Inside,Gtl,SWISU,Norm,Norm,1Fam,1.5Fin,5,6,1924,1950,Gable,CompShg,BrkFace,Wd Sdng,None,0.0,TA,TA,BrkTil,TA,TA,No,LwQ,218,Unf,0,808,1026,GasA,TA,SBrkr,1026,665,0,1691,0,0,2,0,3,1,Gd,6,Typ,1,Gd,Detchd,1924.0,Unf,1,308,TA,TA,Y,0,0,242,0,0,0,None,0,5,2010,WD,Normal,False,False,True,False,True
381,381,382,20,60.0,7200,Pave,Reg,Lvl,AllPub,Inside,Gtl,Somerst,Norm,Norm,1Fam,1Story,7,5,2006,2006,Gable,CompShg,VinylSd,VinylSd,None,0.0,Gd,TA,PConc,Gd,Gd,No,Unf,0,Unf,0,1293,1293,GasA,Ex,SBrkr,1301,0,0,1301,1,0,2,0,2,1,Gd,5,Typ,1,Gd,Attchd,2006.0,RFn,2,572,TA,TA,Y,216,121,0,0,0,0,None,0,8,2006,New,Partial,True,False,False,False,True
382,382,383,60,79.0,9245,None,IR1,Lvl,AllPub,Inside,Gtl,CollgCr,Norm,Norm,1Fam,2Story,7,5,2006,2006,Gable,CompShg,VinylSd,VinylSd,None,0.0,Gd,TA,PConc,Gd,TA,Av,Unf,0,Unf,0,939,939,GasA,Ex,SBrkr,939,858,0,1797,0,0,2,1,3,1,Gd,8,Typ,0,None,Attchd,2006.0,RFn,2,639,TA,TA,Y,144,53,0,0,0,0,None,0,4,2007,WD,Normal,False,False,True,False,True
383,383,384,45,60.0,9000,None,Reg,Lvl,AllPub,Corner,Gtl,SawyerW,Norm,Norm,1Fam,1.5Unf,6,3,1928,1950,Gable,CompShg,Wd Sdng,Wd Sdng,None,0.0,TA,TA,BrkTil,Fa,Fa,No,Unf,0,Unf,0,784,784,GasA,TA,FuseA,784,0,0,784,0,0,1,0,2,1,TA,5,Typ,0,None,Detchd,1950.0,Unf,2,360,Fa,Fa,N,0,0,91,0,0,0,None,0,10,2009,WD,Normal,False,True,False,False,True
384,384,385,60,69.0,53107,None,IR2,Low,AllPub,Corner,Mod,ClearCr,Feedr,Norm,1Fam,2Story,6,5,1992,1992,Gable,CompShg,HdBoard,HdBoard,None,0.0,Gd,TA,PConc,Gd,TA,Av,GLQ,985,Unf,0,595,1580,GasA,Ex,SBrkr,1079,874,0,1953,1,0,2,1,3,1,Gd,9,Typ,2,Fa,Attchd,1992.0,Fin,2,501,TA,TA,Y,216,231,0,0,0,0,None,0,6,2007,WD,Normal,False,False,True,False,True
385,385,386,120,43.0,3182,None,Reg,Lvl,AllPub,Inside,Gtl,Blmngtn,Norm,Norm,TwnhsE,1Story,8,5,2004,2005,Gable,CompShg,VinylSd,VinylSd,BrkFace,16.0,Gd,TA,PConc,Gd,TA,No,GLQ,24,Unf,0,1232,1256,GasA,Ex,SBrkr,1269,0,0,1269,0,0,2,0,2,1,Gd,6,Typ,1,TA,Attchd,2004.0,Fin,2,430,TA,TA,Y,146,20,0,0,144,0,None,0,4,2010,WD,Normal,False,False,True,False,True
386,386,387,50,58.0,8410,None,Reg,Lvl,AllPub,FR2,Gtl,Edwards,Feedr,Norm,1Fam,1.5Fin,5,3,1910,1996,Gambrel,CompShg,Wd Sdng,VinylSd,None,0.0,TA,Fa,PConc,TA,TA,No,Unf,0,Unf,0,658,658,GasA,TA,SBrkr,658,526,0,1184,0,0,1,0,5,1,TA,8,Typ,0,None,None,1980.0,None,0,0,None,None,N,0,151,0,0,0,0,None,0,5,2006,WD,AdjLand,False,False,True,False,True
387,387,388,80,72.0,7200,None,Reg,Lvl,AllPub,Inside,Gtl,Edwards,Norm,Norm,1Fam,SLvl,6,6,1976,1976,Hip,CompShg,MetalSd,MetalSd,BrkFace,255.0,TA,TA,CBlock,TA,TA,Av,ALQ,631,Unf,0,410,1041,GasA,Ex,SBrkr,1125,0,0,1125,1,0,1,0,3,1,TA,6,Typ,1,Fa,Detchd,1977.0,Unf,1,352,TA,TA,Y,296,0,0,0,0,0,GdWo,0,10,2009,WD,Abnorml,False,False,True,False,True
388,388,389,20,93.0,9382,None,IR1,Lvl,AllPub,CulDSac,Gtl,CollgCr,Norm,Norm,1Fam,1Story,7,5,1999,2000,Gable,CompShg,VinylSd,VinylSd,BrkFace,125.0,Gd,TA,PConc,Gd,TA,No,Unf,0,Unf,0,1468,1468,GasA,Ex,SBrkr,1479,0,0,1479,0,0,2,0,3,1,Gd,6,Typ,0,None,Attchd,1999.0,RFn,2,577,TA,TA,Y,120,25,0,0,0,0,None,0,7,2008,WD,Normal,False,False,True,False,True
389,389,390,60,96.0,12474,None,Reg,Lvl,AllPub,Inside,Gtl,NridgHt,Norm,Norm,1Fam,2Story,10,5,2007,2008,Gable,CompShg,VinylSd,VinylSd,Stone,272.0,Ex,TA,PConc,Ex,TA,Av,GLQ,1280,Unf,0,402,1682,GasA,Ex,SBrkr,1742,590,0,2332,1,0,2,1,3,1,Ex,9,Typ,1,Ex,BuiltIn,2008.0,Fin,3,846,TA,TA,Y,196,134,0,0,0,0,None,0,8,2008,New,Partial,False,False,True,False,True
390,390,391,50,50.0,8405,Grvl,Reg,Lvl,AllPub,Inside,Gtl,Edwards,Norm,Norm,1Fam,1.5Fin,5,8,1900,1950,Gable,CompShg,MetalSd,MetalSd,None,0.0,TA,TA,BrkTil,TA,Gd,No,Rec,241,BLQ,391,229,861,GasA,Ex,SBrkr,961,406,0,1367,1,0,1,0,4,1,TA,7,Typ,0,None,Detchd,1978.0,Unf,1,384,TA,TA,Y,0,130,112,0,0,0,MnPrv,0,4,2008,WD,Normal,False,False,True,False,True
391,391,392,60,71.0,12209,None,IR1,Lvl,AllPub,CulDSac,Gtl,Mitchel,Norm,Norm,1Fam,2Story,6,5,2001,2002,Gable,CompShg,VinylSd,VinylSd,None,0.0,TA,TA,PConc,Ex,TA,No,ALQ,690,Unf,0,114,804,GasA,Ex,SBrkr,804,1157,0,1961,1,0,2,1,3,1,Gd,7,Typ,1,TA,BuiltIn,2001.0,Fin,2,560,TA,TA,Y,125,192,0,0,0,0,None,0,6,2009,WD,Normal,False,False,True,False,True
392,392,393,20,69.0,8339,None,IR1,Lvl,AllPub,Inside,Gtl,NAmes,Norm,Norm,1Fam,1Story,5,7,1959,1959,Gable,CompShg,MetalSd,MetalSd,None,0.0,TA,TA,Slab,None,None,None,None,0,None,0,0,0,GasA,TA,SBrkr,882,0,0,882,0,0,1,0,3,1,TA,5,Typ,0,None,Attchd,1959.0,RFn,1,294,TA,TA,Y,0,0,0,0,0,0,MnPrv,1200,7,2007,WD,Normal,False,False,True,False,True
393,393,394,30,69.0,7446,None,Reg,Lvl,AllPub,Corner,Gtl,BrkSide,Feedr,Norm,1Fam,1Story,4,5,1941,1950,Gable,CompShg,WdShing,Wd Shng,None,0.0,TA,TA,CBlock,TA,TA,No,Rec,266,Unf,0,522,788,GasA,TA,FuseA,788,0,0,788,0,0,1,0,2,1,TA,4,Typ,2,TA,None,1980.0,None,0,0,None,None,Y,0,0,0,0,0,0,GdWo,0,4,2006,WD,Abnorml,False,False,True,False,True
394,394,395,50,60.0,10134,None,Reg,Lvl,AllPub,Inside,Gtl,OldTown,Norm,Norm,1Fam,1.5Fin,5,6,1940,1950,Gable,CompShg,MetalSd,MetalSd,None,0.0,TA,TA,CBlock,TA,TA,No,Unf,0,Unf,0,735,735,GasA,Gd,FuseA,735,299,0,1034,0,0,1,0,2,1,TA,5,Typ,0,None,Detchd,1940.0,Unf,1,240,TA,TA,Y,0,39,0,0,0,0,None,0,7,2007,WD,Normal,False,False,True,False,True
395,395,396,20,68.0,9571,None,Reg,Lvl,AllPub,Inside,Gtl,Edwards,Norm,Norm,1Fam,1Story,5,6,1956,1956,Gable,CompShg,Wd Sdng,Wd Sdng,None,0.0,TA,TA,CBlock,TA,TA,Av,BLQ,739,Unf,0,405,1144,GasA,TA,SBrkr,1144,0,0,1144,1,0,1,0,3,1,TA,6,Typ,0,None,Attchd,1956.0,Unf,1,596,TA,TA,Y,44,0,0,0,0,0,None,0,6,2010,WD,Normal,False,False,True,False,True
396,396,397,20,60.0,7200,None,Reg,Low,AllPub,Inside,Gtl,CollgCr,Norm,Norm,1Fam,1Story,5,5,1972,1972,Hip,CompShg,MetalSd,MetalSd,None,0.0,TA,TA,CBlock,TA,TA,Av,Rec,777,Unf,0,117,894,GasA,TA,SBrkr,894,0,0,894,0,0,1,0,2,1,TA,6,Typ,0,None,Detchd,1985.0,RFn,2,600,TA,TA,Y,215,0,0,0,0,0,None,0,9,2009,WD,Normal,False,False,True,False,True
397,397,398,60,69.0,7590,None,Reg,Lvl,AllPub,Inside,Gtl,NAmes,PosN,Norm,1Fam,2Story,5,5,1962,1962,Gable,CompShg,VinylSd,VinylSd,BrkFace,288.0,TA,TA,CBlock,TA,TA,No,ALQ,540,Unf,0,324,864,GasA,TA,SBrkr,876,936,0,1812,0,0,2,0,4,1,TA,8,Typ,1,TA,Attchd,1962.0,RFn,1,264,TA,TA,Y,0,168,0,0,0,0,None,0,7,2007,WD,Normal,False,False,True,False,True
398,398,399,30,60.0,8967,None,Reg,Lvl,AllPub,Corner,Gtl,IDOTRR,Norm,Norm,1Fam,1Story,5,2,1920,1950,Gable,CompShg,MetalSd,MetalSd,None,0.0,TA,Fa,BrkTil,Fa,Po,No,Unf,0,Unf,0,961,961,GasA,Gd,Mix,1077,0,0,1077,0,0,1,0,2,1,TA,6,Maj2,0,None,Detchd,1920.0,Unf,1,338,Po,Po,N,0,0,0,0,0,0,None,0,11,2007,WD,Abnorml,False,False,False,True,True
399,399,400,60,65.0,8125,None,Reg,Lvl,AllPub,Inside,Gtl,Somerst,Norm,Norm,1Fam,2Story,7,5,2006,2007,Gable,CompShg,CemntBd,CmentBd,Stone,100.0,Gd,TA,PConc,Gd,TA,No,GLQ,812,Unf,0,280,1092,GasA,Ex,SBrkr,1112,438,0,1550,1,0,2,0,2,1,Gd,7,Typ,0,None,Attchd,2007.0,Fin,2,438,TA,TA,Y,0,168,0,0,0,0,None,0,10,2009,WD,Normal,True,False,False,False,True
400,400,401,120,38.0,14963,None,IR2,Lvl,AllPub,Inside,Gtl,Veenker,Norm,Norm,TwnhsE,1Story,8,5,1996,1996,Gable,CompShg,BrkFace,BrkFace,None,0.0,Gd,TA,PConc,Gd,TA,No,GLQ,786,Unf,0,474,1260,GasA,Ex,SBrkr,1288,0,0,1288,1,0,1,1,1,1,Ex,4,Typ,2,Gd,Attchd,1996.0,Fin,2,500,TA,TA,Y,120,30,0,0,224,0,None,0,12,2008,WD,Normal,False,False,True,False,True
401,401,402,20,65.0,8767,None,IR1,Lvl,AllPub,Inside,Gtl,CollgCr,Norm,Norm,1Fam,1Story,7,5,2005,2005,Gable,CompShg,VinylSd,VinylSd,None,0.0,Gd,TA,PConc,Gd,TA,Av,GLQ,24,Unf,0,1286,1310,GasA,Ex,SBrkr,1310,0,0,1310,0,0,2,0,3,1,Gd,6,Typ,1,Gd,Attchd,2005.0,Fin,2,400,TA,TA,Y,0,0,0,0,0,0,None,0,7,2006,New,Partial,False,False,True,False,True
402,402,403,30,60.0,10200,None,Reg,Lvl,AllPub,Inside,Gtl,Sawyer,Norm,Norm,1Fam,1Story,5,8,1940,1997,Gable,CompShg,Wd Sdng,Wd Sdng,None,0.0,TA,TA,PConc,TA,TA,No,Unf,0,Unf,0,672,672,GasA,Ex,SBrkr,672,0,0,672,0,0,1,0,2,1,TA,4,Typ,0,None,Detchd,1940.0,Unf,1,240,TA,TA,N,168,0,0,0,0,0,GdPrv,0,8,2008,WD,Normal,False,False,True,False,True
403,403,404,60,93.0,12090,None,Reg,Lvl,AllPub,Corner,Gtl,NoRidge,Norm,Norm,1Fam,2Story,8,5,1998,1998,Hip,CompShg,VinylSd,VinylSd,BrkFace,650.0,Gd,TA,PConc,Gd,TA,No,Unf,0,Unf,0,1141,1141,GasA,Gd,SBrkr,1165,1098,0,2263,0,0,2,1,4,1,Gd,10,Typ,1,TA,BuiltIn,1998.0,Fin,2,420,TA,TA,Y,144,123,0,0,0,0,None,0,7,2006,WD,Abnorml,False,False,True,False,True
404,404,405,60,69.0,10364,None,IR1,Lvl,AllPub,Inside,Gtl,Gilbert,Norm,Norm,1Fam,2Story,6,5,1995,1996,Gable,CompShg,MetalSd,MetalSd,None,0.0,TA,TA,PConc,Gd,TA,No,Unf,0,Unf,0,806,806,GasA,Gd,SBrkr,806,766,0,1572,0,0,2,1,3,1,TA,7,Typ,1,TA,BuiltIn,1995.0,Fin,2,373,TA,TA,Y,0,40,0,0,0,0,None,0,5,2007,WD,Normal,False,False,True,False,True
405,405,406,20,69.0,9991,None,IR1,Lvl,AllPub,Corner,Gtl,Sawyer,Feedr,Norm,1Fam,1Story,4,4,1976,1993,Gable,CompShg,Plywood,Plywood,None,0.0,TA,TA,CBlock,TA,TA,No,BLQ,1116,Unf,0,165,1281,GasA,Ex,SBrkr,1620,0,0,1620,1,0,2,0,3,1,TA,8,Min1,1,TA,Attchd,1993.0,Unf,2,490,TA,TA,Y,120,78,0,0,0,0,GdWo,0,6,2009,WD,Normal,False,False,True,False,True
406,406,407,50,51.0,10480,None,Reg,Lvl,AllPub,Inside,Gtl,SWISU,Norm,Norm,1Fam,1.5Fin,6,5,1936,1950,Gable,CompShg,MetalSd,MetalSd,None,0.0,TA,TA,BrkTil,TA,TA,No,Unf,0,Unf,0,1064,1064,GasA,Ex,FuseA,1166,0,473,1639,0,0,1,0,3,1,TA,6,Maj2,0,None,Detchd,1936.0,Unf,1,240,TA,TA,Y,0,0,0,0,0,0,None,0,3,2008,WD,Normal,False,False,True,False,True
407,407,408,70,63.0,15576,None,Reg,Lvl,AllPub,Inside,Gtl,Crawfor,Norm,Norm,1Fam,2Story,6,7,1915,1976,Gable,CompShg,Wd Sdng,Plywood,None,0.0,TA,TA,BrkTil,Gd,TA,No,Unf,0,Unf,0,840,840,GasA,Ex,SBrkr,840,840,0,1680,0,0,2,0,4,1,TA,8,Typ,0,None,Attchd,1960.0,Unf,1,308,TA,TA,Y,0,0,160,0,0,0,None,0,3,2008,WD,Normal,False,False,True,False,True
408,408,409,60,109.0,14154,None,Reg,Lvl,AllPub,Corner,Gtl,NridgHt,Norm,Norm,1Fam,2Story,7,5,2006,2006,Gable,CompShg,VinylSd,VinylSd,BrkFace,350.0,Gd,TA,PConc,Ex,Gd,No,Unf,0,Unf,0,1063,1063,GasA,Ex,SBrkr,1071,1101,0,2172,0,0,2,1,3,1,Gd,9,Typ,1,Gd,Attchd,2006.0,RFn,3,947,TA,TA,Y,192,62,0,0,0,0,None,0,8,2007,New,Partial,False,False,True,False,True
409,409,410,60,85.0,10800,None,Reg,Lvl,AllPub,Inside,Gtl,Somerst,Norm,Norm,1Fam,2Story,8,5,2007,2008,Gable,CompShg,VinylSd,VinylSd,Stone,100.0,Gd,TA,PConc,Ex,TA,No,GLQ,789,Unf,0,245,1034,GasA,Ex,SBrkr,1050,1028,0,2078,1,0,2,1,3,1,Ex,8,Typ,1,Gd,Attchd,2008.0,Fin,3,836,TA,TA,Y,0,102,0,0,0,0,None,0,4,2008,New,Partial,True,False,False,False,True
410,410,411,20,68.0,9571,None,Reg,Lvl,AllPub,Inside,Gtl,Edwards,Norm,Norm,1Fam,1Story,5,3,1958,1958,Gable,CompShg,BrkComm,Brk Cmn,None,0.0,TA,Fa,CBlock,TA,Fa,No,Unf,0,Unf,0,1276,1276,GasA,TA,FuseA,1276,0,0,1276,0,0,1,0,3,1,TA,5,Mod,0,None,Attchd,1958.0,Unf,1,350,TA,TA,Y,0,0,0,0,0,0,None,0,6,2009,COD,Abnorml,False,False,True,False,True
411,411,412,190,100.0,34650,None,Reg,Bnk,AllPub,Inside,Gtl,Gilbert,Norm,Norm,2fmCon,1Story,5,5,1955,1955,Hip,CompShg,Wd Sdng,Wd Sdng,None,0.0,TA,TA,CBlock,TA,TA,Mn,Rec,1056,Unf,0,0,1056,GasA,TA,SBrkr,1056,0,0,1056,1,0,1,0,3,1,TA,5,Typ,0,None,Attchd,1955.0,Fin,2,572,TA,TA,Y,264,0,0,0,0,0,None,0,1,2006,WD,Normal,False,False,True,False,True
412,412,413,20,69.0,4403,None,IR2,Lvl,AllPub,Inside,Gtl,Somerst,Norm,Norm,1Fam,1Story,7,5,2009,2009,Gable,CompShg,MetalSd,MetalSd,Stone,432.0,Ex,TA,PConc,Ex,TA,Av,GLQ,578,Unf,0,892,1470,GasA,Ex,SBrkr,1478,0,0,1478,1,0,2,1,2,1,Gd,7,Typ,1,Gd,Attchd,2009.0,Fin,2,484,TA,TA,Y,0,144,0,0,0,0,None,0,6,2010,New,Partial,True,False,False,False,True
413,413,414,30,56.0,8960,Grvl,Reg,Lvl,AllPub,Inside,Gtl,OldTown,Artery,Norm,1Fam,1Story,5,6,1927,1950,Gable,CompShg,WdShing,Wd Shng,None,0.0,TA,TA,CBlock,TA,TA,No,Unf,0,Unf,0,1008,1008,GasA,Gd,FuseA,1028,0,0,1028,0,0,1,0,2,1,TA,5,Typ,1,Gd,Detchd,1927.0,Unf,2,360,TA,TA,Y,0,0,130,0,0,0,None,0,3,2010,WD,Normal,False,False,False,True,True
414,414,415,60,59.0,11228,None,IR2,Lvl,AllPub,CulDSac,Gtl,SawyerW,Norm,Norm,1Fam,2Story,7,5,1993,1993,Gable,CompShg,VinylSd,VinylSd,None,0.0,Gd,TA,PConc,Gd,TA,No,BLQ,50,GLQ,531,499,1080,GasA,Ex,SBrkr,1080,1017,0,2097,0,1,2,1,3,1,Gd,9,Typ,1,TA,Attchd,1993.0,Unf,3,678,TA,TA,Y,196,187,0,0,0,0,None,0,12,2008,WD,Normal,False,False,True,False,True
415,415,416,20,73.0,8899,None,IR1,Lvl,AllPub,Inside,Gtl,Gilbert,Norm,Norm,1Fam,1Story,7,5,2007,2007,Gable,CompShg,VinylSd,VinylSd,None,0.0,Gd,TA,PConc,Gd,TA,Av,GLQ,24,Unf,0,1316,1340,GasA,Ex,SBrkr,1340,0,0,1340,0,0,2,0,3,1,Gd,6,Typ,0,None,Attchd,2007.0,Fin,2,396,TA,TA,Y,100,30,0,0,0,0,None,0,8,2007,New,Partial,False,False,True,False,True
416,416,417,60,74.0,7844,None,Reg,Lvl,AllPub,Inside,Gtl,Sawyer,Norm,Norm,1Fam,2Story,6,7,1978,1978,Hip,CompShg,HdBoard,HdBoard,BrkFace,203.0,TA,TA,CBlock,TA,TA,No,ALQ,209,Unf,0,463,672,GasA,TA,SBrkr,672,728,0,1400,0,0,1,1,3,1,TA,6,Typ,1,TA,Attchd,1978.0,Fin,2,440,TA,TA,Y,0,0,0,0,0,0,None,0,3,2006,WD,Normal,False,False,True,False,True
417,417,418,70,86.0,22420,None,IR1,Lvl,AllPub,Inside,Gtl,Crawfor,Feedr,Norm,1Fam,2Story,6,6,1918,1950,Hip,CompShg,Wd Sdng,Stucco,None,0.0,TA,TA,BrkTil,Gd,TA,No,BLQ,1128,Unf,0,242,1370,GasW,TA,FuseA,1370,1254,0,2624,1,0,2,1,4,1,TA,10,Typ,1,Gd,Detchd,1918.0,Unf,3,864,TA,TA,N,0,0,0,0,0,0,None,0,11,2007,WD,Normal,False,False,True,False,True
418,418,419,50,60.0,8160,None,Reg,Lvl,AllPub,Inside,Gtl,Edwards,Norm,Norm,1Fam,1.5Fin,5,6,1940,1950,Gable,CompShg,MetalSd,MetalSd,None,0.0,TA,TA,BrkTil,TA,TA,No,ALQ,312,Unf,0,444,756,GasA,Fa,FuseF,756,378,0,1134,1,0,1,1,3,1,TA,7,Typ,0,None,Detchd,1940.0,Unf,1,240,TA,TA,P,0,0,0,0,0,0,None,0,4,2007,WD,AdjLand,False,False,True,False,True
419,419,420,20,65.0,8450,None,Reg,Lvl,AllPub,Inside,Gtl,NAmes,Norm,Norm,1Fam,1Story,5,6,1968,1968,Gable,CompShg,VinylSd,VinylSd,None,0.0,TA,TA,CBlock,TA,TA,No,BLQ,775,Unf,0,281,1056,GasA,Ex,SBrkr,1056,0,0,1056,1,0,1,0,3,1,TA,6,Typ,1,Fa,Attchd,1968.0,Unf,1,304,TA,TA,Y,0,85,184,0,0,0,None,0,7,2010,WD,Normal,False,False,True,False,True
420,420,421,90,78.0,7060,None,Reg,Lvl,AllPub,Inside,Gtl,Mitchel,Norm,Norm,Duplex,SFoyer,7,5,1997,1998,Gable,CompShg,VinylSd,VinylSd,BrkFace,200.0,TA,Gd,PConc,Gd,Gd,Gd,GLQ,1309,Unf,0,35,1344,GasA,Ex,SBrkr,1344,0,0,1344,2,0,2,0,2,2,TA,8,Typ,0,None,Attchd,1997.0,Fin,4,784,TA,TA,Y,0,0,0,0,0,0,None,0,11,2008,WD,Alloca,False,False,False,True,True
421,421,422,20,69.0,16635,None,IR1,Lvl,AllPub,FR2,Gtl,NWAmes,Norm,Norm,1Fam,1Story,6,7,1977,2000,Gable,CompShg,CemntBd,CmentBd,Stone,126.0,Gd,TA,CBlock,Gd,TA,No,ALQ,1246,Unf,0,356,1602,GasA,Gd,SBrkr,1602,0,0,1602,0,1,2,0,3,1,Gd,8,Typ,1,TA,Attchd,1977.0,Fin,2,529,TA,TA,Y,240,0,0,0,0,0,None,0,6,2009,WD,Normal,False,False,True,False,True
422,422,423,20,100.0,21750,None,Reg,HLS,AllPub,Inside,Mod,Mitchel,Artery,Norm,1Fam,1Story,5,5,1954,1954,Hip,CompShg,HdBoard,HdBoard,None,0.0,TA,TA,CBlock,TA,TA,No,Unf,0,Unf,0,988,988,GasA,Ex,FuseA,988,0,0,988,0,0,1,0,2,1,TA,4,Typ,0,None,Attchd,1954.0,RFn,2,520,TA,TA,N,0,0,0,0,0,0,None,0,2,2008,WD,Normal,False,False,True,False,True
423,423,424,60,80.0,9200,None,Reg,Lvl,AllPub,Inside,Gtl,NoRidge,Norm,Norm,1Fam,2Story,8,5,1998,1998,Gable,CompShg,VinylSd,VinylSd,BrkFace,473.0,Gd,TA,PConc,Gd,TA,No,GLQ,986,Unf,0,484,1470,GasA,Gd,SBrkr,1470,1160,0,2630,1,0,2,1,4,1,Gd,8,Typ,1,TA,Attchd,1998.0,Fin,3,696,TA,TA,Y,0,66,0,0,0,0,None,0,6,2008,WD,Normal,False,False,True,False,True
424,424,425,20,72.0,9000,None,Reg,Lvl,AllPub,Inside,Gtl,NAmes,Norm,Norm,1Fam,1Story,6,5,1956,1956,Gable,CompShg,Wd Sdng,Wd Sdng,BrkFace,74.0,TA,TA,CBlock,Gd,TA,No,LwQ,616,Unf,0,580,1196,GasA,Gd,FuseA,1196,0,0,1196,1,0,1,0,2,1,TA,6,Typ,1,Gd,Attchd,1956.0,RFn,1,297,TA,TA,Y,0,44,0,0,0,0,None,0,5,2008,WD,Normal,False,False,True,False,True
425,425,426,60,60.0,3378,Grvl,Reg,HLS,AllPub,Inside,Gtl,OldTown,Norm,Norm,1Fam,2Story,7,8,1946,1992,Gable,CompShg,HdBoard,HdBoard,None,0.0,TA,Gd,CBlock,TA,TA,No,Unf,0,Unf,0,651,651,GasA,Gd,SBrkr,707,682,0,1389,0,0,1,1,3,1,TA,6,Typ,2,Gd,Detchd,1947.0,Unf,1,240,TA,TA,P,0,0,126,0,0,0,None,0,9,2009,WD,Normal,False,False,False,True,True
426,426,427,80,69.0,12800,None,Reg,Low,AllPub,Inside,Mod,SawyerW,Norm,Norm,1Fam,SLvl,7,5,1989,1989,Gable,CompShg,Wd Sdng,Wd Sdng,BrkFace,145.0,Gd,TA,PConc,Gd,TA,Gd,GLQ,1518,Unf,0,0,1518,GasA,Gd,SBrkr,1644,0,0,1644,1,1,2,0,2,1,Gd,5,Typ,1,TA,Attchd,1989.0,Fin,2,569,TA,TA,Y,80,0,0,0,396,0,None,0,8,2009,WD,Normal,False,False,True,False,True
427,427,428,20,77.0,8593,None,IR1,Lvl,AllPub,Inside,Gtl,NAmes,Norm,Norm,1Fam,1Story,4,6,1957,1957,Hip,CompShg,MetalSd,MetalSd,None,0.0,TA,TA,CBlock,TA,TA,No,Rec,288,Unf,0,619,907,GasA,Ex,SBrkr,907,0,0,907,0,0,1,0,3,1,TA,5,Typ,0,None,Detchd,1964.0,Unf,1,352,TA,TA,Y,0,0,0,0,0,0,None,0,7,2008,WD,Normal,False,False,True,False,True
428,428,429,20,64.0,6762,None,Reg,Lvl,AllPub,Inside,Gtl,CollgCr,Norm,Norm,1Fam,1Story,7,5,2007,2007,Gable,CompShg,VinylSd,VinylSd,BrkFace,108.0,Gd,TA,PConc,Gd,TA,No,GLQ,664,Unf,0,544,1208,GasA,Ex,SBrkr,1208,0,0,1208,1,0,2,0,2,1,Gd,6,Typ,0,None,Attchd,2007.0,RFn,2,628,TA,TA,Y,105,54,0,0,0,0,None,0,9,2007,New,Partial,False,False,True,False,True
429,429,430,20,130.0,11457,None,IR1,Lvl,AllPub,Corner,Gtl,Timber,Norm,Norm,1Fam,1Story,6,5,1988,1988,Gable,CompShg,HdBoard,HdBoard,None,0.0,TA,TA,CBlock,Gd,TA,Mn,GLQ,1005,Unf,0,387,1392,GasA,TA,SBrkr,1412,0,0,1412,1,0,2,0,3,1,Gd,6,Typ,1,TA,Attchd,1988.0,Unf,2,576,TA,TA,Y,0,0,169,0,0,0,None,0,3,2009,WD,Normal,False,False,True,False,True
430,430,431,160,21.0,1680,None,Reg,Lvl,AllPub,Inside,Gtl,BrDale,Norm,Norm,Twnhs,2Story,6,5,1971,1971,Gable,CompShg,HdBoard,HdBoard,BrkFace,232.0,TA,TA,CBlock,TA,TA,No,ALQ,387,Unf,0,96,483,GasA,TA,SBrkr,483,504,0,987,0,0,1,1,2,1,TA,4,Typ,0,None,Detchd,1971.0,Unf,1,264,TA,TA,Y,0,0,0,0,0,0,None,0,7,2008,COD,Abnorml,False,False,False,True,True
431,431,432,50,60.0,5586,None,IR1,Bnk,AllPub,Inside,Gtl,OldTown,Feedr,Norm,1Fam,1.5Fin,6,7,1920,1998,Gable,CompShg,MetalSd,MetalSd,None,0.0,TA,TA,BrkTil,TA,TA,No,Unf,0,Unf,0,901,901,GasA,Gd,SBrkr,1088,110,0,1198,0,0,1,0,4,1,TA,7,Typ,0,None,None,1980.0,None,0,0,None,None,N,0,98,0,0,0,0,MnPrv,0,9,2008,ConLD,Abnorml,False,False,False,True,True
432,432,433,160,24.0,1920,None,Reg,Lvl,AllPub,Inside,Gtl,BrDale,Norm,Norm,TwnhsE,2Story,5,5,1971,1971,Gable,CompShg,HdBoard,HdBoard,BrkFace,376.0,TA,TA,CBlock,TA,TA,No,ALQ,471,Unf,0,294,765,GasA,Ex,SBrkr,765,600,0,1365,1,0,1,1,2,1,TA,6,Min1,0,None,Detchd,1971.0,Unf,2,440,TA,TA,Y,240,36,0,0,0,0,None,0,8,2007,WD,Normal,False,False,False,True,True
433,433,434,60,100.0,10839,None,IR1,Lvl,AllPub,Corner,Gtl,Gilbert,Norm,Norm,1Fam,2Story,6,5,1997,1998,Gable,CompShg,VinylSd,VinylSd,None,0.0,TA,TA,PConc,Gd,TA,No,Unf,0,Unf,0,926,926,GasA,Ex,SBrkr,926,678,0,1604,0,0,2,1,3,1,TA,7,Typ,1,TA,Attchd,1997.0,Fin,2,470,TA,TA,Y,0,36,0,0,0,0,None,0,7,2008,WD,Normal,False,False,True,False,True
434,434,435,180,21.0,1890,None,Reg,Lvl,AllPub,Inside,Gtl,MeadowV,Norm,Norm,Twnhs,SFoyer,4,7,1972,1972,Gable,CompShg,CemntBd,CmentBd,None,0.0,TA,Gd,CBlock,Gd,TA,Av,ALQ,495,Unf,0,135,630,GasA,Gd,SBrkr,630,0,0,630,1,0,1,0,1,1,TA,3,Typ,0,None,None,1980.0,None,0,0,None,None,Y,88,0,0,0,0,0,None,0,6,2008,WD,Normal,False,False,False,True,True
435,435,436,60,43.0,10667,None,IR2,Lvl,AllPub,CulDSac,Gtl,CollgCr,PosN,Norm,1Fam,2Story,7,6,1996,1996,Gable,CompShg,VinylSd,VinylSd,None,0.0,Gd,TA,PConc,Gd,TA,Av,GLQ,385,ALQ,344,70,799,GasA,Ex,SBrkr,827,834,0,1661,1,0,2,1,3,1,Gd,6,Typ,1,TA,Attchd,1996.0,RFn,2,550,TA,TA,Y,158,61,0,0,0,0,None,0,4,2009,ConLw,Normal,False,False,True,False,True
436,436,437,50,40.0,4400,None,Reg,Lvl,AllPub,Inside,Gtl,OldTown,Norm,Norm,1Fam,1.5Fin,6,8,1920,1950,Gable,CompShg,Stucco,Stucco,None,0.0,TA,TA,BrkTil,Fa,TA,No,Unf,0,Unf,0,648,648,GasA,TA,FuseA,734,384,0,1118,0,0,1,0,2,1,TA,6,Typ,0,None,Detchd,1990.0,Unf,2,440,TA,TA,Y,0,0,0,0,0,0,None,0,10,2006,WD,Normal,False,False,False,True,True
437,437,438,45,50.0,6000,None,Reg,Lvl,AllPub,Inside,Gtl,BrkSide,Norm,Norm,1Fam,1.5Unf,6,7,1926,2004,Gable,CompShg,Wd Sdng,Wd Sdng,None,0.0,Gd,TA,PConc,TA,TA,No,Unf,0,Unf,0,884,884,GasA,Gd,SBrkr,904,0,0,904,0,0,1,0,2,1,TA,4,Typ,0,None,Detchd,1926.0,Unf,1,180,TA,TA,Y,0,0,105,0,0,0,None,0,1,2009,WD,Normal,False,False,False,True,True
438,438,439,30,40.0,4280,None,Reg,Lvl,AllPub,Inside,Gtl,Crawfor,Norm,Norm,1Fam,1Story,5,6,1913,2002,Gable,CompShg,WdShing,Stucco,None,0.0,TA,TA,PConc,TA,TA,No,LwQ,365,Unf,0,75,440,GasA,TA,SBrkr,694,0,0,694,0,0,1,0,2,1,Gd,4,Typ,1,Gd,Detchd,1990.0,Unf,1,352,Gd,TA,P,0,0,34,0,0,0,MnPrv,0,3,2007,WD,Normal,False,False,True,False,True
439,439,440,50,67.0,12354,Grvl,Reg,Lvl,AllPub,Corner,Gtl,Edwards,Norm,Norm,1Fam,1.5Fin,6,8,1920,2000,Gable,CompShg,Wd Sdng,Wd Sdng,None,0.0,TA,TA,BrkTil,TA,Fa,Mn,Unf,0,Unf,0,684,684,GasA,Gd,SBrkr,684,512,0,1196,0,0,1,0,3,1,Gd,7,Typ,0,None,Detchd,2005.0,Unf,2,528,TA,TA,Y,0,46,0,0,0,0,GdPrv,800,8,2009,ConLI,Normal,False,False,True,False,True
440,440,441,20,105.0,15431,None,Reg,Lvl,AllPub,Inside,Gtl,NridgHt,Norm,Norm,1Fam,1Story,10,5,2008,2008,Hip,CompShg,VinylSd,VinylSd,Stone,200.0,Ex,TA,PConc,Ex,TA,Gd,GLQ,1767,ALQ,539,788,3094,GasA,Ex,SBrkr,2402,0,0,2402,1,0,2,0,2,1,Ex,10,Typ,2,Gd,Attchd,2008.0,Fin,3,672,TA,TA,Y,0,72,0,0,170,0,None,0,4,2009,WD,Normal,False,False,True,False,True
441,441,442,90,92.0,12108,None,Reg,Lvl,AllPub,Inside,Gtl,Edwards,Norm,Norm,Duplex,1Story,4,4,1955,1955,Gable,CompShg,VinylSd,VinylSd,BrkFace,270.0,TA,TA,CBlock,TA,TA,No,ALQ,133,Unf,0,1307,1440,GasA,TA,FuseF,1440,0,0,1440,0,0,2,0,4,2,Fa,8,Typ,0,None,None,1980.0,None,0,0,None,None,Y,0,0,0,0,0,0,None,0,9,2008,WD,Normal,False,False,True,False,True
442,442,443,50,52.0,6240,None,Reg,Lvl,AllPub,Inside,Gtl,BrkSide,Norm,Norm,1Fam,1.5Fin,5,7,1930,1992,Gable,CompShg,MetalSd,MetalSd,None,0.0,TA,TA,PConc,TA,TA,No,Unf,0,Unf,0,1078,1078,GasA,TA,SBrkr,1128,445,0,1573,0,0,2,0,3,1,TA,8,Typ,1,Gd,Detchd,1930.0,Unf,2,360,TA,TA,P,0,0,0,0,0,0,None,0,6,2008,WD,Normal,False,False,False,True,True
443,443,444,120,53.0,3922,None,Reg,Lvl,AllPub,Inside,Gtl,Blmngtn,Norm,Norm,TwnhsE,1Story,7,5,2006,2007,Gable,CompShg,WdShing,Wd Shng,BrkFace,72.0,Gd,TA,PConc,Ex,TA,Av,Unf,0,Unf,0,1258,1258,GasA,Ex,SBrkr,1258,0,0,1258,0,0,2,0,2,1,Gd,6,Typ,1,Gd,Attchd,2007.0,Fin,3,648,TA,TA,Y,144,16,0,0,0,0,None,0,6,2007,New,Partial,False,False,True,False,True
444,444,445,60,70.0,8750,None,Reg,Lvl,AllPub,Inside,Gtl,CollgCr,Norm,Norm,1Fam,2Story,7,5,1994,1995,Gable,CompShg,VinylSd,VinylSd,None,0.0,Gd,Gd,PConc,Gd,TA,No,GLQ,642,Unf,0,273,915,GasA,Ex,SBrkr,933,975,0,1908,1,0,2,1,4,1,Gd,8,Typ,1,TA,Attchd,1994.0,Unf,2,493,TA,TA,Y,144,133,0,0,0,0,None,0,7,2008,WD,Normal,False,False,True,False,True
445,445,446,20,73.0,9855,None,Reg,Lvl,AllPub,Corner,Gtl,Edwards,Norm,Norm,1Fam,1Story,6,5,1956,1956,Hip,CompShg,Wd Sdng,Wd Sdng,None,0.0,TA,TA,CBlock,TA,TA,No,Unf,0,Unf,0,1436,1436,GasA,Fa,SBrkr,1689,0,0,1689,0,0,1,0,3,1,TA,7,Typ,1,Gd,Attchd,1956.0,Unf,2,480,TA,TA,Y,0,0,0,0,0,0,MnPrv,0,11,2009,COD,Normal,False,False,True,False,True
446,446,447,20,137.0,16492,None,IR1,Lvl,AllPub,Corner,Gtl,NAmes,PosA,Norm,1Fam,1Story,6,6,1966,2002,Gable,CompShg,BrkFace,Plywood,None,0.0,Gd,TA,CBlock,TA,TA,No,ALQ,247,Rec,713,557,1517,GasA,Ex,SBrkr,1888,0,0,1888,0,0,2,1,2,1,Gd,6,Mod,1,Gd,Attchd,1966.0,Fin,2,578,TA,TA,Y,0,0,0,0,0,0,None,0,6,2010,WD,Normal,False,False,True,False,True
447,447,448,60,69.0,11214,None,IR1,Lvl,AllPub,Corner,Gtl,Gilbert,Norm,Norm,1Fam,2Story,7,5,1998,1999,Gable,CompShg,VinylSd,VinylSd,None,0.0,Gd,TA,PConc,Gd,TA,No,Unf,0,Unf,0,930,930,GasA,Gd,SBrkr,956,930,0,1886,0,0,2,1,4,1,Gd,10,Typ,1,TA,Attchd,1998.0,Fin,2,431,TA,TA,Y,89,0,0,0,0,0,None,0,7,2006,WD,Normal,False,False,True,False,True
448,448,449,50,50.0,8600,None,Reg,Bnk,AllPub,Inside,Gtl,IDOTRR,Norm,Norm,1Fam,1.5Fin,6,6,1937,1950,Gable,CompShg,MetalSd,MetalSd,None,0.0,TA,TA,BrkTil,TA,TA,No,Unf,0,Unf,0,780,780,GasA,TA,SBrkr,780,596,0,1376,0,0,2,0,3,1,TA,7,Typ,1,Gd,Detchd,1937.0,Unf,1,198,TA,TA,N,0,0,0,0,0,0,None,0,6,2006,WD,Normal,False,False,False,True,True
449,449,450,50,50.0,6000,None,Reg,Lvl,AllPub,Inside,Gtl,OldTown,Norm,Norm,1Fam,1.5Fin,3,7,1948,2002,Gable,CompShg,MetalSd,MetalSd,None,0.0,TA,Gd,CBlock,TA,TA,No,ALQ,331,Unf,0,318,649,GasA,Ex,SBrkr,679,504,0,1183,0,0,1,1,2,1,TA,6,Typ,0,None,Detchd,1981.0,Unf,1,308,TA,TA,Y,0,176,0,0,0,0,None,0,6,2007,WD,Normal,False,False,False,True,True
450,450,451,30,70.0,5684,None,Reg,Lvl,AllPub,Inside,Gtl,OldTown,Norm,Norm,1Fam,1Story,6,8,1930,2005,Hip,CompShg,Wd Sdng,Wd Sdng,None,0.0,TA,TA,BrkTil,TA,TA,No,Unf,0,Unf,0,813,813,GasA,Ex,FuseA,813,0,0,813,0,0,1,0,2,1,Gd,5,Typ,0,None,Detchd,1932.0,Unf,1,270,Fa,Fa,N,0,113,0,0,0,0,None,0,6,2006,WD,Normal,False,False,False,True,True
451,451,452,20,62.0,70761,None,IR1,Low,AllPub,Inside,Mod,ClearCr,Norm,Norm,1Fam,1Story,7,5,1975,1975,Gable,WdShngl,Plywood,Plywood,None,0.0,TA,TA,CBlock,Gd,TA,Gd,ALQ,655,Unf,0,878,1533,GasA,TA,SBrkr,1533,0,0,1533,1,0,2,0,2,1,Gd,5,Typ,2,TA,Attchd,1975.0,Unf,2,576,TA,TA,Y,200,54,0,0,0,0,None,0,12,2006,WD,Normal,False,False,True,False,True
452,452,453,60,69.0,9303,None,IR1,Lvl,AllPub,Corner,Gtl,Timber,Norm,Norm,1Fam,2Story,6,5,1996,1997,Hip,CompShg,VinylSd,VinylSd,BrkFace,42.0,Gd,TA,PConc,Ex,TA,No,ALQ,742,Unf,0,130,872,GasA,Ex,SBrkr,888,868,0,1756,1,0,2,1,3,1,TA,7,Typ,0,None,Attchd,1996.0,Fin,2,422,TA,TA,Y,144,122,0,0,0,0,None,0,7,2007,WD,Normal,False,False,True,False,True
453,453,454,60,75.0,9000,None,Reg,Lvl,AllPub,Inside,Gtl,Somerst,Norm,Norm,1Fam,2Story,8,5,2008,2008,Gable,CompShg,VinylSd,VinylSd,None,0.0,Gd,TA,PConc,Gd,TA,No,Unf,0,Unf,0,768,768,GasA,Ex,SBrkr,786,804,0,1590,0,0,2,1,3,1,Gd,6,Typ,0,None,Attchd,2008.0,RFn,2,676,TA,TA,Y,0,30,0,0,0,0,None,0,6,2009,WD,Normal,True,False,False,False,True
454,454,455,90,63.0,9297,None,Reg,Lvl,AllPub,Inside,Gtl,Mitchel,Norm,Norm,Duplex,1Story,5,5,1976,1976,Gable,CompShg,Plywood,Plywood,None,0.0,TA,TA,CBlock,TA,TA,No,ALQ,1606,Unf,0,122,1728,GasA,TA,SBrkr,1728,0,0,1728,2,0,2,0,4,2,TA,8,Typ,0,None,Detchd,1976.0,Unf,2,560,TA,TA,Y,0,0,0,0,0,0,None,0,7,2006,WD,Family,False,False,True,False,True
455,455,456,20,80.0,9600,None,Reg,Lvl,AllPub,Inside,Gtl,NWAmes,Norm,Norm,1Fam,1Story,7,6,1973,1973,Hip,CompShg,HdBoard,HdBoard,BrkFace,320.0,TA,TA,CBlock,TA,TA,No,ALQ,916,Unf,0,326,1242,GasA,Fa,SBrkr,1242,0,0,1242,0,0,1,1,3,1,TA,6,Typ,1,TA,Attchd,1973.0,Unf,2,528,TA,TA,Y,0,0,0,0,0,0,None,0,9,2007,WD,Normal,False,False,True,False,True
456,456,457,70,34.0,4571,Grvl,Reg,Lvl,AllPub,Inside,Gtl,OldTown,Norm,Norm,1Fam,2Story,5,5,1916,1950,Gable,CompShg,AsbShng,AsbShng,None,0.0,TA,TA,BrkTil,TA,TA,No,Unf,0,Unf,0,624,624,GasA,Fa,SBrkr,624,720,0,1344,0,0,1,0,4,1,TA,7,Typ,0,None,Detchd,1916.0,Unf,3,513,Fa,Fa,Y,0,0,96,0,0,0,None,0,5,2008,COD,Abnorml,False,False,False,True,True
457,457,458,20,69.0,53227,None,IR1,Low,AllPub,CulDSac,Mod,ClearCr,Norm,Norm,1Fam,1Story,4,6,1954,1994,Flat,Tar&Grv,Plywood,Plywood,None,0.0,TA,TA,CBlock,Gd,TA,Gd,BLQ,1116,Unf,0,248,1364,GasA,Ex,SBrkr,1663,0,0,1663,1,0,1,0,2,1,Gd,6,Min1,2,Gd,Attchd,1954.0,Fin,2,529,TA,TA,Y,224,137,0,0,0,0,None,0,3,2008,WD,Normal,False,False,True,False,True
458,458,459,70,69.0,5100,Grvl,Reg,Lvl,AllPub,Inside,Gtl,OldTown,Norm,Norm,1Fam,2Story,8,7,1925,1996,Hip,CompShg,Stucco,Wd Shng,None,0.0,TA,Gd,PConc,TA,TA,No,Unf,0,Unf,0,588,588,GasA,Fa,SBrkr,833,833,0,1666,0,0,1,0,3,1,Gd,7,Typ,1,Gd,Detchd,1925.0,Unf,1,228,TA,TA,Y,192,63,0,0,0,0,MnPrv,0,6,2008,WD,Normal,False,False,False,True,True
459,459,460,50,69.0,7015,None,IR1,Bnk,AllPub,Corner,Gtl,BrkSide,Norm,Norm,1Fam,1.5Fin,5,4,1950,1950,Gable,CompShg,MetalSd,MetalSd,BrkCmn,161.0,TA,TA,CBlock,TA,TA,No,LwQ,185,Unf,0,524,709,GasA,TA,SBrkr,979,224,0,1203,1,0,1,0,3,1,Gd,5,Typ,1,TA,Detchd,1950.0,Unf,1,352,TA,TA,Y,0,0,248,0,0,0,None,0,7,2009,WD,Normal,False,False,True,False,True
460,460,461,60,75.0,8004,None,IR1,Lvl,AllPub,Inside,Gtl,Somerst,RRAn,Norm,1Fam,2Story,8,5,2009,2009,Gable,CompShg,VinylSd,VinylSd,Stone,110.0,Gd,TA,PConc,Gd,TA,No,GLQ,544,Unf,0,288,832,GasA,Ex,SBrkr,832,1103,0,1935,1,0,2,1,3,1,TA,8,Typ,0,None,BuiltIn,2009.0,Fin,2,552,TA,TA,Y,0,150,0,0,0,0,None,0,12,2009,New,Partial,True,False,False,False,True
461,461,462,70,60.0,7200,None,Reg,Lvl,AllPub,Inside,Gtl,SWISU,Feedr,Norm,1Fam,2Story,7,9,1936,2007,Gable,CompShg,Wd Sdng,Wd Sdng,None,0.0,Gd,Gd,PConc,Gd,Gd,No,ALQ,350,BLQ,210,0,560,GasA,Ex,SBrkr,575,560,0,1135,1,0,1,0,3,1,Gd,6,Typ,0,None,Detchd,1971.0,RFn,2,576,TA,TA,Y,256,0,0,0,0,0,MnPrv,0,4,2009,WD,Normal,False,False,True,False,True
462,462,463,20,60.0,8281,None,IR1,Lvl,AllPub,Inside,Gtl,Sawyer,Norm,Norm,1Fam,1Story,5,5,1965,1965,Gable,CompShg,MetalSd,MetalSd,None,0.0,TA,TA,CBlock,TA,TA,No,Rec,553,BLQ,311,0,864,GasA,Gd,SBrkr,864,0,0,864,0,0,1,0,3,1,TA,5,Typ,1,Po,Detchd,1965.0,Unf,1,360,TA,TA,Y,0,0,236,0,0,0,GdWo,0,12,2009,WD,Normal,False,False,True,False,True
463,463,464,70,74.0,11988,None,IR1,HLS,AllPub,Inside,Mod,Crawfor,Norm,Norm,1Fam,2Story,6,7,1934,1995,Hip,CompShg,Stucco,Stucco,None,0.0,TA,TA,CBlock,TA,TA,No,LwQ,326,Unf,0,389,715,GasA,Fa,FuseA,849,811,0,1660,0,0,1,1,3,1,TA,6,Typ,1,Gd,Detchd,1939.0,Unf,1,240,TA,TA,Y,0,0,0,0,0,0,None,0,8,2008,WD,Normal,False,False,True,False,True
464,464,465,20,60.0,8430,None,Reg,HLS,AllPub,Inside,Mod,CollgCr,Norm,Norm,1Fam,1Story,5,5,1978,1978,Gable,CompShg,HdBoard,HdBoard,BrkFace,136.0,TA,TA,CBlock,Gd,TA,No,Rec,616,Unf,0,424,1040,GasA,TA,SBrkr,1040,0,0,1040,0,0,2,0,3,1,TA,5,Typ,0,None,None,1980.0,None,0,0,None,None,Y,0,0,0,0,0,0,None,0,8,2009,WD,Normal,False,False,True,False,True
465,465,466,120,69.0,3072,None,Reg,Lvl,AllPub,Inside,Gtl,Blmngtn,Norm,Norm,TwnhsE,1Story,7,5,2004,2004,Hip,CompShg,VinylSd,VinylSd,BrkFace,18.0,Gd,TA,PConc,Gd,TA,No,Unf,0,Unf,0,1375,1375,GasA,Ex,SBrkr,1414,0,0,1414,0,0,2,0,2,1,Gd,6,Typ,1,TA,Attchd,2004.0,Fin,2,398,TA,TA,Y,144,20,0,0,0,0,None,0,5,2006,WD,Normal,False,False,False,True,True
466,466,467,20,85.0,10628,None,Reg,Lvl,AllPub,Inside,Gtl,NAmes,Norm,Norm,1Fam,1Story,7,5,1970,1970,Flat,Tar&Grv,Plywood,Plywood,None,0.0,TA,Gd,CBlock,TA,Gd,Gd,GLQ,778,Unf,0,499,1277,GasA,TA,SBrkr,1277,0,0,1277,1,0,1,0,2,1,TA,5,Typ,1,Po,Attchd,1970.0,Unf,2,526,TA,TA,Y,0,0,0,0,176,0,GdWo,0,4,2007,WD,Normal,False,False,True,False,True
467,467,468,70,79.0,9480,None,Reg,Lvl,AllPub,Inside,Gtl,NAmes,Artery,Norm,1Fam,2Story,5,7,1942,1995,Gable,CompShg,MetalSd,MetalSd,Stone,224.0,TA,TA,CBlock,TA,TA,No,LwQ,386,Unf,0,342,728,GasA,Ex,SBrkr,888,756,0,1644,0,0,1,1,3,1,Gd,7,Typ,2,Gd,Attchd,1942.0,Unf,1,312,TA,TA,Y,168,0,0,0,0,0,None,0,6,2007,WD,Normal,False,False,True,False,True
468,468,469,20,98.0,11428,None,IR1,Lvl,AllPub,Inside,Gtl,NridgHt,Norm,Norm,1Fam,1Story,8,5,2006,2006,Gable,CompShg,VinylSd,VinylSd,Stone,248.0,Gd,TA,PConc,Gd,TA,No,Unf,0,Unf,0,1626,1626,GasA,Ex,SBrkr,1634,0,0,1634,0,0,2,0,3,1,Gd,7,Typ,1,Gd,Attchd,2006.0,RFn,3,866,TA,TA,Y,0,44,0,0,0,0,None,0,5,2007,WD,Normal,False,False,True,False,True
469,469,470,60,76.0,9291,None,IR1,Lvl,AllPub,Corner,Gtl,SawyerW,RRNe,Norm,1Fam,2Story,6,5,1993,1993,Gable,CompShg,HdBoard,HdBoard,BrkFace,120.0,Gd,TA,PConc,Gd,TA,No,GLQ,426,Unf,0,406,832,GasA,Ex,SBrkr,832,878,0,1710,0,0,2,1,3,1,Gd,7,Typ,0,None,Attchd,1993.0,RFn,2,506,TA,TA,Y,144,70,0,0,0,0,None,0,6,2008,WD,Normal,False,False,True,False,True
470,470,471,120,69.0,6820,None,IR1,Lvl,AllPub,Corner,Gtl,StoneBr,Norm,Norm,TwnhsE,1Story,8,5,1985,1985,Gable,CompShg,HdBoard,HdBoard,None,0.0,Gd,TA,PConc,Gd,TA,Av,GLQ,368,BLQ,1120,0,1488,GasA,TA,SBrkr,1502,0,0,1502,1,0,1,1,1,1,Gd,4,Typ,0,None,Attchd,1985.0,RFn,2,528,TA,TA,Y,0,54,0,0,140,0,None,0,6,2010,WD,Normal,False,False,True,False,True
471,471,472,60,92.0,11952,None,Reg,Lvl,AllPub,Inside,Gtl,NWAmes,PosA,Norm,1Fam,2Story,7,6,1977,1977,Mansard,WdShake,WdShing,Plywood,None,0.0,TA,TA,CBlock,Gd,TA,No,Unf,0,Unf,0,808,808,GasA,TA,SBrkr,1161,808,0,1969,0,0,2,1,3,1,TA,8,Typ,1,Gd,Attchd,1977.0,RFn,2,534,TA,TA,Y,0,0,0,0,276,0,None,0,11,2007,WD,Normal,False,False,True,False,True
472,472,473,180,35.0,3675,None,Reg,Lvl,AllPub,Inside,Gtl,Edwards,Norm,Norm,TwnhsE,SLvl,6,5,2005,2005,Gable,CompShg,VinylSd,VinylSd,BrkFace,80.0,TA,TA,PConc,Gd,TA,Gd,GLQ,459,Unf,0,88,547,GasA,Ex,SBrkr,1072,0,0,1072,1,0,1,0,2,1,TA,5,Typ,0,None,Basment,2005.0,RFn,2,525,TA,TA,Y,0,28,0,0,0,0,None,0,6,2008,WD,Normal,False,False,False,True,True
473,473,474,20,110.0,14977,None,IR1,Lvl,AllPub,Inside,Gtl,NridgHt,Norm,Norm,1Fam,1Story,8,5,2006,2007,Gable,CompShg,VinylSd,VinylSd,BrkFace,304.0,Gd,TA,PConc,Ex,TA,Gd,GLQ,1350,Unf,0,626,1976,GasA,Ex,SBrkr,1976,0,0,1976,1,0,2,0,2,1,Gd,7,Typ,1,Ex,Attchd,2006.0,RFn,3,908,TA,TA,Y,250,63,0,0,0,0,None,0,7,2007,New,Partial,False,False,True,False,True
474,474,475,120,41.0,5330,None,Reg,Lvl,AllPub,Inside,Gtl,StoneBr,Norm,Norm,TwnhsE,1Story,8,5,2000,2000,Gable,CompShg,CemntBd,CmentBd,None,0.0,Gd,TA,PConc,Gd,TA,Av,GLQ,1196,Unf,0,298,1494,GasA,Ex,SBrkr,1652,0,0,1652,1,0,2,0,2,1,Ex,6,Typ,0,None,Attchd,2000.0,RFn,2,499,TA,TA,Y,96,48,0,0,0,0,None,0,8,2007,WD,Normal,False,False,True,False,True
475,475,476,20,80.0,8480,None,Reg,Lvl,AllPub,Corner,Gtl,Sawyer,Norm,Norm,1Fam,1Story,5,6,1963,1963,Hip,CompShg,HdBoard,HdBoard,None,0.0,TA,TA,CBlock,TA,TA,No,GLQ,630,Unf,0,340,970,GasA,TA,SBrkr,970,0,0,970,1,0,1,0,2,1,TA,5,Typ,0,None,Detchd,1996.0,Unf,2,624,TA,TA,Y,0,24,0,0,192,0,None,0,7,2007,WD,Normal,False,False,True,False,True
476,476,477,20,75.0,13125,None,Reg,Lvl,AllPub,Inside,Mod,CollgCr,Norm,Norm,1Fam,1Story,6,5,1997,1998,Gable,CompShg,VinylSd,VinylSd,BrkFace,215.0,TA,TA,PConc,Gd,TA,Gd,GLQ,994,Unf,0,484,1478,GasA,Ex,SBrkr,1493,0,0,1493,1,0,2,0,3,1,Gd,7,Typ,1,TA,Attchd,1997.0,Fin,2,508,TA,TA,Y,140,39,0,0,0,0,None,0,4,2008,WD,Normal,False,False,True,False,True
477,477,478,60,105.0,13693,None,Reg,Lvl,AllPub,Inside,Gtl,NridgHt,Norm,Norm,1Fam,2Story,9,5,2006,2006,Hip,CompShg,VinylSd,VinylSd,BrkFace,772.0,Ex,TA,PConc,Gd,TA,Av,Unf,0,Unf,0,2153,2153,GasA,Ex,SBrkr,2069,574,0,2643,0,0,2,1,3,1,Ex,9,Typ,1,Gd,BuiltIn,2006.0,Fin,3,694,TA,TA,Y,414,84,0,0,0,0,None,0,3,2007,WD,Normal,False,False,True,False,True
478,478,479,20,79.0,10637,None,Reg,Lvl,AllPub,Inside,Gtl,CollgCr,Norm,Norm,1Fam,1Story,8,5,2007,2008,Hip,CompShg,VinylSd,VinylSd,Stone,336.0,Gd,TA,PConc,Ex,TA,Gd,GLQ,1288,Unf,0,417,1705,GasA,Ex,SBrkr,1718,0,0,1718,1,0,2,0,3,1,Gd,7,Typ,1,Gd,Attchd,2007.0,RFn,3,826,TA,TA,Y,208,44,0,0,0,0,None,0,9,2009,WD,Normal,False,False,True,False,True
479,479,480,30,50.0,5925,None,Reg,Bnk,AllPub,Inside,Gtl,OldTown,Norm,Norm,1Fam,1Story,4,7,1937,2000,Hip,CompShg,Stucco,Stucco,BrkCmn,435.0,TA,TA,BrkTil,Fa,TA,No,Rec,168,Unf,0,739,907,GasA,TA,SBrkr,1131,0,0,1131,0,0,1,0,2,1,TA,7,Typ,0,None,Detchd,1995.0,Unf,2,672,TA,TA,Y,0,72,0,0,0,0,MnPrv,0,3,2007,WD,Alloca,False,False,False,True,True
480,480,481,20,98.0,16033,None,IR1,Lvl,AllPub,FR2,Gtl,NridgHt,Norm,Norm,1Fam,1Story,9,5,2004,2005,Hip,CompShg,VinylSd,VinylSd,BrkFace,378.0,Gd,TA,PConc,Ex,TA,Gd,GLQ,1261,Unf,0,572,1833,GasA,Ex,SBrkr,1850,0,0,1850,1,0,2,0,3,1,Gd,8,Typ,1,Gd,Attchd,2004.0,Fin,3,772,TA,TA,Y,519,112,0,0,0,0,None,0,3,2006,WD,Normal,False,False,True,False,True
481,481,482,20,72.0,11846,None,IR1,HLS,AllPub,Inside,Gtl,NridgHt,Norm,Norm,1Fam,1Story,9,5,2003,2004,Hip,CompShg,VinylSd,VinylSd,BrkFace,562.0,Gd,TA,PConc,Ex,TA,Gd,GLQ,1567,Unf,0,225,1792,GasA,Ex,SBrkr,1792,0,0,1792,1,0,2,0,2,1,Ex,6,Typ,1,Gd,Attchd,2003.0,Fin,3,874,TA,TA,Y,206,49,0,0,0,0,None,0,8,2006,WD,Normal,False,False,True,False,True
482,482,483,70,50.0,2500,Pave,Reg,Lvl,AllPub,Corner,Gtl,OldTown,Norm,Norm,1Fam,2Story,7,8,1915,2005,Gable,CompShg,Stucco,Stucco,None,0.0,Gd,TA,PConc,TA,TA,No,ALQ,299,Unf,0,611,910,GasA,Ex,SBrkr,916,910,0,1826,1,0,1,1,4,1,Ex,7,Min2,1,Gd,Attchd,1915.0,Unf,1,164,Fa,Fa,Y,0,0,0,0,0,0,None,0,6,2009,WD,Normal,False,False,False,True,True
483,483,484,120,32.0,4500,None,Reg,Lvl,AllPub,FR2,Gtl,Mitchel,Norm,Norm,Twnhs,1Story,6,5,1998,1998,Hip,CompShg,VinylSd,VinylSd,BrkFace,116.0,TA,TA,PConc,Ex,TA,No,GLQ,897,Unf,0,319,1216,GasA,Ex,SBrkr,1216,0,0,1216,1,0,2,0,2,1,TA,5,Typ,0,None,Attchd,1998.0,Unf,2,402,TA,TA,Y,0,125,0,0,0,0,None,0,5,2006,WD,Normal,False,False,False,True,True
484,484,485,20,69.0,7758,None,IR1,Lvl,AllPub,Corner,Gtl,Sawyer,Norm,Norm,1Fam,1Story,5,7,1962,2001,Gable,CompShg,HdBoard,Plywood,None,0.0,TA,Gd,CBlock,TA,TA,No,ALQ,588,Unf,0,411,999,GasA,Gd,SBrkr,999,0,0,999,1,0,1,0,3,1,Gd,6,Typ,0,None,Detchd,1963.0,Unf,1,264,TA,TA,Y,0,132,0,0,0,0,None,0,3,2007,WD,Normal,False,False,True,False,True
485,485,486,20,80.0,9600,None,Reg,Lvl,AllPub,Inside,Gtl,NAmes,Norm,Norm,1Fam,1Story,5,7,1950,2007,Gable,CompShg,MetalSd,MetalSd,None,0.0,Gd,TA,CBlock,TA,TA,No,ALQ,607,Unf,0,506,1113,GasA,Gd,SBrkr,1113,0,0,1113,0,0,1,0,3,1,Gd,5,Typ,1,Gd,Attchd,1950.0,Unf,1,264,TA,TA,Y,0,80,120,0,0,0,None,0,7,2009,WD,Normal,False,False,True,False,True
486,486,487,20,79.0,10289,None,Reg,Lvl,AllPub,Inside,Gtl,NAmes,Norm,Norm,1Fam,1Story,5,7,1965,1965,Hip,CompShg,MetalSd,MetalSd,BrkFace,168.0,TA,TA,CBlock,TA,TA,No,ALQ,836,Unf,0,237,1073,GasA,TA,SBrkr,1073,0,0,1073,1,0,1,1,3,1,TA,6,Typ,0,None,Attchd,1965.0,RFn,2,515,TA,TA,Y,0,0,0,0,0,0,None,0,6,2007,WD,Normal,False,False,True,False,True
487,487,488,20,70.0,12243,None,IR1,Lvl,AllPub,Inside,Gtl,NWAmes,Norm,Norm,1Fam,1Story,5,6,1971,1971,Gable,CompShg,Plywood,Plywood,None,0.0,TA,TA,CBlock,Gd,TA,Av,ALQ,998,Unf,0,486,1484,GasA,Gd,SBrkr,1484,0,0,1484,0,0,2,0,3,1,TA,7,Typ,1,TA,Attchd,1971.0,Unf,2,487,TA,TA,Y,224,0,0,0,180,0,None,0,2,2007,WD,Normal,False,False,True,False,True
488,488,489,190,60.0,10800,None,Reg,Lvl,AllPub,Corner,Gtl,OldTown,Norm,Norm,2fmCon,1.5Fin,5,4,1900,1970,Gable,CompShg,Wd Sdng,Wd Sdng,None,0.0,TA,Fa,CBlock,TA,Fa,No,BLQ,664,Unf,0,290,954,GasA,TA,FuseA,1766,648,0,2414,0,0,2,0,3,2,TA,10,Mod,1,Gd,Attchd,1970.0,Unf,2,520,TA,Fa,N,142,0,0,0,0,0,None,0,5,2006,ConLD,Normal,False,False,True,False,True
489,489,490,180,21.0,1526,None,Reg,Lvl,AllPub,Inside,Gtl,MeadowV,Norm,Norm,Twnhs,SFoyer,4,8,1970,2002,Gable,CompShg,CemntBd,CmentBd,None,0.0,TA,Gd,CBlock,Gd,TA,Av,GLQ,515,Unf,0,115,630,GasA,TA,SBrkr,630,0,0,630,1,0,1,0,1,1,Gd,3,Typ,0,None,Attchd,1970.0,Unf,1,286,TA,TA,Y,0,0,0,0,0,0,None,0,5,2009,WD,Normal,False,False,False,True,True
490,490,491,160,69.0,2665,None,Reg,Lvl,AllPub,Inside,Gtl,MeadowV,Norm,Norm,TwnhsE,2Story,5,6,1976,1976,Gable,CompShg,CemntBd,CmentBd,None,0.0,TA,TA,PConc,Gd,TA,Mn,Unf,0,Unf,0,264,264,GasA,TA,SBrkr,616,688,0,1304,0,0,1,1,3,1,TA,4,Typ,1,Gd,BuiltIn,1976.0,Fin,1,336,TA,TA,Y,141,24,0,0,0,0,None,0,6,2008,WD,Normal,False,False,False,True,True
491,491,492,50,79.0,9490,None,Reg,Lvl,AllPub,Inside,Gtl,NAmes,Artery,Norm,1Fam,1.5Fin,6,7,1941,1950,Gable,CompShg,Wd Sdng,Wd Sdng,None,0.0,TA,TA,CBlock,TA,TA,No,BLQ,403,Rec,165,238,806,GasA,TA,FuseA,958,620,0,1578,1,0,1,0,3,1,Fa,5,Typ,2,TA,Attchd,1941.0,Unf,1,240,TA,TA,Y,0,0,32,0,0,0,MnPrv,0,8,2006,WD,Normal,False,False,True,False,True
492,492,493,60,105.0,15578,None,IR1,Lvl,AllPub,Corner,Gtl,Gilbert,Norm,Norm,1Fam,2Story,6,5,2006,2006,Gable,CompShg,VinylSd,VinylSd,None,0.0,Gd,TA,PConc,Gd,TA,No,Unf,0,Unf,0,728,728,GasA,Gd,SBrkr,728,728,0,1456,0,0,2,1,3,1,TA,8,Typ,0,None,Attchd,2006.0,RFn,2,429,TA,TA,Y,0,0,0,0,0,0,None,0,5,2006,New,Partial,False,False,True,False,True
493,493,494,20,70.0,7931,None,Reg,Lvl,AllPub,Inside,Gtl,NAmes,Norm,Norm,1Fam,1Story,5,6,1960,1960,Gable,CompShg,BrkFace,Wd Sdng,None,0.0,TA,TA,CBlock,TA,TA,No,BLQ,374,LwQ,532,363,1269,GasA,TA,FuseA,1269,0,0,1269,0,0,1,1,3,1,TA,6,Typ,1,Fa,Detchd,1964.0,Unf,1,308,TA,TA,Y,0,0,0,0,0,0,None,0,6,2008,WD,Normal,False,False,True,False,True
494,494,495,30,50.0,5784,None,Reg,Lvl,AllPub,Inside,Gtl,OldTown,Artery,Norm,1Fam,1Story,5,8,1938,1996,Gable,CompShg,MetalSd,MetalSd,None,0.0,TA,TA,BrkTil,Fa,TA,No,Unf,0,Unf,0,190,190,GasA,Gd,FuseA,886,0,0,886,0,0,1,0,2,1,TA,4,Typ,0,None,Attchd,1938.0,Unf,1,273,TA,TA,Y,144,20,80,0,0,0,None,0,12,2009,WD,Normal,False,False,False,True,True
495,495,496,30,60.0,7879,None,Reg,Lvl,AllPub,Inside,Gtl,IDOTRR,Norm,Norm,1Fam,1Story,4,5,1920,1950,Gable,CompShg,Wd Sdng,Wd Sdng,None,0.0,TA,TA,CBlock,TA,TA,No,Rec,495,Unf,0,225,720,GasA,TA,FuseA,720,0,0,720,0,0,1,0,2,1,TA,4,Typ,0,None,None,1980.0,None,0,0,None,None,N,0,523,115,0,0,0,GdWo,0,11,2009,WD,Abnorml,False,False,False,False,True
496,496,497,20,69.0,12692,None,IR1,Lvl,AllPub,Inside,Gtl,NoRidge,Norm,Norm,1Fam,1Story,8,5,1992,1993,Hip,CompShg,BrkFace,BrkFace,None,0.0,Gd,TA,PConc,Gd,TA,No,GLQ,1231,Unf,0,1969,3200,GasA,Ex,SBrkr,3228,0,0,3228,1,0,3,0,4,1,Gd,10,Typ,1,Gd,Attchd,1992.0,RFn,2,546,TA,TA,Y,264,75,291,0,0,0,None,0,5,2007,WD,Normal,False,False,True,False,True
497,497,498,50,60.0,9120,Pave,Reg,Lvl,AllPub,Inside,Gtl,BrkSide,Norm,Norm,1Fam,1.5Fin,7,6,1925,1950,Gable,CompShg,Wd Sdng,Wd Sdng,None,0.0,TA,Gd,PConc,TA,TA,No,Rec,329,Unf,0,697,1026,GasA,Ex,SBrkr,1133,687,0,1820,1,0,2,0,4,1,TA,8,Typ,0,None,Detchd,1925.0,Unf,1,240,TA,TA,N,0,100,0,0,0,0,GdPrv,0,6,2008,WD,Normal,False,False,True,False,True
498,498,499,20,65.0,7800,None,Reg,Lvl,AllPub,Inside,Gtl,Sawyer,Norm,Norm,1Fam,1Story,5,7,1967,2004,Hip,CompShg,HdBoard,HdBoard,BrkFace,89.0,TA,TA,PConc,TA,TA,No,ALQ,450,Unf,0,414,864,GasA,Ex,SBrkr,899,0,0,899,0,0,1,0,3,1,Gd,5,Typ,0,None,Attchd,1967.0,Fin,1,288,TA,TA,Y,64,0,0,0,0,0,MnPrv,0,6,2009,WD,Normal,False,False,True,False,True
499,499,500,20,70.0,7535,None,IR1,Lvl,AllPub,Inside,Gtl,NAmes,Norm,Norm,1Fam,1Story,5,7,1958,1985,Gable,CompShg,MetalSd,MetalSd,None,0.0,TA,TA,CBlock,TA,TA,No,BLQ,111,LwQ,279,522,912,GasA,Fa,SBrkr,912,0,0,912,0,1,1,0,2,1,TA,5,Typ,0,None,Attchd,1958.0,Fin,1,297,TA,TA,Y,12,285,0,0,0,0,MnWw,480,6,2007,WD,Normal,False,False,True,False,True
500,500,501,160,21.0,1890,None,Reg,Lvl,AllPub,Inside,Gtl,BrDale,Norm,Norm,Twnhs,2Story,6,5,1973,1973,Gable,CompShg,HdBoard,HdBoard,BrkFace,285.0,TA,TA,CBlock,TA,TA,No,BLQ,356,Unf,0,316,672,GasA,TA,SBrkr,672,546,0,1218,0,0,1,1,3,1,TA,7,Typ,0,None,Detchd,1973.0,Unf,1,264,TA,TA,Y,144,28,0,0,0,0,None,0,5,2007,WD,Normal,False,False,False,True,True
501,501,502,60,75.0,9803,None,Reg,Lvl,AllPub,Inside,Gtl,Somerst,Norm,Norm,1Fam,2Story,7,5,2005,2005,Gable,CompShg,VinylSd,VinylSd,None,0.0,Gd,TA,PConc,Gd,TA,No,GLQ,400,Unf,0,466,866,GasA,Gd,SBrkr,866,902,0,1768,0,0,2,1,3,1,Gd,7,Typ,0,None,Attchd,2005.0,RFn,2,603,TA,TA,Y,0,108,0,0,0,0,None,0,2,2008,WD,Normal,True,False,False,False,True
502,502,503,20,70.0,9170,None,Reg,Lvl,AllPub,Corner,Gtl,Edwards,Feedr,Norm,1Fam,1Story,5,7,1965,1965,Hip,CompShg,MetalSd,MetalSd,None,0.0,TA,TA,CBlock,TA,TA,No,ALQ,698,GLQ,96,420,1214,GasA,Ex,SBrkr,1214,0,0,1214,1,0,1,0,2,1,TA,6,Typ,0,None,Detchd,1965.0,Unf,2,461,Fa,Fa,Y,0,0,184,0,0,0,GdPrv,400,4,2007,WD,Normal,False,False,True,False,True
503,503,504,20,100.0,15602,None,IR1,Lvl,AllPub,Inside,Gtl,Crawfor,Norm,Norm,1Fam,1Story,7,8,1959,1997,Gable,CompShg,BrkFace,Wd Sdng,None,0.0,TA,TA,CBlock,TA,TA,No,ALQ,1247,Unf,0,254,1501,GasA,TA,SBrkr,1801,0,0,1801,1,0,2,0,1,1,TA,6,Typ,2,TA,Attchd,1959.0,Fin,2,484,TA,TA,Y,0,54,0,0,161,0,GdWo,0,3,2010,WD,Normal,False,False,True,False,True
504,504,505,160,24.0,2308,None,Reg,Lvl,AllPub,Inside,Gtl,NPkVill,Norm,Norm,TwnhsE,2Story,6,5,1974,1974,Gable,CompShg,Plywood,Brk Cmn,None,0.0,TA,TA,CBlock,TA,TA,No,ALQ,257,Rec,495,103,855,GasA,TA,SBrkr,855,467,0,1322,0,1,2,1,3,1,TA,6,Typ,1,Fa,Attchd,1974.0,Unf,2,440,TA,TA,Y,260,0,0,0,0,0,None,0,6,2009,WD,Normal,False,False,True,False,True
505,505,506,90,60.0,7596,Grvl,Reg,Lvl,AllPub,Inside,Gtl,OldTown,Artery,Norm,Duplex,2Story,5,5,1952,1952,Hip,CompShg,Wd Sdng,Wd Sdng,BrkFace,360.0,TA,TA,CBlock,TA,TA,No,Unf,0,Unf,0,960,960,GasA,Gd,SBrkr,960,1000,0,1960,0,0,2,0,4,2,TA,10,Typ,0,None,Detchd,1952.0,Unf,2,400,TA,TA,N,0,0,0,0,0,0,None,0,7,2009,COD,Normal,False,False,False,True,True
506,506,507,60,80.0,9554,None,IR1,Lvl,AllPub,Inside,Gtl,SawyerW,Norm,Norm,1Fam,2Story,8,5,1993,1994,Gable,CompShg,VinylSd,VinylSd,BrkFace,125.0,Gd,TA,PConc,Gd,TA,No,GLQ,380,Unf,0,397,777,GasA,Ex,SBrkr,1065,846,0,1911,0,0,2,1,3,1,Gd,8,Typ,1,TA,Attchd,1993.0,RFn,2,471,TA,TA,Y,182,81,0,0,0,0,None,0,9,2006,WD,Normal,False,False,True,False,True
507,507,508,20,75.0,7862,None,IR1,Lvl,AllPub,Inside,Gtl,Somerst,Norm,Norm,1Fam,1Story,6,5,2009,2009,Gable,CompShg,VinylSd,VinylSd,None,0.0,Gd,TA,PConc,Gd,TA,No,GLQ,27,Unf,0,1191,1218,GasA,Ex,SBrkr,1218,0,0,1218,0,0,2,0,2,1,Gd,4,Typ,0,None,Attchd,2009.0,Fin,2,676,TA,TA,Y,0,102,0,0,0,0,None,0,9,2009,New,Partial,True,False,False,False,True
508,508,509,70,60.0,9600,None,Reg,Lvl,AllPub,Inside,Gtl,OldTown,Norm,Norm,1Fam,2Story,7,9,1928,2005,Gambrel,CompShg,MetalSd,MetalSd,None,0.0,TA,Ex,BrkTil,TA,TA,No,Rec,141,Unf,0,548,689,GasA,Ex,SBrkr,689,689,0,1378,0,0,2,0,3,1,Gd,7,Typ,1,Gd,Detchd,1928.0,Unf,2,360,TA,TA,N,0,0,116,0,0,0,None,0,10,2008,WD,Normal,False,False,False,True,True
509,509,510,20,80.0,9600,None,Reg,Lvl,AllPub,Corner,Gtl,NAmes,Norm,Norm,1Fam,1Story,5,6,1959,1959,Gable,CompShg,MetalSd,MetalSd,BrkFace,132.0,TA,TA,CBlock,TA,TA,No,ALQ,991,Unf,0,50,1041,GasA,Ex,SBrkr,1041,0,0,1041,1,0,1,0,3,1,TA,6,Typ,0,None,Attchd,1959.0,RFn,1,270,TA,TA,Y,224,88,0,0,0,0,MnPrv,0,7,2009,WD,Normal,False,False,True,False,True
510,510,511,20,75.0,14559,None,Reg,Lvl,AllPub,Inside,Gtl,NAmes,Norm,Norm,1Fam,1Story,5,7,1951,2000,Hip,CompShg,Wd Sdng,Wd Sdng,BrkCmn,70.0,Gd,TA,CBlock,TA,TA,No,BLQ,650,Rec,180,178,1008,GasA,Ex,SBrkr,1363,0,0,1363,1,0,1,0,2,1,TA,6,Min1,2,TA,CarPort,1951.0,Unf,1,288,TA,TA,Y,324,42,0,0,168,0,None,2000,6,2009,WD,Normal,False,False,True,False,True
511,511,512,120,40.0,6792,None,IR1,Lvl,AllPub,Inside,Gtl,NridgHt,Norm,Norm,TwnhsE,1Story,7,5,2005,2006,Gable,CompShg,VinylSd,VinylSd,Stone,94.0,Gd,TA,PConc,Gd,TA,No,Unf,0,Unf,0,1368,1368,GasA,Ex,SBrkr,1368,0,0,1368,0,0,2,0,2,1,Gd,6,Typ,1,Gd,Attchd,2005.0,RFn,2,474,TA,TA,Y,132,35,0,0,0,0,None,0,3,2006,New,Partial,False,False,True,False,True
512,512,513,20,70.0,9100,None,Reg,Lvl,AllPub,Corner,Gtl,NAmes,Feedr,Norm,1Fam,1Story,5,5,1958,1958,Gable,CompShg,VinylSd,VinylSd,None,0.0,TA,TA,CBlock,TA,TA,No,BLQ,521,LwQ,174,169,864,GasA,TA,SBrkr,864,0,0,864,1,0,1,0,3,1,TA,5,Typ,0,None,Detchd,1964.0,Unf,2,624,TA,TA,Y,0,0,0,0,0,0,None,0,7,2006,WD,Normal,False,False,True,False,True
513,513,514,20,71.0,9187,None,Reg,Bnk,AllPub,Corner,Gtl,Mitchel,Norm,Norm,1Fam,1Story,6,5,1983,1983,Gable,CompShg,VinylSd,VinylSd,None,0.0,TA,Gd,PConc,TA,TA,No,ALQ,336,Unf,0,748,1084,GasA,TA,SBrkr,1080,0,0,1080,0,0,1,1,3,1,TA,5,Typ,0,None,Attchd,1983.0,Unf,2,484,TA,TA,Y,120,0,158,0,0,0,None,0,6,2007,WD,Normal,False,False,True,False,True
514,514,515,45,55.0,10594,None,Reg,Lvl,AllPub,Inside,Gtl,Crawfor,Norm,Norm,1Fam,1.5Unf,5,5,1926,1950,Gable,CompShg,Wd Sdng,Wd Sdng,None,0.0,TA,TA,BrkTil,TA,TA,No,Unf,0,Unf,0,768,768,Grav,Fa,SBrkr,789,0,0,789,0,0,1,0,2,1,TA,5,Typ,0,None,Detchd,1926.0,Unf,1,200,Po,Po,Y,0,0,112,0,0,0,MnPrv,0,6,2007,WD,Normal,False,False,True,False,True
515,515,516,20,94.0,12220,None,Reg,Lvl,AllPub,Inside,Gtl,NridgHt,Norm,Norm,1Fam,1Story,10,5,2009,2009,Hip,CompShg,CemntBd,CmentBd,BrkFace,305.0,Ex,TA,CBlock,Ex,TA,No,GLQ,1436,Unf,0,570,2006,GasA,Ex,SBrkr,2020,0,0,2020,1,0,2,1,3,1,Ex,9,Typ,1,Gd,Attchd,2009.0,Fin,3,900,TA,TA,Y,156,54,0,0,0,0,None,0,9,2009,New,Partial,False,False,True,False,True
516,516,517,80,69.0,10448,None,IR1,Lvl,AllPub,Corner,Gtl,NWAmes,Norm,Norm,1Fam,SLvl,6,6,1972,1972,Gable,CompShg,HdBoard,HdBoard,BrkFace,333.0,TA,TA,CBlock,TA,TA,No,Unf,0,Unf,0,689,689,GasA,TA,SBrkr,1378,741,0,2119,0,0,2,1,3,1,TA,7,Typ,1,TA,Attchd,1972.0,RFn,2,583,TA,TA,Y,0,104,0,0,0,0,GdPrv,0,8,2009,COD,Abnorml,False,False,True,False,True
517,517,518,60,79.0,10208,None,IR1,Lvl,AllPub,Inside,Gtl,NoRidge,Norm,Norm,1Fam,2Story,7,5,1996,1997,Gable,CompShg,VinylSd,VinylSd,BrkFace,921.0,Gd,TA,PConc,Gd,TA,No,Unf,0,Unf,0,1264,1264,GasA,Ex,SBrkr,1277,1067,0,2344,0,0,2,1,3,1,Gd,7,Typ,1,TA,Attchd,1996.0,RFn,3,889,TA,TA,Y,220,0,0,0,0,0,None,0,7,2009,WD,Normal,False,False,True,False,True
518,518,519,60,69.0,9531,None,IR1,Lvl,AllPub,CulDSac,Gtl,CollgCr,Norm,Norm,1Fam,2Story,6,5,1998,1998,Gable,CompShg,VinylSd,VinylSd,None,0.0,TA,TA,PConc,Gd,TA,Mn,GLQ,706,Unf,0,88,794,GasA,Ex,SBrkr,882,914,0,1796,1,0,2,1,3,1,TA,7,Typ,0,None,Attchd,1998.0,RFn,2,546,TA,TA,Y,0,36,0,0,0,0,MnPrv,0,5,2007,WD,Normal,False,False,True,False,True
519,519,520,70,53.0,10918,None,Reg,Lvl,AllPub,Inside,Gtl,Crawfor,Norm,Norm,1Fam,2Story,7,9,1926,2004,Gambrel,CompShg,MetalSd,MetalSd,None,0.0,Gd,TA,BrkTil,Gd,TA,No,Unf,0,Unf,0,1276,1276,GasA,Ex,SBrkr,1276,804,0,2080,0,0,1,1,3,1,Gd,9,Typ,2,Gd,Detchd,1926.0,Unf,1,282,TA,TA,Y,0,0,0,0,145,0,MnPrv,0,6,2009,WD,Normal,False,False,True,False,True
520,520,521,190,60.0,10800,Grvl,Reg,Lvl,AllPub,Inside,Gtl,OldTown,Norm,Norm,2fmCon,2Story,4,7,1900,2000,Gable,CompShg,MetalSd,MetalSd,None,0.0,TA,TA,BrkTil,None,None,None,None,0,None,0,0,0,GasA,TA,FuseA,694,600,0,1294,0,0,2,0,3,2,TA,7,Typ,0,None,None,1980.0,None,0,0,None,None,N,220,114,210,0,0,0,None,0,8,2008,WD,Normal,False,False,True,False,True
521,521,522,20,90.0,11988,None,IR1,Lvl,AllPub,Corner,Gtl,NAmes,Feedr,Norm,1Fam,1Story,6,6,1957,1957,Gable,CompShg,VinylSd,VinylSd,None,0.0,TA,TA,CBlock,TA,TA,No,Rec,777,Unf,0,467,1244,GasA,Ex,FuseA,1244,0,0,1244,0,0,1,1,3,1,TA,6,Typ,2,Gd,Attchd,1957.0,Unf,1,336,TA,TA,Y,0,40,0,0,0,0,None,0,5,2007,WD,Normal,False,False,True,False,True
522,522,523,50,50.0,5000,None,Reg,Lvl,AllPub,Corner,Gtl,BrkSide,Feedr,Norm,1Fam,1.5Fin,6,7,1947,1950,Gable,CompShg,CemntBd,CmentBd,None,0.0,TA,Gd,CBlock,TA,TA,No,ALQ,399,Unf,0,605,1004,GasA,Ex,SBrkr,1004,660,0,1664,0,0,2,0,3,1,TA,7,Typ,2,Gd,Detchd,1950.0,Unf,2,420,TA,TA,Y,0,24,36,0,0,0,None,0,10,2006,WD,Normal,False,False,False,True,True
523,523,524,60,130.0,40094,None,IR1,Bnk,AllPub,Inside,Gtl,Edwards,PosN,PosN,1Fam,2Story,10,5,2007,2008,Hip,CompShg,CemntBd,CmentBd,Stone,762.0,Ex,TA,PConc,Ex,TA,Gd,GLQ,2260,Unf,0,878,3138,GasA,Ex,SBrkr,3138,1538,0,4676,1,0,3,1,3,1,Ex,11,Typ,1,Gd,BuiltIn,2007.0,Fin,3,884,TA,TA,Y,208,406,0,0,0,0,None,0,10,2007,New,Partial,False,False,True,False,True
524,524,525,60,95.0,11787,None,IR1,Lvl,AllPub,Inside,Gtl,NoRidge,Norm,Norm,1Fam,2Story,7,5,1996,1997,Gable,CompShg,VinylSd,VinylSd,BrkFace,594.0,Gd,TA,PConc,Gd,TA,No,GLQ,719,Unf,0,660,1379,GasA,Ex,SBrkr,1383,1015,0,2398,1,0,2,1,3,1,Gd,8,Typ,1,TA,Attchd,1996.0,Fin,3,834,TA,TA,Y,239,60,0,0,0,0,None,0,8,2007,WD,Normal,False,False,True,False,True
525,525,526,20,62.0,7500,Pave,Reg,Lvl,AllPub,Inside,Gtl,Somerst,Norm,Norm,1Fam,1Story,7,5,2005,2005,Gable,CompShg,VinylSd,VinylSd,None,0.0,Gd,TA,PConc,Gd,TA,No,Unf,0,Unf,0,1257,1257,GasA,Ex,SBrkr,1266,0,0,1266,0,0,2,0,3,1,Gd,6,Typ,1,TA,Attchd,2005.0,Unf,2,453,TA,TA,Y,38,144,0,0,0,0,None,0,4,2006,WD,Normal,True,False,False,False,True
526,526,527,20,70.0,13300,None,Reg,Lvl,AllPub,Inside,Gtl,NAmes,Norm,Norm,1Fam,1Story,5,7,1956,2000,Hip,CompShg,Wd Sdng,Wd Sdng,None,0.0,TA,TA,CBlock,Gd,TA,No,Rec,377,Unf,0,551,928,GasA,TA,SBrkr,928,0,0,928,0,0,1,0,2,1,TA,4,Typ,0,None,Attchd,1956.0,Unf,1,252,TA,TA,Y,261,0,156,0,0,0,None,0,6,2007,WD,Normal,False,False,True,False,True
527,527,528,60,67.0,14948,None,IR1,Lvl,AllPub,Inside,Gtl,NridgHt,Norm,Norm,1Fam,2Story,9,5,2008,2008,Hip,CompShg,VinylSd,VinylSd,Stone,268.0,Ex,TA,PConc,Ex,TA,Av,GLQ,1330,Unf,0,122,1452,GasA,Ex,SBrkr,1476,1237,0,2713,1,0,2,1,3,1,Ex,11,Typ,1,Gd,Attchd,2008.0,Fin,3,858,TA,TA,Y,126,66,0,0,0,0,None,0,11,2008,New,Partial,False,False,True,False,True
528,528,529,30,58.0,9098,None,IR1,Lvl,AllPub,Inside,Gtl,Edwards,Norm,Norm,1Fam,1Story,4,7,1920,2002,Gable,CompShg,Wd Sdng,Wd Sdng,None,0.0,TA,TA,BrkTil,TA,TA,Mn,ALQ,348,Unf,0,180,528,GasA,Ex,SBrkr,605,0,0,605,1,0,1,0,2,1,TA,5,Typ,0,None,None,1980.0,None,0,0,None,None,N,0,0,144,0,0,0,None,0,7,2007,WD,Normal,False,False,True,False,True
529,529,530,20,69.0,32668,None,IR1,Lvl,AllPub,CulDSac,Gtl,Crawfor,Norm,Norm,1Fam,1Story,6,3,1957,1975,Hip,CompShg,Wd Sdng,Stone,None,0.0,Gd,TA,PConc,TA,TA,No,Rec,1219,Unf,0,816,2035,GasA,TA,SBrkr,2515,0,0,2515,1,0,3,0,4,2,TA,9,Maj1,2,TA,Attchd,1975.0,RFn,2,484,TA,TA,Y,0,0,200,0,0,0,None,0,3,2007,WD,Alloca,False,False,True,False,True
530,530,531,80,85.0,10200,None,Reg,Lvl,AllPub,Inside,Gtl,Timber,Norm,Norm,1Fam,SLvl,6,5,1988,1989,Gable,CompShg,HdBoard,HdBoard,BrkFace,219.0,Gd,TA,CBlock,Gd,TA,Av,GLQ,783,Unf,0,678,1461,GasA,Ex,SBrkr,1509,0,0,1509,1,0,2,0,3,1,Gd,5,Typ,1,Fa,Attchd,1988.0,RFn,2,600,TA,TA,Y,224,0,0,0,0,0,None,0,8,2008,WD,Abnorml,False,False,True,False,True
531,531,532,70,60.0,6155,None,IR1,Lvl,AllPub,FR3,Gtl,BrkSide,RRNn,Feedr,1Fam,2Story,6,8,1920,1999,Gable,CompShg,Wd Sdng,Wd Sdng,None,0.0,TA,TA,BrkTil,Fa,Fa,Mn,Unf,0,Unf,0,611,611,GasA,Ex,SBrkr,751,611,0,1362,0,0,2,0,3,1,TA,6,Typ,0,None,Detchd,1920.0,Fin,2,502,TA,Fa,Y,0,0,84,0,0,0,None,0,6,2008,WD,Normal,False,False,False,True,True
532,532,533,20,60.0,7200,None,Reg,Lvl,AllPub,Inside,Gtl,NAmes,Norm,Norm,1Fam,1Story,5,7,1955,2007,Gable,CompShg,VinylSd,VinylSd,None,0.0,TA,TA,Slab,None,None,None,None,0,None,0,0,0,GasA,Ex,SBrkr,827,0,0,827,0,0,1,0,2,1,TA,5,Mod,1,Po,Detchd,1967.0,Unf,1,392,TA,TA,Y,0,0,0,0,0,0,None,0,4,2010,WD,Normal,False,False,True,False,True
533,533,534,20,50.0,5000,None,Reg,Low,AllPub,Inside,Mod,BrkSide,Norm,Norm,1Fam,1Story,1,3,1946,1950,Gable,CompShg,VinylSd,VinylSd,None,0.0,Fa,Fa,Slab,None,None,None,None,0,None,0,0,0,GasA,Fa,FuseF,334,0,0,334,0,0,1,0,1,1,Fa,2,Typ,0,None,None,1980.0,None,0,0,None,None,N,0,0,0,0,0,0,None,0,1,2007,WD,Normal,False,False,True,False,True
534,534,535,60,74.0,9056,None,IR1,Lvl,AllPub,Inside,Gtl,Gilbert,Norm,Norm,1Fam,2Story,8,5,2004,2004,Gable,CompShg,VinylSd,VinylSd,None,0.0,Gd,TA,PConc,Ex,Gd,Av,Unf,0,Unf,0,707,707,GasA,Ex,SBrkr,707,707,0,1414,0,0,2,1,3,1,Gd,6,Typ,1,Gd,Attchd,2004.0,Fin,2,403,TA,TA,Y,100,35,0,0,0,0,None,0,10,2006,WD,Normal,False,False,True,False,True
535,535,536,190,70.0,7000,None,Reg,Lvl,AllPub,Inside,Gtl,Edwards,Norm,Norm,2fmCon,2Story,5,7,1910,1991,Gable,CompShg,MetalSd,MetalSd,None,0.0,TA,TA,CBlock,Gd,TA,Gd,GLQ,969,Unf,0,148,1117,GasA,TA,SBrkr,820,527,0,1347,1,0,1,0,3,1,TA,5,Typ,0,None,None,1980.0,None,0,0,None,None,N,85,0,148,0,0,0,None,0,1,2008,WD,Normal,False,False,True,False,True
536,536,537,60,57.0,8924,None,IR1,Lvl,AllPub,CulDSac,Gtl,CollgCr,Norm,Norm,1Fam,2Story,7,5,1998,1999,Gable,CompShg,VinylSd,VinylSd,None,0.0,TA,TA,PConc,Gd,TA,Av,Unf,0,Unf,0,880,880,GasA,Ex,SBrkr,880,844,0,1724,0,0,2,1,3,1,Gd,8,Typ,0,None,Attchd,1998.0,Fin,2,527,TA,TA,Y,120,155,0,0,0,0,None,0,7,2008,WD,Normal,False,False,True,False,True
537,537,538,20,69.0,12735,None,IR1,Lvl,AllPub,FR2,Gtl,NAmes,Norm,Norm,1Fam,1Story,4,5,1972,1972,Hip,CompShg,MetalSd,MetalSd,None,0.0,TA,TA,CBlock,TA,TA,No,BLQ,600,Unf,0,264,864,GasA,TA,SBrkr,864,0,0,864,0,0,1,0,3,1,TA,5,Typ,0,None,Detchd,1980.0,Unf,2,576,TA,TA,Y,216,0,0,0,0,0,MnWw,0,4,2008,COD,Normal,False,False,True,False,True
538,538,539,20,69.0,11553,None,IR1,Lvl,AllPub,Inside,Gtl,Sawyer,Norm,Norm,1Fam,1Story,5,5,1968,1968,Hip,CompShg,Plywood,Plywood,BrkFace,188.0,TA,TA,CBlock,TA,TA,No,BLQ,673,Unf,0,378,1051,GasA,TA,SBrkr,1159,0,0,1159,0,0,1,1,3,1,TA,7,Typ,1,Fa,Attchd,1968.0,Unf,1,336,TA,TA,Y,466,0,0,0,0,0,None,0,7,2006,WD,Normal,False,False,True,False,True
539,539,540,20,69.0,11423,None,Reg,Lvl,AllPub,Inside,Gtl,CollgCr,Norm,Norm,1Fam,1Story,8,5,2001,2002,Gable,CompShg,VinylSd,VinylSd,BrkFace,479.0,Gd,TA,PConc,Gd,TA,Av,GLQ,1358,Unf,0,223,1581,GasA,Ex,SBrkr,1601,0,0,1601,1,0,2,0,3,1,Gd,6,Typ,1,TA,Attchd,2001.0,RFn,2,670,TA,TA,Y,180,0,0,0,0,0,MnPrv,2000,5,2010,WD,Normal,False,False,True,False,True
540,540,541,20,85.0,14601,None,Reg,Lvl,AllPub,Inside,Gtl,Timber,Norm,Norm,1Fam,1Story,9,5,2006,2006,Hip,CompShg,VinylSd,VinylSd,BrkFace,584.0,Ex,TA,PConc,Ex,TA,Av,GLQ,1260,Unf,0,578,1838,GasA,Ex,SBrkr,1838,0,0,1838,1,0,2,0,2,1,Ex,8,Typ,1,Gd,Attchd,2006.0,Fin,3,765,TA,TA,Y,270,68,0,0,0,0,None,0,3,2009,WD,Normal,False,False,True,False,True
541,541,542,60,69.0,11000,None,Reg,Lvl,AllPub,FR2,Gtl,NoRidge,Norm,Norm,1Fam,2Story,8,5,2000,2000,Gable,CompShg,VinylSd,VinylSd,BrkFace,72.0,Gd,TA,PConc,Gd,TA,No,Unf,0,Unf,0,969,969,GasA,Ex,SBrkr,997,1288,0,2285,0,0,2,1,4,1,Gd,8,Typ,1,TA,BuiltIn,2000.0,Fin,3,648,TA,TA,Y,0,56,0,0,0,0,None,0,6,2007,WD,Normal,False,False,True,False,True
542,542,543,20,78.0,10140,None,Reg,Lvl,AllPub,Inside,Gtl,NWAmes,RRAn,Norm,1Fam,1Story,7,5,1998,1999,Hip,CompShg,VinylSd,VinylSd,None,0.0,Gd,TA,PConc,Ex,TA,No,LwQ,144,GLQ,1127,379,1650,GasA,Ex,SBrkr,1680,0,0,1680,1,0,2,0,3,1,Gd,7,Maj1,1,TA,Attchd,1998.0,Fin,2,583,TA,TA,Y,78,73,0,0,0,0,None,0,6,2009,WD,Normal,False,False,True,False,True
543,543,544,120,34.0,4058,None,Reg,Lvl,AllPub,Inside,Gtl,NAmes,Norm,Norm,TwnhsE,SFoyer,7,5,1998,1998,Gable,CompShg,MetalSd,MetalSd,BrkFace,182.0,TA,TA,PConc,Gd,TA,Av,GLQ,584,LwQ,139,0,723,GasA,Ex,SBrkr,767,0,0,767,1,0,1,0,1,1,TA,4,Typ,0,None,Attchd,1998.0,Fin,1,367,TA,TA,Y,120,40,0,0,0,0,None,0,6,2007,WD,Normal,False,True,False,False,True
544,544,545,60,58.0,17104,None,IR1,Lvl,AllPub,Inside,Gtl,Gilbert,Norm,Norm,1Fam,2Story,7,5,2006,2006,Gable,CompShg,VinylSd,VinylSd,None,0.0,Gd,TA,PConc,Gd,Gd,Av,GLQ,554,Unf,0,100,654,GasA,Ex,SBrkr,664,832,0,1496,1,0,2,1,3,1,Gd,7,Typ,1,Gd,Attchd,2006.0,RFn,2,426,TA,TA,Y,100,24,0,0,0,0,None,0,9,2006,New,Partial,False,False,True,False,True
545,545,546,50,69.0,13837,None,IR1,Lvl,AllPub,Corner,Gtl,NWAmes,Norm,Norm,1Fam,1.5Fin,7,5,1988,1988,Gable,CompShg,HdBoard,HdBoard,BrkFace,178.0,Gd,Gd,PConc,Gd,Gd,No,GLQ,1002,LwQ,202,0,1204,GasA,Gd,SBrkr,1377,806,0,2183,0,0,2,1,4,1,Gd,9,Typ,0,None,Attchd,1988.0,Unf,3,786,TA,TA,Y,0,0,0,0,0,0,None,0,2,2006,WD,Normal,False,False,True,False,True
546,546,547,50,70.0,8737,None,IR1,Bnk,AllPub,Inside,Gtl,BrkSide,Norm,Norm,1Fam,1.5Fin,6,7,1923,1950,Gable,CompShg,BrkFace,Wd Sdng,None,0.0,TA,TA,BrkTil,Gd,TA,No,Rec,300,Unf,0,765,1065,GasA,Ex,FuseA,915,720,0,1635,0,0,1,1,3,1,TA,6,Typ,1,Gd,Detchd,1950.0,Unf,2,440,TA,TA,Y,0,38,0,144,0,0,None,0,5,2007,WD,Normal,False,False,True,False,True
547,547,548,85,54.0,7244,None,Reg,Lvl,AllPub,Inside,Gtl,Mitchel,Norm,Norm,1Fam,SFoyer,5,7,1970,1970,Gable,CompShg,VinylSd,VinylSd,None,0.0,TA,Gd,CBlock,Gd,TA,Av,ALQ,619,Unf,0,149,768,GasA,Ex,SBrkr,768,0,0,768,1,0,1,0,2,1,TA,5,Typ,0,None,Detchd,1987.0,Unf,2,624,TA,TA,Y,104,0,0,0,0,0,None,0,4,2007,WD,Normal,False,False,True,False,True
548,548,549,20,49.0,8235,None,IR1,HLS,AllPub,Inside,Gtl,OldTown,Feedr,RRNn,1Fam,1Story,5,7,1955,1995,Gable,CompShg,MetalSd,MetalSd,None,0.0,TA,Gd,CBlock,TA,TA,No,LwQ,180,Rec,645,0,825,GasA,TA,SBrkr,825,0,0,825,1,0,1,0,2,1,TA,4,Typ,0,None,Detchd,1963.0,RFn,2,720,TA,TA,Y,140,50,0,0,0,0,MnPrv,0,6,2008,WD,Normal,False,False,False,True,True
549,549,550,60,75.0,9375,None,Reg,Lvl,AllPub,Inside,Gtl,Somerst,Norm,Norm,1Fam,2Story,7,5,2003,2004,Gable,CompShg,VinylSd,VinylSd,None,0.0,Gd,TA,PConc,Gd,TA,No,Unf,0,Unf,0,912,912,GasA,Ex,SBrkr,912,1182,0,2094,0,0,2,1,4,1,Gd,8,Typ,1,Gd,BuiltIn,2003.0,Fin,2,615,TA,TA,Y,182,182,0,0,0,0,None,0,11,2009,WD,Normal,True,False,False,False,True
550,550,551,120,53.0,4043,None,Reg,Lvl,AllPub,Inside,Gtl,NPkVill,Norm,Norm,TwnhsE,1Story,6,6,1977,1977,Gable,CompShg,Plywood,Plywood,None,0.0,TA,TA,CBlock,Gd,TA,No,ALQ,559,Unf,0,510,1069,GasA,TA,SBrkr,1069,0,0,1069,0,0,2,0,2,1,TA,4,Typ,0,None,Attchd,1977.0,RFn,2,440,TA,TA,Y,0,55,0,0,200,0,None,0,10,2008,COD,Abnorml,False,False,True,False,True
551,551,552,20,50.0,6000,None,Reg,Lvl,AllPub,Inside,Gtl,OldTown,Norm,Norm,1Fam,1Story,5,6,1957,1957,Hip,CompShg,BrkFace,BrkFace,None,0.0,TA,TA,CBlock,TA,TA,No,Rec,308,Unf,0,620,928,GasA,Gd,FuseA,928,0,0,928,0,0,1,0,3,1,TA,5,Typ,0,None,Attchd,1957.0,Fin,1,288,TA,TA,Y,0,0,0,0,0,0,None,0,6,2008,WD,Normal,False,False,False,True,True
552,552,553,20,87.0,11146,None,IR1,Lvl,AllPub,Inside,Gtl,NridgHt,Norm,Norm,1Fam,1Story,8,5,2006,2006,Gable,CompShg,VinylSd,VinylSd,Stone,250.0,Gd,TA,PConc,Ex,TA,Av,Unf,0,Unf,0,1709,1709,GasA,Ex,SBrkr,1717,0,0,1717,0,0,2,0,3,1,Gd,7,Typ,1,Gd,Attchd,2006.0,RFn,3,908,TA,TA,Y,169,39,0,0,0,0,None,0,7,2009,WD,Normal,False,False,True,False,True
553,553,554,20,67.0,8777,None,Reg,Lvl,AllPub,Inside,Gtl,Edwards,Feedr,Norm,1Fam,1Story,4,5,1949,2003,Gable,CompShg,VinylSd,VinylSd,None,0.0,TA,TA,CBlock,None,None,None,None,0,None,0,0,0,GasA,Ex,SBrkr,1126,0,0,1126,0,0,2,0,2,1,Gd,5,Typ,0,None,Detchd,2002.0,Fin,2,520,TA,TA,N,0,96,0,0,0,0,MnPrv,0,5,2009,WD,Normal,False,False,True,False,True
554,554,555,60,85.0,10625,None,Reg,Lvl,AllPub,Inside,Gtl,NridgHt,Norm,Norm,1Fam,2Story,7,5,2003,2004,Gable,CompShg,VinylSd,VinylSd,BrkFace,292.0,Gd,TA,PConc,Gd,TA,No,GLQ,866,Unf,0,132,998,GasA,Ex,SBrkr,1006,1040,0,2046,1,0,2,1,3,1,Gd,8,Typ,1,Gd,BuiltIn,2003.0,RFn,3,871,TA,TA,Y,320,62,0,0,0,0,None,0,8,2008,WD,Normal,False,False,True,False,True
555,555,556,45,58.0,6380,None,Reg,Lvl,AllPub,Inside,Gtl,BrkSide,Norm,Norm,1Fam,1.5Unf,5,6,1922,1950,Gable,CompShg,MetalSd,MetalSd,None,0.0,TA,TA,BrkTil,TA,Fa,No,Unf,0,Unf,0,993,993,GasA,TA,FuseA,1048,0,0,1048,0,0,1,0,2,1,TA,5,Typ,1,Gd,Detchd,1922.0,Unf,1,280,TA,TA,Y,0,0,116,0,0,0,None,0,8,2006,WD,Normal,False,False,False,True,True
556,556,557,20,69.0,14850,None,IR1,Lvl,AllPub,Inside,Gtl,NAmes,Norm,Norm,1Fam,1Story,5,5,1957,1957,Gable,CompShg,Wd Sdng,Wd Sdng,None,0.0,TA,TA,CBlock,TA,TA,No,Rec,895,Unf,0,197,1092,GasA,TA,FuseA,1092,0,0,1092,1,0,1,0,2,1,TA,6,Typ,1,TA,Attchd,1957.0,Fin,1,299,TA,TA,Y,268,0,0,0,122,0,MnWw,0,5,2006,WD,Normal,False,False,True,False,True
557,557,558,50,60.0,11040,None,Reg,Low,AllPub,Inside,Mod,IDOTRR,Norm,Norm,1Fam,1.5Fin,4,6,1920,1950,Gable,CompShg,MetalSd,MetalSd,None,0.0,TA,TA,CBlock,TA,TA,No,Rec,637,Unf,0,0,637,GasA,Gd,SBrkr,897,439,0,1336,0,0,1,1,3,1,TA,7,Typ,0,None,CarPort,1994.0,Unf,1,570,TA,TA,Y,0,47,120,0,0,0,None,0,9,2006,COD,Normal,False,False,False,False,True
558,558,559,60,57.0,21872,None,IR2,HLS,AllPub,FR2,Gtl,Gilbert,Norm,Norm,1Fam,2Story,7,5,1996,1997,Gable,CompShg,HdBoard,HdBoard,None,0.0,TA,TA,PConc,Gd,TA,Gd,GLQ,604,Unf,0,125,729,GasA,Ex,SBrkr,729,717,0,1446,0,1,2,1,3,1,TA,6,Typ,1,TA,Attchd,1996.0,Unf,2,406,TA,TA,Y,264,22,0,0,0,0,None,0,8,2008,WD,Normal,False,False,True,False,True
559,559,560,120,69.0,3196,None,Reg,Lvl,AllPub,Inside,Gtl,Blmngtn,Norm,Norm,TwnhsE,1Story,7,5,2003,2004,Gable,CompShg,VinylSd,VinylSd,BrkFace,18.0,Gd,TA,PConc,Gd,TA,Gd,Unf,0,Unf,0,1374,1374,GasA,Ex,SBrkr,1557,0,0,1557,0,0,2,0,2,1,Gd,7,Typ,1,TA,Attchd,2003.0,Fin,2,420,TA,TA,Y,143,20,0,0,0,0,None,0,10,2006,WD,Normal,False,False,True,False,True
560,560,561,20,69.0,11341,None,IR1,Lvl,AllPub,Inside,Gtl,Sawyer,Norm,Norm,1Fam,1Story,5,6,1957,1996,Hip,CompShg,Wd Sdng,Wd Sdng,BrkFace,180.0,TA,TA,CBlock,Gd,TA,No,ALQ,1302,Unf,0,90,1392,GasA,TA,SBrkr,1392,0,0,1392,1,0,1,1,3,1,TA,5,Mod,1,Gd,Detchd,1957.0,Unf,2,528,TA,TA,Y,0,0,0,0,95,0,None,0,5,2010,WD,Normal,False,False,True,False,True
561,561,562,20,77.0,10010,None,Reg,Lvl,AllPub,Inside,Mod,Mitchel,Norm,Norm,1Fam,1Story,5,5,1974,1975,Gable,CompShg,HdBoard,HdBoard,None,0.0,TA,TA,CBlock,Gd,TA,Av,ALQ,1071,LwQ,123,195,1389,GasA,Gd,SBrkr,1389,0,0,1389,1,0,1,0,2,1,TA,6,Typ,1,TA,Attchd,1975.0,RFn,2,418,TA,TA,Y,240,38,0,0,0,0,None,0,4,2006,WD,Normal,False,False,True,False,True
562,562,563,30,63.0,13907,None,Reg,Lvl,AllPub,Inside,Gtl,Edwards,Norm,Norm,1Fam,1Story,5,6,1940,1969,Gable,CompShg,WdShing,Wd Shng,None,0.0,TA,TA,CBlock,TA,TA,No,BLQ,290,Unf,0,706,996,GasA,Ex,SBrkr,996,0,0,996,1,0,1,0,3,1,TA,6,Typ,1,Gd,None,1980.0,None,0,0,None,None,Y,144,0,0,0,0,0,None,0,7,2008,WD,Normal,False,False,True,False,True
563,563,564,50,66.0,21780,None,Reg,Lvl,AllPub,Inside,Gtl,Edwards,Norm,Norm,1Fam,1.5Fin,6,7,1918,1950,Gable,CompShg,Wd Sdng,Wd Sdng,None,0.0,TA,TA,BrkTil,Gd,TA,Mn,Unf,0,Unf,0,1163,1163,GasA,Ex,SBrkr,1163,511,0,1674,0,0,2,0,4,1,TA,8,Typ,1,Gd,Detchd,1955.0,Fin,2,396,TA,TA,N,72,36,0,0,144,0,None,0,7,2008,WD,Normal,False,False,True,False,True
564,564,565,60,69.0,13346,None,IR1,Lvl,AllPub,CulDSac,Gtl,NoRidge,Norm,Norm,1Fam,2Story,7,5,1992,2000,Gable,CompShg,HdBoard,HdBoard,None,0.0,Gd,TA,PConc,Gd,TA,No,GLQ,728,Unf,0,367,1095,GasA,Ex,SBrkr,1166,1129,0,2295,1,0,2,1,4,1,Gd,9,Typ,1,TA,Attchd,1992.0,RFn,2,590,TA,TA,Y,0,40,0,0,0,0,None,0,7,2006,WD,Normal,False,False,True,False,True
565,565,566,70,66.0,6858,None,Reg,Bnk,AllPub,Corner,Gtl,SWISU,Norm,Norm,1Fam,2Story,6,4,1915,1950,Gable,CompShg,Wd Sdng,Wd Sdng,None,0.0,TA,TA,PConc,Gd,TA,No,Unf,0,Unf,0,806,806,GasA,TA,FuseF,841,806,0,1647,1,0,1,1,4,1,Fa,6,Typ,0,None,Detchd,1920.0,Unf,1,216,TA,TA,Y,0,66,136,0,0,0,None,0,5,2010,WD,Normal,False,False,True,False,True
566,566,567,60,77.0,11198,None,IR1,Lvl,AllPub,Inside,Gtl,StoneBr,Norm,Norm,1Fam,2Story,9,5,2005,2007,Hip,CompShg,VinylSd,VinylSd,BrkFace,245.0,Gd,TA,PConc,Gd,Gd,No,Unf,0,Unf,0,1122,1122,GasA,Ex,SBrkr,1134,1370,0,2504,0,0,2,1,4,1,Ex,11,Typ,1,Gd,BuiltIn,2005.0,Fin,3,656,TA,TA,Y,144,39,0,0,0,0,None,0,6,2008,WD,Normal,False,False,True,False,True
567,567,568,20,70.0,10171,None,IR1,Lvl,AllPub,Inside,Gtl,NridgHt,Norm,Norm,1Fam,1Story,7,5,2004,2004,Gable,CompShg,VinylSd,VinylSd,BrkFace,168.0,Gd,TA,PConc,Gd,TA,No,GLQ,2,Unf,0,1515,1517,GasA,Ex,SBrkr,1535,0,0,1535,0,0,2,0,3,1,Gd,7,Typ,0,None,Attchd,2004.0,RFn,2,532,TA,TA,Y,0,0,0,0,0,0,None,0,3,2010,WD,Normal,False,False,True,False,True
568,568,569,50,79.0,12327,None,IR1,Low,AllPub,Inside,Mod,SawyerW,Norm,Norm,1Fam,1.5Fin,8,8,1983,2009,Gable,CompShg,Wd Sdng,Wd Sdng,None,0.0,Gd,TA,CBlock,Gd,TA,Gd,GLQ,1441,Unf,0,55,1496,GasA,Ex,SBrkr,1496,636,0,2132,1,0,1,1,1,1,Gd,5,Min2,1,Gd,BuiltIn,1983.0,Fin,2,612,Gd,TA,Y,349,40,0,0,0,0,None,0,9,2009,WD,Normal,False,False,True,False,True
569,569,570,90,69.0,7032,None,IR1,Lvl,AllPub,Corner,Gtl,NAmes,Norm,Norm,Duplex,SFoyer,5,5,1979,1979,Gable,CompShg,MetalSd,MetalSd,None,0.0,TA,TA,CBlock,Gd,TA,Gd,GLQ,943,Unf,0,0,943,GasA,TA,SBrkr,943,0,0,943,1,0,1,0,2,1,TA,4,Typ,2,TA,Detchd,1979.0,Unf,2,600,TA,TA,Y,42,0,0,0,0,0,None,0,12,2006,WD,Normal,False,False,True,False,True
570,570,571,90,74.0,13101,None,IR1,Lvl,AllPub,Inside,Gtl,NAmes,Norm,Norm,Duplex,1Story,5,5,1965,1965,Gable,CompShg,HdBoard,HdBoard,BrkFace,108.0,TA,TA,CBlock,TA,TA,No,LwQ,231,Unf,0,1497,1728,GasA,TA,SBrkr,1728,0,0,1728,0,0,2,0,6,2,TA,10,Typ,0,None,Detchd,1987.0,Unf,2,576,TA,TA,Y,0,0,0,0,0,0,None,0,11,2008,WD,Normal,False,False,True,False,True
571,571,572,20,60.0,7332,None,Reg,Lvl,AllPub,Inside,Gtl,NAmes,Norm,Norm,1Fam,1Story,6,6,1959,1959,Gable,CompShg,WdShing,Wd Shng,BrkFace,207.0,TA,TA,CBlock,TA,TA,No,BLQ,414,Unf,0,450,864,GasA,Ex,SBrkr,864,0,0,864,1,0,1,0,2,1,Gd,4,Typ,0,None,Attchd,1959.0,Unf,1,288,TA,TA,Y,168,0,0,0,0,0,None,0,10,2006,WD,Abnorml,False,False,True,False,True
572,572,573,60,83.0,13159,None,IR1,HLS,AllPub,Corner,Gtl,Timber,Norm,Norm,1Fam,2Story,7,5,2009,2009,Gable,CompShg,VinylSd,VinylSd,None,0.0,TA,TA,PConc,Ex,TA,Av,Unf,0,Unf,0,846,846,GasA,Gd,SBrkr,846,846,0,1692,0,0,2,1,3,1,Gd,6,Typ,0,None,Attchd,2009.0,RFn,2,650,TA,TA,Y,208,114,0,0,0,0,None,0,7,2009,New,Partial,False,False,True,False,True
573,573,574,80,76.0,9967,None,IR1,Lvl,AllPub,Inside,Gtl,Gilbert,Norm,Norm,1Fam,SLvl,7,5,2000,2000,Gable,CompShg,VinylSd,VinylSd,None,0.0,TA,TA,PConc,Gd,TA,No,Unf,0,Unf,0,384,384,GasA,Ex,SBrkr,774,656,0,1430,0,0,2,1,3,1,TA,8,Typ,1,TA,BuiltIn,2000.0,RFn,2,400,TA,TA,Y,100,0,0,0,0,0,None,0,12,2007,WD,Normal,False,False,True,False,True
574,574,575,80,70.0,10500,None,Reg,Lvl,AllPub,FR2,Gtl,NAmes,Norm,Norm,1Fam,SLvl,5,7,1971,2005,Gambrel,CompShg,MetalSd,AsphShn,BrkFace,82.0,TA,TA,CBlock,TA,TA,Av,ALQ,349,Unf,0,23,372,GasA,TA,SBrkr,576,533,0,1109,0,1,1,0,3,1,TA,5,Typ,0,None,BuiltIn,1971.0,Unf,1,288,TA,TA,Y,35,0,0,0,0,0,GdWo,0,12,2007,WD,Normal,False,False,True,False,True
575,575,576,50,80.0,8480,None,Reg,Lvl,AllPub,Inside,Gtl,NAmes,Norm,Norm,1Fam,1.5Fin,5,5,1947,1950,Gable,CompShg,MetalSd,MetalSd,None,0.0,TA,TA,CBlock,TA,TA,No,Rec,442,Unf,0,390,832,GasA,TA,SBrkr,832,384,0,1216,0,0,1,0,2,1,TA,6,Typ,0,None,Detchd,1947.0,Unf,1,336,TA,TA,Y,158,0,102,0,0,0,None,0,10,2008,COD,Abnorml,False,False,True,False,True
576,576,577,50,52.0,6292,None,Reg,Lvl,AllPub,Inside,Gtl,SWISU,Norm,Norm,1Fam,1.5Fin,7,7,1928,1950,Gable,CompShg,Wd Sdng,Wd Sdng,None,0.0,TA,TA,BrkTil,TA,TA,No,Unf,0,Unf,0,861,861,GasA,Gd,SBrkr,877,600,0,1477,0,1,2,0,3,1,TA,6,Typ,1,Gd,Detchd,1928.0,Unf,1,216,TA,TA,Y,0,50,0,0,0,0,None,0,8,2009,WD,Normal,False,False,True,False,True
577,577,578,80,96.0,11777,None,IR1,Lvl,AllPub,Inside,Gtl,Sawyer,Norm,Norm,1Fam,SLvl,5,6,1966,1966,Gable,CompShg,VinylSd,VinylSd,BrkFace,97.0,TA,TA,CBlock,TA,TA,Av,LwQ,328,ALQ,551,285,1164,GasA,Ex,SBrkr,1320,0,0,1320,1,0,1,0,3,1,TA,6,Typ,2,Fa,Attchd,1966.0,RFn,2,564,TA,TA,Y,160,68,240,0,0,0,None,0,5,2006,WD,Abnorml,False,False,True,False,True
578,578,579,160,34.0,3604,Pave,Reg,Lvl,AllPub,Corner,Gtl,Somerst,Norm,Norm,TwnhsE,2Story,7,5,2007,2007,Gable,CompShg,VinylSd,VinylSd,None,0.0,Gd,TA,PConc,Gd,TA,No,Unf,0,Unf,0,689,689,GasA,Ex,SBrkr,703,689,0,1392,0,0,2,0,2,1,Gd,5,Typ,0,None,Detchd,2007.0,Unf,2,540,TA,TA,Y,0,102,0,0,0,0,None,0,2,2008,WD,Abnorml,True,False,False,False,True
579,579,580,50,81.0,12150,Grvl,Reg,Lvl,AllPub,Inside,Gtl,OldTown,Norm,Norm,1Fam,1.5Fin,5,5,1954,1954,Gable,CompShg,MetalSd,MetalSd,BrkFace,335.0,TA,TA,BrkTil,TA,TA,No,Unf,0,Unf,0,1050,1050,GasA,Ex,FuseF,1050,745,0,1795,0,0,2,0,4,1,TA,7,Typ,0,None,Attchd,1954.0,Unf,1,352,Fa,TA,Y,0,0,0,0,0,0,None,0,11,2008,WD,Normal,False,False,False,True,True
580,580,581,20,69.0,14585,None,IR1,Lvl,AllPub,CulDSac,Gtl,NAmes,Norm,Norm,1Fam,1Story,6,6,1960,1987,Gable,CompShg,Wd Sdng,Wd Sdng,BrkFace,85.0,TA,TA,CBlock,TA,TA,No,BLQ,594,Rec,219,331,1144,GasA,Ex,SBrkr,1429,0,0,1429,0,1,1,0,3,1,Gd,7,Typ,2,Gd,Attchd,1960.0,Unf,2,572,TA,TA,Y,216,110,0,0,0,0,None,0,6,2007,WD,Normal,False,False,True,False,True
581,581,582,20,98.0,12704,None,Reg,Lvl,AllPub,Inside,Gtl,NridgHt,Norm,Norm,1Fam,1Story,8,5,2008,2009,Hip,CompShg,VinylSd,VinylSd,BrkFace,306.0,Ex,TA,PConc,Ex,TA,No,Unf,0,Unf,0,2042,2042,GasA,Ex,SBrkr,2042,0,0,2042,0,0,2,1,3,1,Ex,8,Typ,1,Gd,Attchd,2009.0,RFn,3,1390,TA,TA,Y,0,90,0,0,0,0,None,0,8,2009,New,Partial,False,False,True,False,True
582,582,583,90,81.0,11841,None,Reg,Lvl,AllPub,Inside,Gtl,Edwards,Norm,Norm,Duplex,SFoyer,6,5,1990,1990,Gable,CompShg,HdBoard,HdBoard,BrkFace,104.0,TA,Gd,CBlock,Gd,TA,Av,GLQ,816,Unf,0,0,816,GasA,TA,SBrkr,816,0,0,816,1,0,1,0,3,1,TA,5,Typ,0,None,None,1980.0,None,0,0,None,None,Y,0,32,0,0,0,0,None,0,5,2007,WD,Normal,False,False,True,False,False
583,583,584,75,75.0,13500,None,Reg,Lvl,AllPub,Inside,Gtl,OldTown,Artery,PosA,1Fam,2.5Unf,10,9,1893,2000,Gable,CompShg,Wd Sdng,Wd Sdng,None,0.0,Ex,Ex,BrkTil,TA,TA,No,Unf,0,Unf,0,1237,1237,GasA,Gd,SBrkr,1521,1254,0,2775,0,0,3,1,3,1,Gd,9,Typ,1,Gd,Detchd,1988.0,Unf,2,880,Gd,TA,Y,105,502,0,0,0,0,None,0,7,2008,WD,Normal,False,False,False,True,True
584,584,585,50,51.0,6120,None,Reg,Lvl,AllPub,Inside,Gtl,BrkSide,Norm,Norm,1Fam,1.5Fin,4,7,1935,1995,Gable,CompShg,AsbShng,AsbShng,None,0.0,TA,TA,BrkTil,TA,TA,No,Unf,0,Unf,0,884,884,GasA,Ex,SBrkr,989,584,0,1573,0,0,1,0,3,1,Gd,6,Typ,0,None,Detchd,1935.0,Unf,1,240,TA,TA,Y,0,0,54,0,120,0,None,0,7,2009,WD,Normal,False,False,False,True,True
585,585,586,20,88.0,11443,None,Reg,Lvl,AllPub,Inside,Gtl,Timber,Norm,Norm,1Fam,1Story,8,5,2005,2006,Hip,CompShg,VinylSd,VinylSd,BrkFace,208.0,Gd,TA,PConc,Ex,TA,Gd,GLQ,1460,Unf,0,408,1868,GasA,Ex,SBrkr,2028,0,0,2028,1,0,2,0,2,1,Gd,7,Typ,2,Gd,Attchd,2005.0,RFn,3,880,TA,TA,Y,326,66,0,0,0,0,None,0,3,2006,New,Partial,False,False,True,False,True
586,586,587,30,55.0,10267,None,Reg,Lvl,AllPub,Inside,Gtl,BrkSide,RRAn,Norm,1Fam,1Story,6,7,1918,2000,Gable,CompShg,Stucco,Wd Shng,None,0.0,TA,Gd,BrkTil,TA,Gd,Mn,Rec,210,ALQ,606,0,816,GasA,Ex,SBrkr,838,0,0,838,1,0,1,0,2,1,Fa,5,Typ,0,None,Detchd,1961.0,Fin,1,275,TA,TA,N,0,0,112,0,0,0,MnWw,0,5,2008,WD,Normal,False,False,True,False,True
587,587,588,85,74.0,8740,None,IR1,Lvl,AllPub,Inside,Gtl,Sawyer,Norm,Norm,1Fam,SFoyer,5,6,1982,1982,Hip,CompShg,HdBoard,HdBoard,None,0.0,TA,TA,CBlock,TA,TA,Av,ALQ,672,Unf,0,168,840,GasA,TA,SBrkr,860,0,0,860,1,0,1,0,2,1,TA,4,Typ,0,None,Detchd,1996.0,Unf,2,528,TA,TA,Y,0,0,0,0,0,0,None,0,7,2009,WD,Normal,False,False,True,False,True
588,588,589,20,65.0,25095,None,IR1,Low,AllPub,Inside,Sev,ClearCr,Norm,Norm,1Fam,1Story,5,8,1968,2003,Flat,Tar&Grv,Wd Sdng,Wd Sdng,None,0.0,TA,TA,CBlock,TA,TA,Gd,GLQ,1324,Unf,0,113,1437,GasA,Ex,SBrkr,1473,0,0,1473,2,0,1,0,1,1,Ex,5,Typ,2,Gd,Attchd,1968.0,Unf,1,452,TA,TA,Y,0,48,0,0,60,0,None,0,6,2009,WD,Partial,False,False,True,False,True
589,589,590,40,50.0,9100,None,Reg,Lvl,AllPub,Inside,Gtl,BrkSide,RRAn,Feedr,1Fam,1Story,5,6,1930,1960,Gable,CompShg,VinylSd,VinylSd,None,0.0,TA,TA,BrkTil,TA,TA,No,Unf,0,Unf,0,742,742,GasA,TA,FuseA,779,0,156,935,0,0,1,0,2,1,TA,4,Typ,0,None,Detchd,1988.0,Unf,1,308,TA,TA,P,0,0,0,0,0,0,None,600,8,2008,WD,Normal,False,False,False,True,True
590,590,591,60,64.0,8320,None,Reg,Lvl,AllPub,Inside,Gtl,CollgCr,Norm,Norm,1Fam,2Story,7,5,2004,2004,Gable,CompShg,VinylSd,VinylSd,None,0.0,Gd,TA,PConc,Gd,TA,No,GLQ,490,Unf,0,280,770,GasA,Ex,SBrkr,770,812,0,1582,0,0,2,1,3,1,Gd,6,Typ,0,None,Attchd,2004.0,RFn,2,520,TA,TA,Y,0,45,0,0,0,0,None,0,9,2008,WD,Normal,False,False,True,False,True
591,591,592,60,97.0,13478,None,IR1,Lvl,AllPub,Corner,Gtl,NridgHt,Norm,Norm,1Fam,2Story,10,5,2008,2008,Gable,CompShg,CemntBd,CmentBd,Stone,420.0,Ex,TA,PConc,Ex,TA,Gd,GLQ,1338,Unf,0,384,1722,GasA,Ex,SBrkr,1728,568,0,2296,1,0,2,1,3,1,Ex,10,Typ,1,Gd,BuiltIn,2008.0,RFn,3,842,TA,TA,Y,382,274,0,0,0,0,None,0,6,2009,ConLI,Normal,False,False,True,False,True
592,592,593,20,60.0,6600,None,Reg,Lvl,AllPub,Inside,Gtl,Mitchel,Norm,Norm,1Fam,1Story,5,8,1982,2003,Gable,CompShg,HdBoard,HdBoard,None,0.0,TA,Gd,PConc,TA,Gd,No,GLQ,816,Unf,0,0,816,GasA,Ex,SBrkr,816,0,0,816,1,0,1,0,2,1,TA,4,Typ,0,None,Detchd,1985.0,Fin,2,816,TA,TA,Y,0,0,0,0,0,0,None,0,6,2008,WD,Normal,False,False,True,False,True
593,593,594,120,69.0,4435,None,Reg,Lvl,AllPub,Inside,Gtl,CollgCr,Norm,Norm,TwnhsE,1Story,6,5,2003,2003,Gable,CompShg,VinylSd,VinylSd,BrkFace,170.0,Gd,TA,PConc,Gd,TA,Av,GLQ,685,Unf,0,163,848,GasA,Ex,SBrkr,848,0,0,848,1,0,1,0,1,1,Gd,4,Typ,0,None,Attchd,2003.0,Fin,2,420,TA,TA,Y,140,0,0,0,0,0,None,0,5,2009,WD,Normal,False,False,False,True,True
594,594,595,20,88.0,7990,None,IR1,Lvl,AllPub,Inside,Gtl,CollgCr,Norm,Norm,1Fam,1Story,5,6,1975,1975,Hip,CompShg,HdBoard,HdBoard,None,0.0,TA,TA,CBlock,Gd,TA,No,Unf,0,Unf,0,924,924,GasA,TA,SBrkr,924,0,0,924,0,0,1,0,3,1,TA,5,Typ,0,None,Detchd,1981.0,Unf,1,280,TA,TA,Y,0,0,0,0,0,0,MnPrv,0,4,2008,WD,Normal,False,False,True,False,True
595,595,596,20,69.0,11302,None,IR1,Lvl,AllPub,Inside,Gtl,StoneBr,Norm,Norm,1Fam,1Story,8,5,2005,2006,Gable,CompShg,VinylSd,Other,BrkFace,238.0,Gd,TA,PConc,Gd,TA,Gd,GLQ,1422,Unf,0,392,1814,GasA,Ex,SBrkr,1826,0,0,1826,1,0,2,0,3,1,Gd,7,Typ,1,TA,Attchd,2005.0,Fin,3,758,TA,TA,Y,180,75,0,0,120,0,None,0,8,2006,New,Partial,False,False,True,False,True
596,596,597,70,60.0,3600,Grvl,Reg,Lvl,AllPub,Inside,Gtl,OldTown,Norm,Norm,1Fam,2Story,6,7,1910,1993,Gable,CompShg,VinylSd,VinylSd,None,0.0,TA,TA,CBlock,TA,TA,No,Unf,0,Unf,0,684,684,GasA,Ex,FuseA,684,684,0,1368,0,0,1,0,3,1,TA,7,Typ,0,None,Detchd,1930.0,Unf,1,216,TA,Fa,N,0,158,0,0,0,0,None,0,10,2006,WD,Normal,False,False,False,True,True
597,597,598,120,53.0,3922,None,Reg,Lvl,AllPub,Inside,Gtl,Blmngtn,Norm,Norm,TwnhsE,1Story,7,5,2006,2007,Gable,CompShg,VinylSd,VinylSd,BrkFace,72.0,Gd,TA,PConc,Ex,TA,Av,Unf,0,Unf,0,1258,1258,GasA,Ex,SBrkr,1402,0,0,1402,0,2,0,2,2,1,Gd,7,Typ,1,Gd,Attchd,2006.0,Fin,3,648,TA,TA,Y,120,16,0,0,0,0,None,0,2,2007,New,Partial,False,False,True,False,True
598,598,599,20,80.0,12984,None,Reg,Bnk,AllPub,Inside,Gtl,Crawfor,Norm,Norm,1Fam,1Story,5,6,1977,1977,Gable,CompShg,Plywood,Plywood,BrkFace,459.0,TA,TA,CBlock,Gd,TA,Mn,ALQ,1283,LwQ,147,0,1430,GasA,Ex,SBrkr,1647,0,0,1647,1,0,2,0,3,1,Gd,7,Typ,1,TA,Attchd,1977.0,Fin,2,621,TA,TA,Y,0,0,0,0,0,0,None,0,3,2006,WD,Normal,False,False,True,False,True
599,599,600,160,24.0,1950,None,Reg,Lvl,AllPub,Inside,Gtl,Blueste,Norm,Norm,Twnhs,2Story,6,6,1980,1980,Gable,CompShg,MetalSd,MetalSd,None,0.0,TA,Gd,CBlock,Gd,TA,No,LwQ,81,GLQ,612,23,716,GasA,TA,SBrkr,716,840,0,1556,1,0,2,1,3,1,TA,6,Typ,1,TA,Attchd,1980.0,Fin,2,452,TA,TA,Y,161,0,0,0,0,0,GdPrv,0,7,2008,COD,Normal,False,False,False,True,True
600,600,601,60,74.0,10927,None,Reg,Lvl,AllPub,Inside,Gtl,NridgHt,Norm,Norm,1Fam,2Story,8,5,2005,2005,Gable,CompShg,VinylSd,VinylSd,BrkFace,280.0,Gd,TA,PConc,Gd,TA,Av,GLQ,546,Unf,0,512,1058,GasA,Ex,SBrkr,1058,846,0,1904,1,0,2,1,3,1,Ex,8,Typ,1,Gd,BuiltIn,2003.0,Fin,2,736,TA,TA,Y,179,60,0,0,0,0,None,0,6,2006,WD,Normal,False,False,True,False,True
601,601,602,50,50.0,9000,None,Reg,Bnk,AllPub,Inside,Gtl,IDOTRR,Norm,Norm,1Fam,1.5Fin,6,6,1937,1950,Gable,CompShg,Wd Sdng,Wd Sdng,None,0.0,TA,Gd,PConc,TA,TA,No,Unf,0,Unf,0,780,780,GasA,TA,SBrkr,780,595,0,1375,0,0,1,1,3,1,Gd,6,Typ,1,Gd,Detchd,1979.0,Unf,1,544,TA,TA,P,0,162,0,0,126,0,None,0,12,2007,WD,Normal,False,False,False,True,True
602,602,603,60,80.0,10041,None,IR1,Lvl,AllPub,Inside,Gtl,SawyerW,Norm,Norm,1Fam,2Story,8,5,1992,1992,Gable,CompShg,HdBoard,HdBoard,None,0.0,Gd,TA,PConc,Gd,TA,Mn,GLQ,789,Unf,0,119,908,GasA,Ex,SBrkr,927,988,0,1915,1,0,2,1,3,1,Gd,8,Typ,1,TA,Attchd,1992.0,Fin,2,506,TA,TA,Y,120,150,0,0,0,0,None,0,2,2006,WD,Abnorml,False,False,True,False,True
603,603,604,160,30.0,3182,Pave,Reg,Lvl,AllPub,Inside,Gtl,Somerst,Norm,Norm,TwnhsE,2Story,7,5,2004,2005,Gable,CompShg,MetalSd,MetalSd,None,0.0,Gd,TA,PConc,Gd,TA,No,Unf,0,Unf,0,600,600,GasA,Ex,SBrkr,600,600,0,1200,0,0,2,1,2,1,Gd,4,Typ,0,None,Detchd,2004.0,RFn,2,480,TA,TA,Y,0,172,0,0,0,0,None,0,6,2010,WD,Normal,True,False,False,False,True
604,604,605,20,88.0,12803,None,IR1,Lvl,AllPub,Inside,Gtl,CollgCr,Norm,Norm,1Fam,1Story,7,5,2002,2002,Gable,CompShg,VinylSd,VinylSd,BrkFace,99.0,Gd,TA,PConc,Gd,TA,Mn,GLQ,922,Unf,0,572,1494,GasA,Ex,SBrkr,1494,0,0,1494,1,0,2,0,3,1,Gd,6,Typ,1,TA,Attchd,2002.0,RFn,2,530,TA,TA,Y,192,36,0,0,0,0,None,0,9,2008,WD,Normal,False,False,True,False,True
605,605,606,60,85.0,13600,None,Reg,Lvl,AllPub,Inside,Gtl,NAmes,Norm,Norm,1Fam,2Story,7,6,1965,1990,Gable,CompShg,HdBoard,HdBoard,BrkFace,176.0,TA,TA,CBlock,TA,TA,No,BLQ,454,Unf,0,314,768,GasA,TA,SBrkr,1186,800,0,1986,0,0,2,1,3,1,TA,7,Typ,3,Fa,Attchd,1965.0,Unf,2,486,TA,TA,Y,0,42,0,0,189,0,None,0,10,2009,WD,Normal,False,False,True,False,True
606,606,607,20,82.0,12464,None,IR2,Low,AllPub,Corner,Mod,CollgCr,Norm,Norm,1Fam,1Story,5,5,1996,1996,Gable,CompShg,VinylSd,VinylSd,None,0.0,TA,Gd,PConc,Gd,TA,No,GLQ,732,Unf,0,308,1040,GasA,Gd,SBrkr,1040,0,0,1040,1,0,1,0,3,1,Gd,6,Typ,0,None,Detchd,2000.0,Unf,2,576,TA,TA,Y,168,0,0,0,0,0,GdPrv,0,11,2009,WD,Normal,False,False,True,False,True
607,607,608,20,78.0,7800,None,Reg,Bnk,AllPub,Inside,Mod,Edwards,Norm,Norm,1Fam,2Story,5,8,1948,2002,Gable,CompShg,MetalSd,MetalSd,None,0.0,TA,Gd,CBlock,TA,Gd,No,GLQ,603,Unf,0,293,896,GasA,Ex,SBrkr,1112,896,0,2008,1,0,3,0,3,1,Ex,8,Typ,0,None,Attchd,1948.0,Unf,1,230,TA,TA,Y,103,0,0,0,0,0,None,0,8,2006,WD,Normal,False,False,True,False,True
608,608,609,70,78.0,12168,None,Reg,HLS,AllPub,Inside,Mod,Crawfor,Norm,Norm,1Fam,2Story,8,6,1934,1998,Gable,CompShg,BrkFace,Wd Sdng,None,0.0,TA,TA,PConc,Gd,TA,Mn,BLQ,428,Unf,0,537,965,GasA,TA,SBrkr,1940,1254,0,3194,0,0,2,1,4,1,TA,10,Typ,2,Gd,Basment,1934.0,Unf,2,380,TA,TA,Y,0,0,0,0,0,0,None,0,9,2007,WD,Alloca,False,False,True,False,True
609,609,610,20,61.0,7943,None,Reg,Lvl,AllPub,Inside,Gtl,Sawyer,Feedr,Norm,1Fam,1Story,4,5,1961,1961,Gable,CompShg,VinylSd,VinylSd,BrkCmn,192.0,TA,Fa,CBlock,TA,TA,Mn,Rec,903,Unf,0,126,1029,GasA,Gd,SBrkr,1029,0,0,1029,1,0,1,0,3,1,TA,5,Typ,0,None,Attchd,1961.0,Unf,1,261,TA,TA,Y,64,0,39,0,0,0,None,0,4,2007,WD,Normal,False,False,True,False,True
610,610,611,60,69.0,11050,None,Reg,Lvl,AllPub,Inside,Gtl,CollgCr,PosN,Norm,1Fam,2Story,9,5,2000,2000,Hip,CompShg,VinylSd,VinylSd,BrkFace,204.0,Gd,TA,PConc,Ex,TA,Mn,GLQ,904,Unf,0,536,1440,GasA,Ex,SBrkr,1476,677,0,2153,1,0,2,1,3,1,Ex,8,Typ,2,Ex,Attchd,2000.0,Fin,3,736,TA,TA,Y,253,142,0,0,0,0,None,0,5,2009,WD,Normal,False,False,True,False,True
611,611,612,80,69.0,10395,None,IR1,Lvl,AllPub,FR2,Gtl,NWAmes,Norm,Norm,1Fam,SLvl,6,6,1978,1978,Gable,CompShg,HdBoard,HdBoard,BrkFace,233.0,TA,TA,CBlock,Gd,TA,Av,ALQ,605,Unf,0,427,1032,GasA,TA,SBrkr,1032,0,0,1032,0,1,2,0,3,1,TA,6,Typ,1,TA,Attchd,1978.0,Unf,2,564,TA,TA,Y,0,0,0,0,0,0,MnPrv,500,7,2007,WD,Normal,False,False,True,False,True
612,612,613,60,69.0,11885,None,Reg,Lvl,AllPub,Inside,Gtl,CollgCr,Norm,Norm,1Fam,2Story,8,5,2001,2001,Gable,CompShg,VinylSd,VinylSd,BrkFace,108.0,Gd,TA,PConc,Gd,TA,Av,GLQ,990,Unf,0,309,1299,GasA,Ex,SBrkr,1299,573,0,1872,1,0,2,1,3,1,Ex,7,Typ,1,TA,BuiltIn,2001.0,RFn,2,531,TA,TA,Y,160,122,0,0,0,0,None,0,11,2009,WD,Normal,False,False,True,False,True
613,613,614,20,70.0,8402,None,Reg,Lvl,AllPub,Inside,Gtl,Mitchel,Feedr,Norm,1Fam,1Story,5,5,2007,2007,Gable,CompShg,VinylSd,VinylSd,None,0.0,TA,TA,PConc,Gd,TA,No,ALQ,206,Unf,0,914,1120,GasA,Ex,SBrkr,1120,0,0,1120,0,0,1,0,3,1,TA,6,Typ,0,None,None,1980.0,None,0,0,None,None,Y,0,30,0,0,0,0,None,0,12,2007,New,Partial,False,False,True,False,True
614,614,615,180,21.0,1491,None,Reg,Lvl,AllPub,Inside,Gtl,MeadowV,Norm,Norm,TwnhsE,SFoyer,4,6,1972,1972,Gable,CompShg,CemntBd,CmentBd,None,0.0,TA,TA,CBlock,Gd,TA,Av,LwQ,150,GLQ,480,0,630,GasA,Ex,SBrkr,630,0,0,630,1,0,1,0,1,1,TA,3,Typ,0,None,None,1980.0,None,0,0,None,None,Y,96,24,0,0,0,0,None,0,5,2010,WD,Normal,False,False,False,True,True
615,615,616,85,80.0,8800,None,Reg,Lvl,AllPub,Inside,Gtl,NAmes,Feedr,Norm,1Fam,SFoyer,6,7,1963,1963,Gable,CompShg,MetalSd,MetalSd,BrkFace,156.0,TA,Gd,PConc,TA,TA,Gd,GLQ,763,Unf,0,173,936,GasA,Ex,SBrkr,1054,0,0,1054,1,0,1,0,3,1,Gd,6,Typ,0,None,Attchd,1963.0,RFn,2,480,TA,TA,Y,120,0,0,0,0,0,MnPrv,0,5,2010,WD,Abnorml,False,False,True,False,True
616,616,617,60,69.0,7861,None,IR1,Lvl,AllPub,Inside,Gtl,Gilbert,Norm,Norm,1Fam,2Story,6,5,2002,2003,Gable,CompShg,VinylSd,VinylSd,None,0.0,Gd,TA,PConc,Gd,TA,No,GLQ,457,Unf,0,326,783,GasA,Ex,SBrkr,807,702,0,1509,1,0,2,1,3,1,Gd,7,Typ,1,Gd,Attchd,2002.0,Fin,2,393,TA,TA,Y,100,75,0,0,0,0,None,0,6,2006,WD,Normal,False,False,True,False,True
617,617,618,45,59.0,7227,None,Reg,HLS,AllPub,Corner,Mod,NAmes,Artery,Norm,1Fam,1.5Unf,6,6,1954,1954,Gable,CompShg,MetalSd,MetalSd,None,0.0,TA,TA,CBlock,TA,TA,No,Unf,0,Unf,0,832,832,GasA,Gd,SBrkr,832,0,0,832,0,0,1,0,2,1,Gd,4,Typ,0,None,Detchd,1962.0,Unf,2,528,TA,TA,Y,0,0,0,0,0,0,None,0,6,2008,WD,Normal,False,False,True,False,True
618,618,619,20,90.0,11694,None,Reg,Lvl,AllPub,Inside,Gtl,NridgHt,Norm,Norm,1Fam,1Story,9,5,2007,2007,Hip,CompShg,CemntBd,CmentBd,BrkFace,452.0,Ex,TA,PConc,Ex,TA,Av,GLQ,48,Unf,0,1774,1822,GasA,Ex,SBrkr,1828,0,0,1828,0,0,2,0,3,1,Gd,9,Typ,1,Gd,Attchd,2007.0,Unf,3,774,TA,TA,Y,0,108,0,0,260,0,None,0,7,2007,New,Partial,False,False,True,False,True
619,619,620,60,85.0,12244,None,Reg,Lvl,AllPub,Inside,Gtl,Timber,Norm,Norm,1Fam,2Story,8,5,2003,2003,Hip,CompShg,VinylSd,VinylSd,Stone,226.0,Gd,TA,PConc,Gd,TA,Gd,GLQ,871,Unf,0,611,1482,GasA,Ex,SBrkr,1482,780,0,2262,1,0,2,1,4,1,Gd,10,Typ,2,Gd,Attchd,2003.0,Fin,3,749,TA,TA,Y,168,0,0,0,0,0,None,0,8,2008,WD,Normal,False,False,True,False,True
620,620,621,30,45.0,8248,Grvl,Reg,Lvl,AllPub,Inside,Gtl,Edwards,Norm,Norm,1Fam,1Story,3,3,1914,1950,Gable,CompShg,Stucco,Stucco,None,0.0,TA,TA,BrkTil,TA,TA,No,BLQ,41,Unf,0,823,864,GasA,TA,FuseF,864,0,0,864,1,0,1,0,2,1,TA,5,Typ,0,None,None,1980.0,None,0,0,None,None,N,0,0,100,0,0,0,None,0,9,2008,WD,Normal,False,False,True,False,True
621,621,622,60,90.0,10800,None,Reg,Lvl,AllPub,Inside,Gtl,NWAmes,Norm,Norm,1Fam,2Story,6,7,1974,1997,Gable,CompShg,HdBoard,HdBoard,None,0.0,TA,TA,CBlock,TA,TA,No,ALQ,956,Rec,182,384,1522,GasA,TA,SBrkr,1548,1066,0,2614,0,0,2,1,4,1,TA,9,Typ,1,TA,Attchd,1974.0,RFn,2,624,TA,TA,Y,38,243,0,0,0,0,None,0,6,2008,WD,Normal,False,False,True,False,True
622,622,623,20,71.0,7064,None,Reg,Lvl,AllPub,Inside,Gtl,Sawyer,Norm,Norm,1Fam,1Story,5,6,1977,1977,Gable,CompShg,Plywood,Plywood,BrkFace,153.0,TA,TA,CBlock,TA,TA,No,BLQ,560,Unf,0,420,980,GasA,TA,SBrkr,980,0,0,980,0,0,1,0,3,1,TA,6,Typ,0,None,Detchd,1986.0,Unf,2,484,TA,TA,Y,192,0,0,0,0,0,None,0,7,2009,WD,Normal,False,False,True,False,True
623,623,624,160,69.0,2117,None,Reg,Lvl,AllPub,Inside,Gtl,Somerst,Norm,Norm,TwnhsE,2Story,6,5,2000,2000,Gable,CompShg,MetalSd,MetalSd,BrkFace,513.0,Gd,TA,PConc,Gd,TA,No,GLQ,420,Unf,0,336,756,GasA,Ex,SBrkr,756,756,0,1512,0,0,2,1,2,1,Gd,4,Typ,1,TA,Detchd,2000.0,Unf,2,440,TA,TA,Y,0,32,0,0,0,0,None,0,6,2007,WD,Normal,True,False,False,False,True
624,624,625,60,80.0,10400,None,Reg,Lvl,AllPub,Inside,Gtl,NWAmes,Norm,Norm,1Fam,2Story,6,5,1972,1972,Gable,CompShg,VinylSd,VinylSd,None,288.0,TA,TA,CBlock,TA,TA,No,Rec,247,Unf,0,485,732,GasA,Gd,SBrkr,1012,778,0,1790,1,0,1,2,4,1,TA,8,Min2,1,TA,Attchd,1972.0,RFn,2,484,TA,TA,Y,148,0,0,0,147,0,None,0,11,2006,WD,Normal,False,False,True,False,True
625,625,626,20,87.0,10000,None,IR1,Lvl,AllPub,Corner,Gtl,NAmes,Norm,Norm,1Fam,1Story,6,6,1962,1962,Hip,CompShg,Wd Sdng,Wd Sdng,BrkFace,261.0,TA,TA,CBlock,TA,TA,No,Unf,0,Unf,0,1116,1116,GasA,TA,SBrkr,1116,0,0,1116,0,0,1,1,3,1,TA,5,Typ,0,None,Attchd,1962.0,Unf,2,440,TA,TA,Y,0,0,0,0,385,0,None,0,2,2010,WD,Normal,False,False,True,False,True
626,626,627,20,69.0,12342,None,IR1,Lvl,AllPub,Inside,Gtl,NAmes,Norm,Norm,1Fam,1Story,5,5,1960,1978,Hip,CompShg,Wd Sdng,Wd Sdng,None,0.0,TA,TA,CBlock,TA,TA,No,Unf,0,Unf,0,978,978,GasA,TA,SBrkr,1422,0,0,1422,0,0,1,0,3,1,TA,6,Min1,1,TA,Attchd,1960.0,RFn,1,286,TA,TA,Y,0,0,36,0,0,0,GdWo,600,8,2007,WD,Normal,False,False,True,False,True
627,627,628,80,80.0,9600,None,Reg,Lvl,AllPub,Inside,Gtl,NAmes,Norm,Norm,1Fam,SLvl,6,6,1955,1972,Gable,CompShg,AsbShng,AsbShng,BrkFace,164.0,TA,TA,CBlock,TA,TA,Av,BLQ,674,LwQ,132,350,1156,GasA,Ex,SBrkr,1520,0,0,1520,1,0,1,0,3,1,TA,7,Typ,2,Gd,Basment,1955.0,RFn,1,364,TA,TA,Y,0,0,189,0,0,0,None,0,3,2010,WD,Normal,False,False,True,False,True
628,628,629,60,70.0,11606,None,IR1,HLS,AllPub,Inside,Sev,NAmes,Norm,Norm,1Fam,2Story,5,5,1969,1969,Gable,CompShg,Plywood,Plywood,BrkFace,192.0,TA,TA,PConc,Gd,TA,Av,Rec,650,Unf,0,390,1040,GasA,TA,SBrkr,1040,1040,0,2080,0,1,1,2,5,1,Fa,9,Typ,2,TA,Attchd,1969.0,Unf,2,504,TA,TA,Y,335,0,0,0,0,0,None,0,9,2007,WD,Family,False,False,True,False,True
629,629,630,80,82.0,9020,None,Reg,Lvl,AllPub,Corner,Gtl,NAmes,Feedr,Norm,1Fam,SLvl,6,5,1964,1964,Gable,WdShngl,Plywood,Wd Sdng,BrkFace,259.0,TA,TA,CBlock,TA,TA,Gd,GLQ,624,Rec,336,288,1248,GasA,TA,SBrkr,1350,0,0,1350,1,0,1,1,3,1,TA,6,Typ,0,None,Attchd,1964.0,RFn,2,520,TA,TA,Y,176,0,0,0,0,0,GdPrv,0,6,2008,WD,Normal,False,False,True,False,True
630,630,631,70,50.0,9000,Grvl,Reg,Lvl,AllPub,Corner,Gtl,OldTown,Artery,Norm,1Fam,2Story,5,6,1880,1991,Gable,CompShg,VinylSd,VinylSd,None,0.0,TA,TA,BrkTil,Fa,Fa,No,Unf,0,Unf,0,636,636,GasA,TA,FuseA,1089,661,0,1750,0,0,1,0,3,1,Ex,8,Typ,0,None,Detchd,1937.0,Unf,1,240,Fa,Po,N,0,0,293,0,0,0,MnPrv,0,6,2006,WD,Abnorml,False,False,False,True,True
631,631,632,120,34.0,4590,None,Reg,Lvl,AllPub,Inside,Gtl,NridgHt,Norm,Norm,Twnhs,1Story,8,5,2006,2006,Gable,CompShg,VinylSd,VinylSd,Stone,108.0,Gd,TA,PConc,Gd,Gd,Mn,GLQ,24,Unf,0,1530,1554,GasA,Ex,SBrkr,1554,0,0,1554,0,0,2,0,2,1,Gd,6,Typ,1,Gd,Attchd,2006.0,RFn,2,627,TA,TA,Y,156,73,0,0,0,0,None,0,8,2007,WD,Normal,False,False,True,False,True
632,632,633,20,85.0,11900,None,Reg,Lvl,AllPub,Inside,Gtl,NWAmes,Norm,Norm,1Fam,1Story,7,5,1977,1977,Hip,CompShg,Plywood,Plywood,BrkFace,209.0,TA,Gd,CBlock,TA,TA,No,ALQ,822,Unf,0,564,1386,GasA,TA,SBrkr,1411,0,0,1411,0,0,2,0,3,1,TA,6,Typ,1,TA,Attchd,1977.0,Fin,2,544,TA,TA,Y,192,0,0,0,0,0,None,0,4,2009,WD,Family,False,False,True,False,True
633,633,634,20,80.0,9250,None,Reg,Lvl,AllPub,Corner,Gtl,NAmes,Norm,Norm,1Fam,1Story,5,7,1954,2005,Gable,CompShg,Wd Sdng,Wd Sdng,None,0.0,TA,TA,CBlock,TA,TA,No,BLQ,480,LwQ,468,108,1056,GasA,TA,SBrkr,1056,0,0,1056,0,1,1,0,3,1,TA,6,Typ,0,None,Attchd,1954.0,Unf,1,260,TA,TA,Y,390,0,0,0,0,0,None,0,7,2007,WD,Normal,False,False,True,False,True
634,634,635,90,64.0,6979,None,Reg,Lvl,AllPub,Inside,Gtl,OldTown,Norm,Norm,Duplex,SFoyer,6,5,1980,1980,Gable,CompShg,Plywood,Plywood,None,0.0,TA,TA,CBlock,TA,TA,No,GLQ,1056,Unf,0,0,1056,GasA,Gd,SBrkr,1056,0,0,1056,2,0,0,0,0,2,TA,4,Typ,0,None,Detchd,1980.0,Unf,2,576,TA,TA,Y,264,56,0,0,0,0,GdPrv,600,6,2010,WD,Normal,False,False,True,False,True
635,635,636,190,60.0,10896,Pave,Reg,Bnk,AllPub,Inside,Gtl,SWISU,Feedr,Norm,2fmCon,2.5Fin,6,7,1914,1995,Hip,CompShg,VinylSd,VinylSd,None,0.0,Fa,TA,CBlock,TA,Fa,No,LwQ,256,Unf,0,1184,1440,GasA,Ex,FuseA,1440,1440,515,3395,0,0,2,0,8,2,Fa,14,Typ,0,None,None,1980.0,None,0,0,None,None,N,0,110,0,0,0,0,None,0,3,2007,WD,Abnorml,False,True,False,False,True
636,636,637,30,51.0,6120,None,Reg,Lvl,AllPub,Inside,Gtl,BrkSide,Norm,Norm,1Fam,1Story,2,3,1936,1950,Gable,CompShg,AsbShng,AsbShng,None,0.0,Fa,Fa,BrkTil,TA,Fa,No,Unf,0,Unf,0,264,264,Grav,Fa,FuseA,800,0,0,800,0,0,1,0,1,1,Fa,4,Maj1,1,Po,None,1980.0,None,0,0,None,None,N,0,0,0,0,0,0,None,0,1,2009,ConLw,Normal,False,False,False,True,True
637,637,638,190,50.0,6000,None,Reg,Lvl,AllPub,Inside,Gtl,OldTown,Norm,Norm,2fmCon,1.5Fin,5,4,1954,1954,Gable,CompShg,Wd Sdng,Wd Sdng,None,0.0,TA,TA,CBlock,TA,TA,No,Unf,0,Unf,0,811,811,GasA,TA,FuseA,811,576,0,1387,0,0,2,0,3,2,Gd,7,Typ,0,None,BuiltIn,1954.0,Unf,1,256,TA,TA,Y,0,0,0,0,0,0,None,0,11,2009,WD,Normal,False,False,False,True,True
638,638,639,30,67.0,8777,None,Reg,Lvl,AllPub,Inside,Gtl,Edwards,Feedr,Norm,1Fam,1Story,5,7,1910,1950,Gable,CompShg,MetalSd,Wd Sdng,None,0.0,TA,TA,CBlock,Fa,TA,No,Unf,0,Unf,0,796,796,GasA,Gd,FuseA,796,0,0,796,0,0,1,0,2,1,TA,4,Typ,0,None,None,1980.0,None,0,0,None,None,P,328,0,164,0,0,0,MnPrv,0,5,2008,WD,Normal,False,False,True,False,True
639,639,640,120,53.0,3982,None,Reg,Lvl,AllPub,Inside,Gtl,Blmngtn,Norm,Norm,TwnhsE,1Story,8,5,2006,2006,Hip,CompShg,VinylSd,VinylSd,None,0.0,Gd,TA,PConc,Gd,Gd,Av,GLQ,1154,Unf,0,366,1520,GasA,Ex,SBrkr,1567,0,0,1567,1,0,2,0,1,1,Ex,7,Typ,1,Gd,Attchd,2006.0,Fin,3,648,TA,TA,Y,312,0,0,0,0,0,None,0,10,2006,New,Partial,False,False,True,False,True
640,640,641,120,62.0,12677,None,IR1,Lvl,AllPub,Inside,Gtl,NridgHt,Norm,Norm,TwnhsE,1Story,8,5,2003,2004,Hip,CompShg,MetalSd,MetalSd,BrkFace,472.0,Ex,TA,PConc,Ex,TA,Gd,GLQ,1218,Unf,0,300,1518,GasA,Ex,SBrkr,1518,0,0,1518,0,0,1,1,1,1,Ex,6,Typ,1,Gd,Attchd,2003.0,RFn,2,588,TA,TA,Y,185,140,0,0,0,0,None,0,4,2008,WD,Normal,False,False,True,False,True
641,641,642,60,69.0,7050,None,Reg,Lvl,AllPub,Inside,Gtl,Somerst,Norm,Norm,1Fam,2Story,7,5,2001,2001,Gable,CompShg,VinylSd,VinylSd,None,0.0,Gd,TA,PConc,Gd,TA,No,GLQ,738,Unf,0,319,1057,GasA,Ex,SBrkr,1057,872,0,1929,1,0,2,1,3,1,Gd,7,Typ,1,TA,Attchd,2001.0,Fin,2,650,TA,TA,Y,0,235,0,0,0,0,None,0,5,2007,WD,Normal,True,False,False,False,True
642,642,643,80,75.0,13860,None,Reg,Lvl,AllPub,Inside,Gtl,NAmes,Norm,Norm,1Fam,SLvl,8,7,1972,1995,Gable,CompShg,Plywood,Wd Sdng,None,0.0,Gd,TA,CBlock,Gd,TA,Gd,GLQ,1410,Unf,0,542,1952,GasA,Gd,SBrkr,2000,704,0,2704,1,0,2,1,4,1,Ex,9,Typ,3,TA,Attchd,1972.0,Fin,2,538,TA,TA,Y,269,111,0,0,0,0,MnPrv,0,7,2009,WD,Normal,False,False,True,False,True
643,643,644,60,80.0,10793,None,Reg,Lvl,AllPub,Inside,Gtl,NWAmes,RRAn,Norm,1Fam,2Story,5,5,1969,1969,Mansard,CompShg,WdShing,HdBoard,BrkFace,263.0,TA,TA,CBlock,TA,TA,No,Rec,493,BLQ,287,0,780,GasA,Ex,SBrkr,780,840,0,1620,0,0,2,1,4,1,TA,7,Min1,0,None,Attchd,1969.0,Fin,2,462,TA,TA,Y,208,0,0,0,0,0,GdWo,0,4,2007,WD,Normal,False,False,True,False,True
644,644,645,20,85.0,9187,None,Reg,Lvl,AllPub,Inside,Gtl,Somerst,Norm,Norm,1Fam,1Story,9,5,2009,2009,Gable,CompShg,CemntBd,CmentBd,Stone,162.0,Ex,TA,PConc,Ex,TA,Mn,GLQ,1121,Unf,0,645,1766,GasA,Ex,SBrkr,1766,0,0,1766,1,0,2,1,2,1,Ex,7,Typ,1,Gd,Attchd,2009.0,Fin,3,478,TA,TA,Y,195,130,0,0,0,0,None,0,10,2009,New,Partial,True,False,False,False,True
645,645,646,20,69.0,10530,None,IR1,Lvl,AllPub,Corner,Gtl,NAmes,Norm,Norm,1Fam,1Story,6,5,1971,1971,Hip,CompShg,Plywood,Plywood,None,0.0,TA,TA,CBlock,TA,TA,No,ALQ,282,LwQ,35,664,981,GasA,TA,SBrkr,981,0,0,981,1,0,1,1,3,1,TA,5,Typ,0,None,Detchd,1979.0,Unf,2,576,TA,TA,Y,0,312,40,0,0,0,None,0,3,2007,WD,Normal,False,False,True,False,True
646,646,647,20,60.0,7200,None,Reg,Lvl,AllPub,Inside,Gtl,NAmes,Norm,Norm,1Fam,1Story,5,5,1950,1950,Hip,CompShg,MetalSd,MetalSd,None,0.0,TA,TA,CBlock,None,None,None,None,0,None,0,0,0,GasA,Gd,SBrkr,1048,0,0,1048,0,0,1,0,3,1,TA,7,Min1,0,None,Detchd,1950.0,Unf,2,420,TA,TA,Y,0,27,0,0,0,0,None,0,7,2008,WD,Normal,False,False,True,False,True
647,647,648,20,85.0,10452,None,IR1,Lvl,AllPub,Inside,Gtl,Edwards,Norm,Norm,1Fam,1Story,6,5,1953,1953,Hip,CompShg,Wd Sdng,Wd Sdng,Stone,216.0,TA,TA,CBlock,TA,TA,Mn,Rec,500,Unf,0,594,1094,GasA,Ex,SBrkr,1094,0,0,1094,0,0,1,0,3,1,TA,5,Typ,2,Gd,Attchd,1953.0,RFn,2,495,TA,TA,Y,0,0,0,0,287,0,None,0,6,2008,WD,Normal,False,False,True,False,True
648,648,649,60,70.0,7700,None,Reg,Lvl,AllPub,Inside,Gtl,NAmes,PosN,Norm,1Fam,2Story,6,5,1966,1966,Gable,CompShg,MetalSd,MetalSd,BrkFace,351.0,TA,TA,CBlock,TA,TA,No,Unf,0,Unf,0,756,756,GasA,TA,SBrkr,1051,788,0,1839,0,0,1,1,4,1,TA,7,Typ,1,TA,Attchd,1966.0,Unf,2,442,TA,TA,Y,0,124,216,0,0,0,None,0,6,2010,WD,Normal,False,False,True,False,True
649,649,650,180,21.0,1936,None,Reg,Lvl,AllPub,Inside,Gtl,MeadowV,Norm,Norm,Twnhs,SFoyer,4,6,1970,1970,Gable,CompShg,CemntBd,CmentBd,None,0.0,TA,TA,CBlock,Gd,TA,Av,BLQ,131,GLQ,499,0,630,GasA,Gd,SBrkr,630,0,0,630,1,0,1,0,1,1,TA,3,Typ,0,None,None,1980.0,None,0,0,None,None,Y,0,0,0,0,0,0,MnPrv,0,12,2007,WD,Normal,False,False,False,True,True
650,650,651,60,65.0,8125,None,Reg,Lvl,AllPub,Inside,Gtl,Somerst,Norm,Norm,1Fam,2Story,7,6,2007,2007,Gable,CompShg,CemntBd,CmentBd,None,0.0,Gd,TA,PConc,Gd,TA,No,Unf,0,Unf,0,813,813,GasA,Ex,SBrkr,822,843,0,1665,0,0,2,1,3,1,Gd,7,Typ,0,None,Attchd,2007.0,RFn,2,562,TA,TA,Y,0,0,0,0,0,0,None,0,5,2008,WD,Normal,True,False,False,False,True
651,651,652,70,60.0,9084,None,Reg,Lvl,AllPub,Inside,Gtl,Edwards,Artery,Norm,1Fam,2Story,4,5,1940,1950,Gable,CompShg,MetalSd,MetalSd,None,0.0,TA,TA,CBlock,TA,TA,Mn,Unf,0,Unf,0,755,755,GasA,TA,SBrkr,755,755,0,1510,1,0,1,0,4,1,TA,7,Typ,1,Gd,Detchd,1940.0,Unf,1,296,Fa,Po,P,120,0,0,0,0,0,MnPrv,0,10,2009,WD,Normal,False,False,True,False,True
652,652,653,60,70.0,8750,None,Reg,Lvl,AllPub,Inside,Gtl,CollgCr,Norm,Norm,1Fam,2Story,7,5,1996,1996,Gable,CompShg,VinylSd,VinylSd,None,0.0,Gd,TA,PConc,Gd,TA,No,Unf,0,Unf,0,880,880,GasA,Ex,SBrkr,909,807,0,1716,0,0,2,1,2,1,Gd,7,Typ,1,TA,Attchd,1996.0,RFn,2,512,TA,TA,Y,0,120,0,0,0,0,None,0,7,2009,WD,Normal,False,False,True,False,True
653,653,654,50,60.0,10320,Grvl,Reg,Lvl,AllPub,Inside,Gtl,IDOTRR,Norm,Norm,1Fam,1.5Fin,6,7,1906,1995,Gable,CompShg,MetalSd,MetalSd,None,0.0,TA,TA,CBlock,TA,TA,No,Unf,0,Unf,0,756,756,GasA,Ex,SBrkr,756,713,0,1469,0,0,1,0,3,1,TA,7,Typ,0,None,Detchd,1906.0,Unf,1,216,TA,TA,Y,57,0,239,0,0,0,MnPrv,0,6,2008,WD,Normal,False,False,False,True,True
654,654,655,20,91.0,10437,None,IR1,Lvl,AllPub,Inside,Gtl,NoRidge,Norm,Norm,1Fam,1Story,8,6,1995,1995,Hip,CompShg,MetalSd,MetalSd,BrkFace,660.0,Gd,Gd,PConc,Gd,TA,Gd,GLQ,1696,Unf,0,413,2109,GasA,Ex,SBrkr,2113,0,0,2113,1,0,2,1,2,1,Gd,7,Typ,1,TA,Attchd,1995.0,Fin,3,839,TA,TA,Y,236,46,0,0,0,0,None,0,8,2008,WD,Normal,False,False,True,False,True
655,655,656,160,21.0,1680,None,Reg,Lvl,AllPub,Inside,Gtl,BrDale,Norm,Norm,Twnhs,2Story,6,5,1971,1971,Gable,CompShg,HdBoard,ImStucc,BrkFace,381.0,TA,TA,CBlock,TA,TA,No,Unf,0,Unf,0,525,525,GasA,TA,SBrkr,525,567,0,1092,0,0,1,1,3,1,TA,6,Typ,0,None,Detchd,1971.0,Unf,1,264,TA,TA,Y,0,0,0,0,0,0,None,0,3,2010,WD,Family,False,False,False,True,True
656,656,657,20,72.0,10007,None,IR1,Lvl,AllPub,Inside,Gtl,NAmes,Norm,Norm,1Fam,1Story,5,7,1959,2006,Gable,CompShg,HdBoard,HdBoard,BrkFace,54.0,Gd,TA,CBlock,TA,TA,No,ALQ,806,Unf,0,247,1053,GasA,Ex,SBrkr,1053,0,0,1053,1,0,1,1,3,1,Gd,5,Typ,0,None,Attchd,1959.0,RFn,1,312,TA,TA,Y,0,0,0,0,0,0,MnPrv,0,8,2008,WD,Normal,False,False,True,False,True
657,657,658,70,60.0,7200,None,Reg,HLS,AllPub,Inside,Mod,Crawfor,Norm,Norm,1Fam,2Story,7,6,1931,2000,Gable,CompShg,Stucco,Wd Shng,None,0.0,TA,Fa,BrkTil,Gd,TA,No,Unf,0,Unf,0,776,776,GasA,TA,SBrkr,851,651,0,1502,0,0,1,1,3,1,TA,6,Typ,1,Gd,Attchd,1931.0,RFn,1,270,TA,TA,P,0,0,112,0,0,0,MnPrv,0,2,2008,WD,Normal,False,False,True,False,True
658,658,659,50,78.0,17503,None,Reg,Lvl,AllPub,Inside,Gtl,NAmes,Artery,Norm,1Fam,1.5Fin,6,5,1948,1950,Gable,CompShg,VinylSd,VinylSd,None,0.0,TA,TA,CBlock,TA,TA,No,Unf,0,Unf,0,912,912,GasA,TA,SBrkr,912,546,0,1458,0,1,1,0,3,1,TA,6,Typ,1,Gd,Attchd,1948.0,Unf,1,330,TA,TA,Y,192,0,0,0,0,0,None,0,1,2010,WD,Abnorml,False,False,True,False,True
659,659,660,20,75.0,9937,None,Reg,Lvl,AllPub,Corner,Gtl,Edwards,Norm,Norm,1Fam,1Story,5,7,1964,1999,Hip,CompShg,MetalSd,MetalSd,None,0.0,TA,Gd,PConc,TA,TA,No,BLQ,637,Unf,0,849,1486,GasA,Ex,SBrkr,1486,0,0,1486,1,0,1,0,3,1,TA,7,Typ,0,None,Detchd,1968.0,Fin,2,480,TA,TA,Y,0,0,0,0,0,0,MnPrv,0,3,2009,WD,Normal,False,False,True,False,True
660,660,661,60,69.0,12384,None,Reg,Lvl,AllPub,CulDSac,Gtl,NWAmes,Norm,Norm,1Fam,2Story,7,7,1976,1976,Gable,CompShg,Plywood,Plywood,BrkFace,233.0,TA,TA,CBlock,Gd,TA,No,Unf,0,Unf,0,793,793,GasA,TA,SBrkr,1142,793,0,1935,0,0,2,1,3,1,TA,7,Typ,1,TA,Attchd,1976.0,RFn,2,550,TA,TA,Y,0,113,252,0,0,0,None,0,11,2007,WD,Normal,False,False,True,False,True
661,661,662,60,52.0,46589,None,IR2,Lvl,AllPub,CulDSac,Gtl,NoRidge,Norm,Norm,1Fam,2Story,8,7,1994,2005,Hip,CompShg,VinylSd,VinylSd,BrkFace,528.0,Gd,TA,PConc,Gd,Gd,No,GLQ,1361,Rec,180,88,1629,GasA,Ex,SBrkr,1686,762,0,2448,1,0,2,1,4,1,Gd,8,Typ,1,TA,Attchd,1994.0,RFn,3,711,TA,TA,Y,517,76,0,0,0,0,None,0,7,2009,WD,Normal,False,False,True,False,True
662,662,663,20,120.0,13560,None,Reg,Lvl,AllPub,Corner,Gtl,NAmes,Norm,Norm,1Fam,1Story,6,3,1968,1968,Hip,CompShg,Wd Sdng,Wd Sdng,BrkFace,216.0,TA,TA,CBlock,Fa,Fa,No,Unf,0,Unf,0,1392,1392,GasA,Gd,SBrkr,1392,0,0,1392,1,0,1,0,2,1,TA,5,Maj2,2,TA,Attchd,1968.0,RFn,2,576,TA,TA,Y,0,0,240,0,0,0,None,0,7,2009,WD,Normal,False,False,True,False,True
663,663,664,85,90.0,10012,None,Reg,Lvl,AllPub,Inside,Gtl,Edwards,Norm,Norm,1Fam,SFoyer,4,5,1972,1972,Gable,CompShg,Plywood,Plywood,None,0.0,TA,TA,CBlock,Gd,TA,Av,BLQ,920,Rec,180,38,1138,GasA,TA,SBrkr,1181,0,0,1181,1,0,2,0,3,1,TA,6,Typ,0,None,Detchd,1974.0,RFn,2,588,TA,TA,Y,0,0,180,0,0,0,MnPrv,0,4,2008,WD,Normal,False,False,True,False,True
664,664,665,20,49.0,20896,None,IR2,Lvl,AllPub,CulDSac,Gtl,Somerst,RRAn,Norm,1Fam,1Story,8,5,2005,2006,Gable,CompShg,VinylSd,VinylSd,None,0.0,Gd,TA,PConc,Ex,TA,Mn,GLQ,1721,Unf,0,356,2077,GasA,Ex,SBrkr,2097,0,0,2097,1,0,1,1,1,1,Ex,8,Typ,1,Ex,Attchd,2005.0,Fin,3,1134,TA,TA,Y,192,267,0,0,0,0,None,0,1,2006,New,Partial,False,False,True,False,True
665,665,666,60,106.0,11194,None,IR1,Lvl,AllPub,Corner,Gtl,Gilbert,Norm,Norm,1Fam,2Story,8,5,2000,2000,Gable,CompShg,VinylSd,VinylSd,BrkFace,40.0,Gd,TA,PConc,Gd,TA,No,Unf,0,Unf,0,1406,1406,GasA,Ex,SBrkr,1454,482,0,1936,0,0,2,1,3,1,Gd,7,Typ,1,TA,Attchd,2000.0,RFn,2,504,TA,TA,Y,188,124,0,0,0,0,None,0,11,2006,WD,Normal,False,False,True,False,True
666,666,667,60,69.0,18450,None,IR1,Lvl,AllPub,Inside,Gtl,NAmes,Norm,Norm,1Fam,2Story,6,5,1965,1979,Flat,Tar&Grv,Plywood,Plywood,BrkCmn,113.0,TA,Gd,CBlock,Gd,TA,No,LwQ,187,Rec,723,111,1021,GasA,TA,SBrkr,1465,915,0,2380,0,0,2,1,3,1,TA,7,Sev,1,Po,CarPort,1965.0,Unf,2,596,TA,TA,Y,0,265,0,0,0,0,None,0,8,2007,WD,Abnorml,False,False,True,False,True
667,667,668,20,65.0,8125,None,Reg,Lvl,AllPub,Inside,Gtl,SawyerW,Norm,Norm,1Fam,1Story,6,5,1994,1998,Gable,CompShg,HdBoard,HdBoard,BrkFace,258.0,TA,TA,PConc,Gd,TA,No,GLQ,1138,Unf,0,270,1408,GasA,Ex,SBrkr,1679,0,0,1679,1,0,2,0,3,1,Gd,7,Typ,1,Fa,Attchd,1994.0,RFn,2,575,TA,TA,Y,224,42,0,0,0,0,None,0,10,2008,WD,Normal,False,False,True,False,True
668,668,669,20,69.0,14175,None,Reg,Bnk,AllPub,Corner,Mod,Sawyer,Norm,Norm,1Fam,1Story,5,6,1956,1987,Gable,CompShg,CemntBd,Wd Sdng,None,0.0,TA,TA,CBlock,TA,TA,No,Rec,988,Unf,0,200,1188,GasA,Gd,SBrkr,1437,0,0,1437,1,0,1,1,3,1,TA,6,Min2,1,TA,Detchd,1999.0,Unf,2,576,TA,TA,Y,304,0,0,0,0,0,None,0,11,2006,WD,Normal,False,False,True,False,True
669,669,670,30,80.0,11600,None,Reg,Lvl,AllPub,Inside,Gtl,Crawfor,Norm,Norm,1Fam,1Story,4,5,1922,1950,Gable,CompShg,MetalSd,MetalSd,None,0.0,TA,TA,BrkTil,Fa,TA,No,Unf,0,Unf,0,700,700,GasA,Ex,SBrkr,1180,0,0,1180,0,0,1,0,2,1,Fa,5,Typ,1,Gd,Detchd,1922.0,Unf,1,252,TA,Fa,Y,0,0,67,0,0,0,None,0,7,2006,WD,Normal,False,False,True,False,True
670,670,671,60,64.0,8633,None,Reg,Lvl,AllPub,FR2,Gtl,CollgCr,Norm,Norm,1Fam,2Story,6,5,2005,2005,Gable,CompShg,VinylSd,VinylSd,None,0.0,Gd,TA,PConc,Gd,TA,No,GLQ,193,Unf,0,545,738,GasA,Ex,SBrkr,738,738,0,1476,1,0,2,1,3,1,Gd,7,Typ,0,None,Attchd,2005.0,Fin,2,540,TA,TA,Y,100,35,0,0,0,0,None,0,2,2009,WD,Normal,False,False,True,False,True
671,671,672,70,54.0,6629,None,Reg,Lvl,AllPub,Inside,Gtl,Edwards,Artery,Norm,1Fam,2Story,6,6,1925,1950,Gambrel,CompShg,Wd Sdng,Wd Sdng,None,0.0,TA,Gd,BrkTil,TA,TA,No,BLQ,551,Unf,0,121,672,GasA,TA,SBrkr,697,672,0,1369,1,0,2,0,3,1,TA,6,Typ,0,None,Detchd,1930.0,Unf,1,300,TA,TA,Y,147,0,0,0,0,0,None,0,7,2009,WD,Normal,False,True,False,False,True
672,672,673,20,69.0,11250,None,IR1,Lvl,AllPub,Inside,Gtl,Veenker,Norm,Norm,1Fam,1Story,6,6,1977,1977,Gable,CompShg,Plywood,Plywood,None,0.0,Gd,TA,CBlock,Gd,TA,No,ALQ,767,Unf,0,441,1208,GasA,TA,SBrkr,1208,0,0,1208,1,0,1,1,3,1,TA,6,Typ,1,TA,Attchd,1977.0,RFn,2,546,TA,TA,Y,198,42,0,0,0,0,None,0,6,2006,WD,Normal,False,False,True,False,True
673,673,674,20,110.0,14442,None,Reg,Lvl,AllPub,Inside,Gtl,Crawfor,Norm,Norm,1Fam,1Story,6,7,1957,2004,Hip,CompShg,CemntBd,CmentBd,BrkFace,106.0,TA,TA,PConc,TA,TA,No,GLQ,1186,Unf,0,291,1477,GasA,Ex,SBrkr,1839,0,0,1839,1,0,2,0,3,1,Gd,7,Typ,2,TA,Attchd,1957.0,Fin,2,416,TA,TA,Y,0,87,0,0,200,0,None,0,6,2007,WD,Normal,False,False,True,False,True
674,674,675,20,80.0,9200,None,Reg,Lvl,AllPub,Inside,Gtl,NAmes,Norm,Norm,1Fam,1Story,6,6,1965,1965,Gable,CompShg,HdBoard,HdBoard,None,0.0,TA,TA,CBlock,TA,TA,No,Rec,892,Unf,0,244,1136,GasA,TA,SBrkr,1136,0,0,1136,1,0,1,0,3,1,TA,5,Typ,1,Gd,Attchd,1965.0,RFn,1,384,TA,TA,Y,426,0,0,0,0,0,None,0,7,2008,WD,Normal,False,False,True,False,True
675,675,676,160,24.0,2289,None,Reg,Lvl,AllPub,Inside,Gtl,NPkVill,Norm,Norm,Twnhs,2Story,6,6,1978,1978,Gable,CompShg,Plywood,Brk Cmn,None,0.0,TA,TA,CBlock,TA,TA,No,ALQ,311,Unf,0,544,855,GasA,TA,SBrkr,855,586,0,1441,0,0,2,1,3,1,TA,7,Typ,1,TA,Attchd,1978.0,Unf,2,440,TA,TA,Y,28,0,0,0,0,0,None,0,4,2009,WD,Normal,False,False,True,False,True
676,676,677,70,60.0,9600,Grvl,Reg,Lvl,AllPub,Inside,Gtl,OldTown,Norm,Norm,1Fam,2Story,4,2,1900,1950,Gable,CompShg,AsbShng,Stucco,None,0.0,TA,TA,BrkTil,TA,Fa,No,Unf,0,Unf,0,1095,1095,GasW,Fa,SBrkr,1095,679,0,1774,1,0,2,0,4,2,TA,8,Min2,0,None,2Types,1920.0,Unf,3,779,Fa,Fa,N,0,0,90,0,0,0,None,0,5,2006,WD,Normal,False,False,False,True,True
677,677,678,30,52.0,9022,None,Reg,Lvl,AllPub,Inside,Gtl,OldTown,Norm,Norm,1Fam,1Story,5,8,1924,2006,Gable,CompShg,VinylSd,VinylSd,None,0.0,Gd,TA,BrkTil,TA,TA,No,Unf,0,Unf,0,768,768,GasA,Ex,SBrkr,792,0,0,792,0,0,1,0,2,1,Gd,5,Typ,0,None,Detchd,1924.0,Unf,1,240,Fa,Fa,N,316,0,120,0,0,0,None,0,5,2009,WD,Normal,False,False,True,False,True
678,678,679,20,80.0,11844,None,IR1,Lvl,AllPub,Inside,Gtl,StoneBr,Norm,Norm,1Fam,1Story,8,5,2008,2008,Hip,CompShg,VinylSd,VinylSd,Stone,464.0,Gd,TA,PConc,Ex,TA,Mn,Unf,0,Unf,0,2046,2046,GasA,Ex,SBrkr,2046,0,0,2046,0,0,2,1,3,1,Gd,7,Typ,1,Gd,Attchd,2008.0,Fin,3,834,TA,TA,Y,322,82,0,0,0,0,None,0,7,2009,New,Partial,False,False,True,False,True
679,679,680,20,69.0,9945,None,IR1,Lvl,AllPub,Inside,Gtl,Sawyer,Norm,Norm,1Fam,1Story,5,5,1961,1961,Hip,CompShg,Wd Sdng,Wd Sdng,BrkFace,57.0,TA,TA,CBlock,TA,TA,No,Rec,827,Unf,0,161,988,GasA,TA,SBrkr,988,0,0,988,1,0,1,0,3,1,TA,5,Typ,0,None,Detchd,1963.0,Unf,2,572,TA,TA,Y,0,0,0,0,0,0,None,0,10,2007,WD,Normal,False,False,True,False,True
680,680,681,120,50.0,8012,None,Reg,Lvl,AllPub,Inside,Gtl,SawyerW,Norm,Norm,TwnhsE,1Story,6,5,1980,1980,Gable,CompShg,Plywood,Plywood,None,0.0,TA,TA,CBlock,Gd,TA,No,BLQ,543,BLQ,119,261,923,GasA,TA,SBrkr,923,0,0,923,0,0,2,0,2,1,TA,5,Typ,1,TA,Attchd,1980.0,RFn,1,264,TA,TA,Y,80,0,0,0,0,0,None,0,5,2010,WD,Normal,False,False,True,False,True
681,681,682,50,55.0,4500,Pave,IR2,Bnk,AllPub,Inside,Gtl,SWISU,Norm,Norm,1Fam,1.5Fin,5,5,1932,2000,Gable,CompShg,VinylSd,Stucco,None,0.0,TA,TA,BrkTil,TA,TA,No,Rec,182,Unf,0,611,793,GasA,Ex,SBrkr,848,672,0,1520,0,0,1,0,3,1,TA,6,Typ,0,None,Detchd,1968.0,Unf,1,281,TA,TA,Y,0,0,56,0,0,0,None,0,7,2009,WD,Abnorml,False,True,False,False,True
682,682,683,120,69.0,2887,None,Reg,HLS,AllPub,Inside,Gtl,ClearCr,Norm,Norm,1Fam,1Story,6,5,1996,1997,Gable,CompShg,Wd Sdng,Wd Sdng,None,0.0,TA,TA,PConc,Gd,TA,Mn,GLQ,1003,Unf,0,288,1291,GasA,Ex,SBrkr,1291,0,0,1291,1,0,1,0,2,1,Gd,6,Typ,1,Gd,Attchd,1996.0,Unf,2,431,TA,TA,Y,307,0,0,0,0,0,None,0,11,2008,WD,Normal,False,False,True,False,True
683,683,684,20,90.0,11248,None,IR1,Lvl,AllPub,Corner,Gtl,CollgCr,Norm,Norm,1Fam,1Story,9,5,2002,2002,Hip,CompShg,VinylSd,VinylSd,Stone,215.0,Gd,TA,PConc,Gd,TA,Av,GLQ,1059,Unf,0,567,1626,GasA,Ex,SBrkr,1668,0,0,1668,1,0,2,0,3,1,Gd,7,Typ,1,TA,Attchd,2002.0,Fin,3,702,TA,TA,Y,257,45,0,0,0,0,None,0,7,2007,WD,Normal,False,False,True,False,True
684,684,685,60,58.0,16770,None,IR2,Lvl,AllPub,CulDSac,Gtl,NoRidge,Norm,Norm,1Fam,2Story,7,5,1998,1998,Gable,CompShg,VinylSd,VinylSd,BrkFace,30.0,Gd,TA,PConc,Gd,TA,No,Unf,0,Unf,0,1195,1195,GasA,Gd,SBrkr,1195,644,0,1839,0,0,2,1,4,1,TA,7,Typ,0,None,Attchd,1998.0,Fin,2,486,TA,TA,Y,0,81,0,0,0,0,None,0,6,2010,WD,Normal,False,False,True,False,True
685,685,686,160,69.0,5062,None,IR1,Lvl,AllPub,CulDSac,Gtl,StoneBr,Norm,Norm,TwnhsE,2Story,7,5,1984,1984,Gable,CompShg,HdBoard,HdBoard,None,0.0,Gd,TA,CBlock,Gd,TA,Mn,GLQ,828,LwQ,182,180,1190,GasA,Gd,SBrkr,1190,900,0,2090,1,0,2,0,3,1,Gd,6,Min1,1,TA,Attchd,1984.0,Fin,2,577,TA,TA,Y,219,0,0,0,0,0,None,0,9,2007,WD,Normal,False,False,True,False,True
686,686,687,60,84.0,10207,None,Reg,Lvl,AllPub,Inside,Gtl,Somerst,Norm,Norm,1Fam,2Story,7,6,2007,2007,Gable,CompShg,VinylSd,VinylSd,None,0.0,Gd,TA,PConc,Gd,TA,No,Unf,0,Unf,0,874,874,GasA,Ex,SBrkr,874,887,0,1761,0,0,3,0,3,1,Gd,7,Typ,0,None,Attchd,2007.0,Fin,2,578,TA,TA,Y,144,105,0,0,0,0,None,0,8,2007,New,Partial,True,False,False,False,True
687,687,688,160,69.0,5105,None,IR2,Lvl,AllPub,FR2,Gtl,Somerst,Norm,Norm,TwnhsE,2Story,7,5,2004,2004,Gable,CompShg,MetalSd,MetalSd,None,0.0,Gd,TA,PConc,Gd,TA,No,GLQ,239,Unf,0,312,551,GasA,Ex,SBrkr,551,551,0,1102,0,0,2,1,2,1,Gd,4,Typ,0,None,Detchd,2004.0,Unf,2,480,TA,TA,Y,0,60,0,0,0,0,None,0,3,2007,WD,Normal,True,False,False,False,True
688,688,689,20,60.0,8089,None,Reg,HLS,AllPub,Inside,Gtl,StoneBr,Norm,Norm,1Fam,1Story,8,6,2007,2007,Gable,CompShg,MetalSd,MetalSd,BrkFace,0.0,Gd,TA,PConc,Gd,TA,Av,GLQ,945,Unf,0,474,1419,GasA,Ex,SBrkr,1419,0,0,1419,1,0,2,0,2,1,Gd,7,Typ,1,Gd,Attchd,2007.0,RFn,2,567,TA,TA,Y,140,0,0,0,0,0,None,0,10,2007,New,Partial,False,False,True,False,True
689,689,690,120,61.0,7577,None,IR1,Lvl,AllPub,Corner,Gtl,NridgHt,Norm,Norm,TwnhsE,1Story,6,5,2005,2006,Gable,CompShg,VinylSd,VinylSd,Stone,256.0,Gd,TA,PConc,Gd,TA,Av,ALQ,20,Unf,0,1342,1362,GasA,Ex,SBrkr,1362,0,0,1362,0,0,2,0,2,1,Gd,6,Typ,1,Gd,Attchd,2005.0,RFn,2,460,TA,TA,Y,192,28,0,0,0,0,None,0,6,2007,WD,Normal,False,False,True,False,True
690,690,691,120,69.0,4426,None,Reg,Lvl,AllPub,Inside,Gtl,CollgCr,Norm,Norm,TwnhsE,1Story,6,5,2004,2004,Gable,CompShg,VinylSd,VinylSd,BrkFace,147.0,Gd,TA,PConc,Gd,TA,Gd,GLQ,697,Unf,0,151,848,GasA,Ex,SBrkr,848,0,0,848,1,0,1,0,1,1,Gd,3,Typ,1,TA,Attchd,2004.0,RFn,2,420,TA,TA,Y,149,0,0,0,0,0,None,0,5,2008,WD,Normal,False,False,False,True,True
691,691,692,60,104.0,21535,None,IR1,Lvl,AllPub,Corner,Gtl,NoRidge,Norm,Norm,1Fam,2Story,10,6,1994,1995,Gable,WdShngl,HdBoard,HdBoard,BrkFace,1170.0,Ex,TA,PConc,Ex,TA,Gd,GLQ,1455,Unf,0,989,2444,GasA,Ex,SBrkr,2444,1872,0,4316,0,1,3,1,4,1,Ex,10,Typ,2,Ex,Attchd,1994.0,Fin,3,832,TA,TA,Y,382,50,0,0,0,0,None,0,1,2007,WD,Normal,False,False,True,False,True
692,692,693,60,42.0,26178,None,IR1,Lvl,AllPub,Inside,Mod,Timber,Norm,Norm,1Fam,2Story,7,5,1989,1990,Hip,CompShg,MetalSd,MetalSd,BrkFace,293.0,Gd,TA,PConc,Gd,TA,Gd,GLQ,965,Unf,0,245,1210,GasA,Ex,SBrkr,1238,1281,0,2519,1,0,2,1,4,1,Gd,9,Typ,2,Gd,Attchd,1989.0,RFn,2,628,TA,TA,Y,320,27,0,0,0,0,None,0,4,2006,WD,Normal,False,False,True,False,True
693,693,694,30,60.0,5400,None,Reg,Lvl,AllPub,Corner,Sev,OldTown,Norm,Norm,1Fam,1Story,5,6,1921,1968,Gable,CompShg,MetalSd,MetalSd,None,0.0,TA,TA,BrkTil,TA,TA,No,Unf,0,Unf,0,1073,1073,GasA,Ex,SBrkr,1073,0,0,1073,0,0,1,0,2,1,TA,4,Typ,0,None,Detchd,1968.0,Unf,1,326,TA,TA,Y,0,0,112,0,0,0,None,0,12,2006,WD,Abnorml,False,False,True,False,True
694,694,695,50,51.0,6120,None,Reg,Lvl,AllPub,Corner,Gtl,BrkSide,Norm,Norm,1Fam,1.5Fin,5,6,1936,1950,Gable,CompShg,Wd Sdng,Wd Sdng,None,0.0,TA,Fa,BrkTil,TA,TA,No,Unf,0,Unf,0,927,927,GasA,TA,SBrkr,1067,472,0,1539,0,0,1,1,3,1,TA,5,Typ,0,None,Detchd,1995.0,Unf,2,576,TA,TA,Y,112,0,0,0,0,0,MnPrv,0,4,2009,WD,Normal,False,False,False,True,True
695,695,696,20,54.0,13811,None,IR1,Lvl,AllPub,Inside,Gtl,Timber,Norm,Norm,1Fam,1Story,6,6,1987,1987,Gable,CompShg,HdBoard,HdBoard,BrkFace,72.0,TA,TA,CBlock,Gd,Gd,No,GLQ,980,LwQ,40,92,1112,GasA,Gd,SBrkr,1137,0,0,1137,1,0,2,0,2,1,Gd,5,Typ,1,TA,Attchd,1987.0,Unf,2,551,TA,TA,Y,125,0,0,0,0,0,None,0,7,2006,WD,Normal,False,False,True,False,True
696,696,697,30,50.0,6000,None,Reg,Lvl,AllPub,Inside,Gtl,BrkSide,Norm,Norm,1Fam,1Story,5,7,1921,1950,Gable,CompShg,Wd Sdng,Wd Shng,None,0.0,TA,TA,CBlock,TA,TA,No,LwQ,616,Unf,0,0,616,GasA,Gd,SBrkr,616,0,0,616,0,0,1,0,2,1,TA,4,Typ,0,None,Detchd,1921.0,Unf,1,205,TA,TA,Y,0,0,129,0,0,0,None,0,6,2006,WD,Normal,False,False,False,True,True
697,697,698,20,57.0,6420,None,IR1,Lvl,AllPub,Inside,Gtl,Edwards,Norm,Norm,1Fam,1Story,5,7,1952,1952,Gable,CompShg,Wd Sdng,Wd Sdng,None,0.0,TA,TA,PConc,Ex,Gd,Mn,LwQ,210,ALQ,551,219,980,GasA,Fa,FuseA,1148,0,0,1148,0,1,1,0,2,1,TA,6,Typ,0,None,Detchd,1952.0,Unf,1,308,TA,TA,Y,0,0,0,0,0,0,None,0,9,2006,WD,Normal,False,False,True,False,True
698,698,699,20,65.0,8450,None,Reg,Lvl,AllPub,Inside,Gtl,Sawyer,RRAe,Norm,1Fam,1Story,5,8,1965,2009,Gable,CompShg,MetalSd,MetalSd,None,0.0,TA,Gd,CBlock,TA,TA,No,GLQ,553,BLQ,117,224,894,GasA,Ex,SBrkr,894,0,0,894,1,0,1,0,3,1,TA,5,Typ,1,Gd,Detchd,1973.0,Unf,1,336,TA,TA,Y,416,144,0,0,0,0,MnPrv,0,4,2010,WD,Normal,False,False,True,False,True
699,699,700,120,59.0,4282,Pave,IR2,Lvl,AllPub,Inside,Gtl,Somerst,Norm,Norm,TwnhsE,1Story,7,5,2004,2004,Gable,CompShg,MetalSd,MetalSd,None,0.0,Gd,TA,PConc,Gd,TA,Mn,GLQ,16,Unf,0,1375,1391,GasA,Ex,SBrkr,1391,0,0,1391,0,0,2,0,2,1,Gd,5,Typ,0,None,Attchd,2004.0,RFn,2,530,TA,TA,Y,156,158,0,0,0,0,None,0,7,2008,WD,Normal,True,False,False,False,True
700,700,701,20,85.0,14331,None,Reg,Lvl,AllPub,Inside,Gtl,Timber,Norm,Norm,1Fam,1Story,8,5,2002,2002,Hip,CompShg,VinylSd,VinylSd,BrkFace,630.0,Gd,TA,PConc,Ex,TA,Gd,GLQ,1274,Unf,0,526,1800,GasA,Ex,SBrkr,1800,0,0,1800,1,0,2,0,3,1,Gd,7,Typ,1,Gd,Attchd,2002.0,Fin,3,765,TA,TA,Y,270,78,0,0,0,0,None,0,5,2006,WD,Normal,False,False,True,False,True
701,701,702,20,80.0,9600,None,Reg,Lvl,AllPub,Inside,Gtl,NWAmes,Norm,Norm,1Fam,1Story,7,5,1969,1969,Hip,CompShg,HdBoard,HdBoard,BrkFace,168.0,TA,TA,CBlock,TA,TA,No,Unf,0,Unf,0,1164,1164,GasA,TA,SBrkr,1164,0,0,1164,0,0,1,1,3,1,TA,6,Typ,0,None,Attchd,1969.0,Unf,2,528,TA,TA,Y,0,0,0,0,0,0,None,0,7,2006,COD,Normal,False,False,True,False,True
702,702,703,60,82.0,12438,None,IR1,Lvl,AllPub,Inside,Gtl,StoneBr,Norm,Norm,1Fam,2Story,8,5,2006,2006,Hip,CompShg,VinylSd,VinylSd,BrkFace,466.0,Ex,TA,PConc,Ex,Gd,No,Unf,0,Unf,0,1234,1234,GasA,Ex,SBrkr,1264,1312,0,2576,0,0,2,1,4,1,Ex,10,Typ,1,Gd,BuiltIn,2006.0,Fin,3,666,TA,TA,Y,324,100,0,0,0,0,None,0,7,2006,New,Partial,False,False,True,False,True
703,703,704,190,76.0,7630,None,Reg,Lvl,AllPub,Inside,Gtl,OldTown,Feedr,Norm,2fmCon,2Story,5,9,1900,1996,Gable,CompShg,Wd Sdng,Wd Sdng,None,0.0,TA,Gd,BrkTil,Gd,TA,No,Unf,0,Unf,0,360,360,GasA,Gd,SBrkr,1032,780,0,1812,0,0,2,0,4,2,Gd,8,Typ,1,Po,Detchd,1999.0,Unf,2,672,TA,TA,N,344,0,40,0,0,0,MnPrv,0,5,2010,WD,Normal,False,False,False,True,True
704,704,705,20,70.0,8400,None,Reg,Lvl,AllPub,Inside,Gtl,CollgCr,Norm,Norm,1Fam,1Story,7,5,2004,2005,Gable,CompShg,VinylSd,VinylSd,BrkFace,109.0,Gd,TA,PConc,Gd,TA,Av,GLQ,712,Unf,0,761,1473,GasA,Ex,SBrkr,1484,0,0,1484,1,0,2,0,3,1,Gd,7,Typ,0,None,Attchd,2004.0,RFn,2,606,TA,TA,Y,0,35,0,144,0,0,None,0,5,2010,WD,Normal,False,False,True,False,True
705,705,706,190,70.0,5600,None,Reg,Lvl,AllPub,Inside,Gtl,IDOTRR,Norm,Norm,2fmCon,2Story,4,5,1930,1950,Hip,CompShg,VinylSd,Wd Shng,None,0.0,Fa,Fa,Slab,None,None,None,None,0,None,0,0,0,GasA,Fa,SBrkr,372,720,0,1092,0,0,2,0,3,2,Fa,7,Mod,0,None,None,1980.0,None,0,0,None,None,N,0,0,0,0,0,0,None,3500,7,2010,WD,Normal,False,False,False,True,True
706,706,707,20,69.0,115149,None,IR2,Low,AllPub,CulDSac,Sev,ClearCr,Norm,Norm,1Fam,1Story,7,5,1971,2002,Gable,CompShg,Plywood,Plywood,Stone,351.0,TA,TA,CBlock,Gd,TA,Gd,GLQ,1219,Unf,0,424,1643,GasA,TA,SBrkr,1824,0,0,1824,1,0,2,0,2,1,Gd,5,Typ,2,TA,Attchd,1971.0,Unf,2,739,TA,TA,Y,380,48,0,0,0,0,None,0,6,2007,WD,Normal,False,False,True,False,True
707,707,708,120,48.0,6240,None,Reg,Lvl,AllPub,Inside,Gtl,NridgHt,Norm,Norm,TwnhsE,1Story,8,5,2006,2006,Hip,CompShg,MetalSd,MetalSd,BrkFace,176.0,Gd,TA,PConc,Gd,TA,No,GLQ,863,Unf,0,461,1324,GasA,Ex,SBrkr,1324,0,0,1324,1,0,2,0,2,1,Gd,6,Typ,1,Gd,Attchd,2006.0,Fin,2,550,TA,TA,Y,192,38,0,0,0,0,None,0,12,2009,WD,Normal,False,False,True,False,True
708,708,709,60,65.0,9018,None,IR1,Lvl,AllPub,Inside,Gtl,Gilbert,Norm,Norm,1Fam,2Story,7,5,2007,2007,Hip,CompShg,VinylSd,VinylSd,None,0.0,Gd,TA,PConc,Gd,TA,Av,Unf,0,Unf,0,728,728,GasA,Ex,SBrkr,728,728,0,1456,0,0,2,1,3,1,Gd,8,Typ,1,Gd,Attchd,2007.0,Fin,2,400,TA,TA,Y,100,24,0,0,0,0,None,0,7,2007,New,Partial,False,False,True,False,True
709,709,710,20,69.0,7162,None,IR1,Lvl,AllPub,Inside,Gtl,Sawyer,Norm,Norm,1Fam,1Story,5,7,1966,1966,Gable,CompShg,HdBoard,HdBoard,BrkCmn,41.0,TA,TA,PConc,TA,TA,No,Unf,0,Unf,0,876,876,GasA,TA,SBrkr,904,0,0,904,0,0,1,0,3,1,TA,6,Typ,0,None,Attchd,1966.0,Unf,1,408,TA,TA,Y,0,0,0,0,0,0,MnPrv,0,12,2008,WD,Abnorml,False,False,True,False,True
710,710,711,30,56.0,4130,None,IR1,Lvl,AllPub,Inside,Gtl,BrkSide,Norm,Norm,1Fam,1Story,3,6,1935,2003,Gable,CompShg,VinylSd,VinylSd,None,0.0,Gd,TA,CBlock,TA,TA,No,Unf,0,Unf,0,270,270,GasA,Gd,SBrkr,729,0,0,729,0,0,1,0,2,1,TA,5,Maj2,0,None,None,1980.0,None,0,0,None,None,N,0,0,0,0,0,0,None,0,7,2008,WD,Normal,False,False,True,False,True
711,711,712,50,66.0,8712,Pave,Reg,HLS,AllPub,Inside,Mod,IDOTRR,Norm,Norm,1Fam,1.5Fin,4,7,1900,1950,Gable,CompShg,MetalSd,MetalSd,None,0.0,TA,TA,Stone,TA,TA,Mn,Unf,0,Unf,0,859,859,GasA,Gd,SBrkr,859,319,0,1178,0,0,1,0,2,1,TA,7,Typ,0,None,Detchd,1964.0,RFn,1,384,TA,TA,N,68,0,98,0,0,0,None,0,1,2010,WD,Abnorml,False,False,False,False,True
712,712,713,120,40.0,4671,None,IR1,HLS,AllPub,Inside,Gtl,StoneBr,Norm,Norm,TwnhsE,1Story,8,5,1988,1989,Gable,CompShg,HdBoard,HdBoard,None,0.0,Gd,TA,PConc,Gd,TA,Mn,GLQ,767,Unf,0,461,1228,GasA,Gd,SBrkr,1228,0,0,1228,1,0,2,0,2,1,Gd,5,Typ,1,Gd,Attchd,1988.0,Fin,2,472,TA,TA,Y,168,120,0,0,0,0,None,0,10,2008,WD,Normal,False,False,True,False,True
713,713,714,190,60.0,9873,None,Reg,Lvl,AllPub,Inside,Gtl,BrkSide,RRAn,Norm,2fmCon,1Story,4,5,1970,1970,Gable,CompShg,HdBoard,HdBoard,BrkFace,160.0,TA,TA,CBlock,TA,TA,Av,ALQ,789,Unf,0,171,960,GasW,TA,SBrkr,960,0,0,960,1,0,1,0,3,1,TA,6,Typ,0,None,Detchd,1970.0,Unf,2,576,TA,TA,Y,0,288,0,0,0,0,None,0,5,2006,WD,Normal,False,False,True,False,True
714,714,715,60,69.0,13517,None,IR1,Lvl,AllPub,CulDSac,Gtl,Sawyer,RRAe,Norm,1Fam,2Story,6,8,1976,2005,Gable,CompShg,HdBoard,Plywood,BrkFace,289.0,Gd,TA,CBlock,TA,TA,No,GLQ,533,Unf,0,192,725,GasA,Ex,SBrkr,725,754,0,1479,0,0,2,1,3,1,Gd,6,Typ,0,None,Attchd,1976.0,RFn,2,475,TA,TA,Y,0,44,0,0,0,0,None,0,3,2010,WD,Normal,False,False,True,False,True
715,715,716,20,78.0,10140,None,Reg,Lvl,AllPub,Inside,Gtl,NWAmes,Norm,Norm,1Fam,1Story,6,5,1974,1974,Hip,CompShg,HdBoard,HdBoard,BrkFace,174.0,TA,TA,CBlock,Gd,TA,No,Unf,0,Unf,0,1064,1064,GasA,TA,SBrkr,1350,0,0,1350,0,0,2,0,3,1,TA,7,Typ,1,TA,Attchd,1974.0,RFn,2,478,TA,TA,Y,0,0,0,0,0,0,MnPrv,0,8,2009,WD,Normal,False,False,True,False,True
716,716,717,70,60.0,10800,Grvl,Reg,Bnk,AllPub,Inside,Gtl,OldTown,Norm,Norm,1Fam,2Story,7,8,1890,1998,Gable,CompShg,Wd Sdng,VinylSd,None,0.0,TA,Gd,BrkTil,TA,TA,No,Unf,0,Unf,0,718,718,GasA,Ex,SBrkr,1576,978,0,2554,0,0,1,1,3,1,TA,8,Typ,0,None,Detchd,1996.0,Unf,2,704,TA,TA,P,0,48,143,0,0,0,None,0,7,2007,WD,Normal,False,False,False,True,True
717,717,718,20,80.0,10000,None,Reg,Lvl,AllPub,Inside,Gtl,NWAmes,Norm,Norm,1Fam,1Story,5,6,1973,2000,Gable,CompShg,HdBoard,HdBoard,None,0.0,TA,TA,CBlock,Gd,TA,No,BLQ,1084,Unf,0,92,1176,GasA,Gd,SBrkr,1178,0,0,1178,0,1,1,1,3,1,Gd,5,Typ,1,Fa,Attchd,1973.0,Unf,2,439,TA,TA,Y,224,0,0,0,0,0,MnPrv,0,11,2008,WD,Normal,False,False,True,False,True
718,718,719,60,96.0,10542,None,Reg,Lvl,AllPub,Inside,Gtl,NoRidge,Norm,Norm,1Fam,2Story,7,5,1993,1994,Hip,CompShg,Wd Sdng,ImStucc,BrkFace,651.0,Gd,TA,PConc,Gd,TA,Gd,GLQ,1173,Unf,0,138,1311,GasA,Ex,SBrkr,1325,1093,0,2418,1,0,2,1,3,1,Gd,9,Typ,1,TA,Attchd,1993.0,RFn,3,983,TA,TA,Y,250,154,216,0,0,0,None,0,8,2008,WD,Normal,False,False,True,False,True
719,719,720,20,69.0,9920,None,IR1,Lvl,AllPub,Inside,Gtl,CollgCr,Norm,Norm,1Fam,1Story,5,6,1969,1969,Gable,CompShg,HdBoard,Plywood,None,0.0,TA,TA,CBlock,Gd,TA,Gd,ALQ,523,Unf,0,448,971,GasA,TA,SBrkr,971,0,0,971,0,0,1,1,3,1,TA,5,Typ,1,Po,Attchd,1969.0,Unf,1,300,TA,TA,Y,0,0,0,0,0,0,None,0,5,2006,WD,Normal,False,False,True,False,True
720,720,721,120,69.0,6563,None,IR1,Low,AllPub,CulDSac,Mod,StoneBr,Norm,Norm,1Fam,1Story,8,5,1985,1985,Gable,CompShg,HdBoard,HdBoard,None,0.0,Gd,TA,PConc,Gd,TA,Gd,GLQ,1148,Unf,0,594,1742,GasA,TA,SBrkr,1742,0,0,1742,1,0,2,0,2,1,Gd,5,Typ,1,TA,Attchd,1985.0,RFn,2,564,TA,TA,Y,114,28,234,0,0,0,None,0,12,2006,WD,Normal,False,False,True,False,True
721,721,722,120,69.0,4426,None,Reg,Lvl,AllPub,Inside,Gtl,CollgCr,Norm,Norm,TwnhsE,1Story,6,5,2004,2004,Gable,CompShg,VinylSd,VinylSd,BrkFace,169.0,Gd,TA,PConc,Gd,TA,Av,GLQ,662,Unf,0,186,848,GasA,Ex,SBrkr,848,0,0,848,1,0,1,0,1,1,Gd,3,Typ,0,None,Attchd,2004.0,RFn,2,420,TA,TA,Y,160,0,0,0,0,0,None,0,5,2010,WD,Normal,False,False,False,True,True
722,722,723,20,70.0,8120,None,Reg,Lvl,AllPub,Inside,Gtl,NAmes,Norm,Norm,1Fam,1Story,4,7,1970,1970,Gable,CompShg,MetalSd,MetalSd,None,0.0,TA,Gd,CBlock,TA,TA,No,ALQ,191,Unf,0,673,864,GasA,Ex,SBrkr,864,0,0,864,0,0,1,0,3,1,TA,5,Typ,0,None,Detchd,1994.0,Unf,2,463,TA,TA,Y,0,0,0,0,0,0,None,0,7,2009,WD,Normal,False,False,True,False,True
723,723,724,50,60.0,8172,None,Reg,Lvl,AllPub,Inside,Gtl,Edwards,Norm,Norm,1Fam,1.5Fin,4,6,1954,1972,Gable,CompShg,MetalSd,MetalSd,None,0.0,TA,TA,PConc,TA,TA,No,Unf,0,Unf,0,941,941,GasA,Ex,SBrkr,997,473,0,1470,0,0,2,0,4,1,TA,7,Typ,0,None,Detchd,1958.0,Unf,1,548,TA,TA,Y,0,0,0,0,156,0,None,0,5,2008,WD,Normal,False,False,True,False,True
724,724,725,20,86.0,13286,None,IR1,Lvl,AllPub,Inside,Gtl,Edwards,Norm,Norm,1Fam,1Story,9,5,2007,2008,Hip,CompShg,CemntBd,CmentBd,Stone,340.0,Ex,TA,PConc,Ex,TA,No,GLQ,1234,Unf,0,464,1698,GasA,Ex,SBrkr,1698,0,0,1698,1,0,2,0,3,1,Ex,8,Typ,1,Gd,Attchd,2007.0,Fin,3,768,TA,TA,Y,327,64,0,0,0,0,None,0,2,2009,WD,Normal,False,False,True,False,True
725,725,726,20,60.0,6960,None,Reg,Lvl,AllPub,Inside,Gtl,NAmes,Norm,Norm,1Fam,1Story,4,6,1970,1970,Gable,CompShg,HdBoard,Plywood,None,0.0,TA,TA,CBlock,TA,TA,No,ALQ,375,BLQ,239,250,864,GasA,TA,SBrkr,864,0,0,864,0,0,1,0,3,1,Gd,5,Typ,0,None,Detchd,1989.0,Unf,2,660,TA,TA,Y,96,0,0,0,0,0,None,500,11,2009,WD,Normal,False,False,True,False,True
726,726,727,20,69.0,21695,None,IR1,Lvl,AllPub,Corner,Gtl,Crawfor,Norm,Norm,1Fam,1Story,6,9,1988,2007,Hip,CompShg,Wd Sdng,Plywood,BrkFace,260.0,Gd,Gd,CBlock,Gd,TA,No,GLQ,808,Unf,0,72,880,GasA,Ex,SBrkr,1680,0,0,1680,1,0,2,0,3,1,Gd,5,Typ,1,Gd,Attchd,1988.0,Fin,2,540,TA,TA,Y,292,44,0,182,0,0,None,0,12,2009,WD,Normal,False,False,True,False,True
727,727,728,20,64.0,7314,None,Reg,Lvl,AllPub,Inside,Gtl,CollgCr,Norm,Norm,1Fam,1Story,7,5,2007,2007,Gable,CompShg,VinylSd,VinylSd,Stone,82.0,Gd,TA,PConc,Gd,TA,Av,GLQ,724,Unf,0,508,1232,GasA,Ex,SBrkr,1232,0,0,1232,1,0,2,0,2,1,Gd,6,Typ,0,None,Attchd,2007.0,RFn,2,632,TA,TA,Y,132,0,0,0,0,0,None,0,2,2009,WD,Normal,False,False,True,False,True
728,728,729,90,85.0,11475,None,Reg,Lvl,AllPub,Corner,Gtl,NAmes,Norm,Norm,Duplex,1Story,5,5,1958,1958,Gable,CompShg,VinylSd,VinylSd,BrkFace,95.0,TA,TA,CBlock,TA,TA,No,Unf,0,Unf,0,1584,1584,GasA,TA,SBrkr,1776,0,0,1776,1,0,2,0,4,2,TA,9,Typ,0,None,Detchd,1968.0,Unf,3,888,TA,TA,Y,0,25,0,0,0,0,None,0,7,2009,COD,Abnorml,False,False,True,False,True
729,729,730,30,52.0,6240,Grvl,Reg,Lvl,AllPub,Inside,Gtl,IDOTRR,Norm,Norm,1Fam,1.5Fin,4,5,1925,1950,Gable,CompShg,MetalSd,MetalSd,None,0.0,TA,TA,CBlock,TA,TA,No,BLQ,152,Unf,0,628,780,GasA,TA,FuseA,848,0,360,1208,0,0,1,0,2,1,TA,5,Typ,0,None,Detchd,1962.0,Unf,2,539,TA,TA,Y,0,23,112,0,0,0,None,0,1,2009,WD,Normal,False,False,False,True,True
730,730,731,120,39.0,5389,None,IR1,Lvl,AllPub,Inside,Gtl,StoneBr,Norm,Norm,TwnhsE,1Story,8,5,1995,1996,Gable,CompShg,CemntBd,CmentBd,None,0.0,Gd,TA,PConc,Gd,TA,No,GLQ,1180,Unf,0,415,1595,GasA,Ex,SBrkr,1616,0,0,1616,1,0,2,0,2,1,Gd,5,Typ,1,TA,Attchd,1995.0,RFn,2,608,TA,TA,Y,237,152,0,0,0,0,None,0,3,2010,WD,Normal,False,False,True,False,True
731,731,732,80,73.0,9590,None,IR1,Lvl,AllPub,Corner,Gtl,Timber,Norm,Norm,1Fam,SLvl,7,5,2003,2003,Gable,CompShg,VinylSd,VinylSd,BrkFace,442.0,Gd,TA,PConc,Ex,TA,Av,GLQ,786,Unf,0,82,868,GasA,Ex,SBrkr,1146,0,0,1146,1,0,2,0,3,1,Gd,6,Typ,1,Gd,Attchd,2003.0,Fin,2,438,TA,TA,Y,160,22,0,0,0,0,None,0,5,2007,WD,Normal,False,False,True,False,True
732,732,733,60,75.0,11404,None,IR1,Lvl,AllPub,Inside,Gtl,CollgCr,Norm,Norm,1Fam,2Story,7,5,1998,1999,Gable,CompShg,VinylSd,VinylSd,BrkFace,202.0,Gd,TA,PConc,Gd,TA,Av,ALQ,252,Unf,0,901,1153,GasA,Ex,SBrkr,1153,878,0,2031,0,0,2,1,3,1,Gd,8,Typ,1,TA,Attchd,1998.0,Fin,2,541,TA,TA,Y,192,84,0,0,0,0,None,0,7,2008,WD,Normal,False,False,True,False,True
733,733,734,20,80.0,10000,None,Reg,Lvl,AllPub,Corner,Gtl,Sawyer,Feedr,Norm,1Fam,1Story,5,6,1961,1983,Hip,CompShg,HdBoard,HdBoard,None,0.0,TA,TA,CBlock,TA,TA,No,BLQ,594,Unf,0,270,864,GasA,Ex,SBrkr,1144,0,0,1144,1,0,1,0,3,1,TA,6,Typ,1,TA,Attchd,1961.0,RFn,1,264,TA,TA,Y,165,0,0,0,0,0,GdWo,400,3,2009,WD,Normal,False,False,True,False,True
734,734,735,20,69.0,8978,None,IR1,Lvl,AllPub,Corner,Gtl,Sawyer,Norm,Norm,1Fam,1Story,5,5,1968,1968,Gable,CompShg,Plywood,Plywood,None,0.0,TA,TA,PConc,TA,TA,No,Unf,0,Unf,0,948,948,GasA,TA,SBrkr,948,0,0,948,0,0,1,0,3,1,TA,6,Typ,0,None,Attchd,1968.0,Unf,1,300,TA,TA,Y,147,0,0,0,0,0,None,0,5,2007,WD,Family,False,False,True,False,True
735,735,736,75,60.0,10800,None,Reg,Lvl,AllPub,Inside,Gtl,OldTown,Norm,Norm,1Fam,2.5Unf,7,7,1914,1970,Gable,CompShg,Wd Sdng,Wd Sdng,None,0.0,TA,TA,BrkTil,Gd,TA,Mn,Rec,390,Unf,0,490,880,GasW,Fa,SBrkr,880,888,0,1768,0,0,1,1,2,1,TA,6,Typ,2,TA,Detchd,1914.0,Unf,2,320,TA,TA,N,0,341,0,0,0,0,None,0,10,2006,WD,Normal,False,False,False,True,True
736,736,737,90,60.0,8544,None,Reg,Lvl,AllPub,Inside,Gtl,NAmes,Norm,Norm,Duplex,1Story,3,4,1950,1950,Gable,CompShg,Stucco,Stone,None,0.0,TA,TA,CBlock,None,None,None,None,0,None,0,0,0,GasA,Gd,FuseF,1040,0,0,1040,0,0,2,0,2,2,TA,6,Typ,0,None,Detchd,1949.0,Unf,2,400,TA,TA,Y,0,0,0,0,0,0,None,0,7,2006,WD,Normal,False,False,True,False,True
737,737,738,60,72.0,10463,None,IR1,HLS,AllPub,CulDSac,Gtl,Gilbert,Norm,Norm,1Fam,2Story,8,5,2005,2005,Gable,CompShg,VinylSd,VinylSd,None,0.0,Gd,TA,PConc,Gd,TA,No,Unf,0,Unf,0,893,893,GasA,Ex,SBrkr,901,900,0,1801,0,0,2,1,3,1,Gd,8,Typ,1,Gd,Attchd,2005.0,Fin,3,800,TA,TA,Y,0,116,0,0,0,0,None,0,6,2006,WD,Normal,False,False,True,False,True
738,738,739,90,60.0,10800,None,Reg,Lvl,AllPub,Inside,Gtl,Edwards,Norm,Norm,Duplex,1Story,5,5,1987,1988,Gable,CompShg,Plywood,Plywood,None,0.0,TA,TA,CBlock,Gd,Gd,Gd,GLQ,1200,Unf,0,0,1200,GasA,TA,SBrkr,1200,0,0,1200,3,0,3,0,3,1,TA,5,Typ,0,None,None,1980.0,None,0,0,None,None,Y,120,0,0,0,0,0,None,0,3,2009,WD,Alloca,False,False,True,False,True
739,739,740,60,65.0,9313,None,IR1,Lvl,AllPub,Inside,Gtl,CollgCr,Norm,Norm,1Fam,2Story,7,5,2004,2004,Gable,CompShg,VinylSd,VinylSd,None,0.0,Gd,TA,PConc,Gd,TA,No,Unf,0,Unf,0,864,864,GasA,Ex,SBrkr,864,864,0,1728,0,0,2,1,3,1,Gd,7,Typ,0,None,Attchd,2004.0,RFn,2,572,TA,TA,Y,187,56,0,0,0,0,None,0,4,2009,WD,Normal,False,False,True,False,True
740,740,741,70,60.0,9600,Grvl,Reg,Lvl,AllPub,Inside,Gtl,OldTown,Norm,Norm,1Fam,2Story,5,7,1910,2002,Gable,CompShg,Wd Sdng,Wd Shng,None,0.0,TA,Gd,BrkTil,Fa,Fa,No,Unf,0,Unf,0,264,264,GasA,Ex,SBrkr,768,664,0,1432,0,0,2,0,2,1,TA,7,Typ,0,None,Detchd,1910.0,Unf,2,360,TA,Gd,Y,270,0,112,0,0,0,GdPrv,0,5,2007,WD,Abnorml,False,False,False,True,True
741,741,742,20,65.0,6768,None,IR1,Lvl,AllPub,Inside,Gtl,Sawyer,Feedr,Norm,1Fam,1Story,6,8,1961,1996,Hip,CompShg,HdBoard,HdBoard,None,0.0,TA,Gd,CBlock,TA,TA,Mn,GLQ,832,Unf,0,80,912,GasA,Gd,SBrkr,912,0,0,912,1,1,1,0,3,1,Gd,5,Typ,0,None,Detchd,1962.0,Unf,1,288,TA,TA,Y,168,0,0,0,0,0,GdPrv,0,5,2008,WD,Normal,False,False,True,False,True
742,742,743,20,65.0,8450,None,Reg,Lvl,AllPub,Inside,Gtl,SawyerW,Norm,Norm,1Fam,1Story,7,5,2000,2001,Gable,CompShg,VinylSd,VinylSd,BrkFace,108.0,TA,TA,PConc,Gd,TA,No,Unf,0,Unf,0,1349,1349,GasA,Ex,SBrkr,1349,0,0,1349,0,0,2,0,3,1,TA,6,Typ,0,None,Attchd,2000.0,Unf,2,539,TA,TA,Y,120,55,0,0,0,0,GdPrv,0,12,2007,WD,Normal,False,False,True,False,True
743,743,744,80,70.0,12886,None,IR1,Lvl,AllPub,Inside,Gtl,Sawyer,Norm,Norm,1Fam,SLvl,5,6,1963,1999,Gable,CompShg,HdBoard,HdBoard,None,0.0,TA,TA,CBlock,Gd,TA,Av,ALQ,444,Unf,0,76,520,GasA,Ex,SBrkr,1464,0,0,1464,0,1,2,0,3,1,TA,6,Min2,1,TA,Attchd,1997.0,RFn,2,480,TA,TA,Y,302,0,0,0,100,0,None,0,10,2009,WD,Normal,False,False,True,False,True
744,744,745,120,41.0,5395,None,IR1,HLS,AllPub,Inside,Gtl,StoneBr,Norm,Norm,TwnhsE,1Story,8,5,1993,1993,Gable,CompShg,HdBoard,HdBoard,None,0.0,Gd,TA,PConc,Gd,TA,No,GLQ,733,Unf,0,604,1337,GasA,Gd,SBrkr,1337,0,0,1337,1,0,2,0,2,1,Gd,5,Typ,1,TA,Attchd,1993.0,RFn,2,462,TA,TA,Y,96,0,70,168,0,0,None,0,10,2008,WD,Normal,False,False,True,False,True
745,745,746,60,69.0,8963,None,IR1,Lvl,AllPub,Inside,Gtl,NWAmes,Norm,Norm,1Fam,2Story,8,9,1976,1996,Hip,CompShg,VinylSd,VinylSd,BrkFace,289.0,Ex,Gd,CBlock,TA,Gd,No,GLQ,575,ALQ,80,487,1142,GasA,Ex,SBrkr,1175,1540,0,2715,0,1,3,1,4,1,Gd,11,Typ,2,TA,BuiltIn,1994.0,Fin,2,831,TA,TA,Y,0,204,0,0,0,0,None,0,7,2008,WD,Normal,False,False,True,False,True
746,746,747,60,69.0,8795,None,IR1,Lvl,AllPub,Inside,Gtl,Gilbert,Norm,Norm,1Fam,2Story,7,5,2000,2000,Gable,CompShg,VinylSd,VinylSd,None,0.0,Gd,TA,PConc,Gd,TA,No,GLQ,300,Unf,0,652,952,GasA,Ex,SBrkr,980,1276,0,2256,0,0,2,1,4,1,Gd,8,Typ,1,TA,BuiltIn,2000.0,Fin,2,554,TA,TA,Y,224,54,0,0,0,0,None,0,4,2009,WD,Normal,False,False,True,False,True
747,747,748,70,65.0,11700,Pave,IR1,Lvl,AllPub,Corner,Gtl,OldTown,Norm,Norm,1Fam,2Story,7,7,1880,2003,Mansard,CompShg,Stucco,Stucco,None,0.0,Gd,TA,Stone,TA,Fa,No,Unf,0,Unf,0,1240,1240,GasW,TA,SBrkr,1320,1320,0,2640,0,0,1,1,4,1,Gd,8,Typ,1,Gd,Detchd,1950.0,Unf,4,864,TA,TA,N,181,0,386,0,0,0,None,0,5,2009,WD,Normal,False,False,False,True,True
748,748,749,20,59.0,10593,None,IR1,Lvl,AllPub,Inside,Gtl,NoRidge,Norm,Norm,1Fam,1Story,7,5,1996,1996,Hip,CompShg,VinylSd,VinylSd,BrkFace,338.0,Gd,TA,PConc,Gd,TA,No,GLQ,919,Unf,0,801,1720,GasA,Ex,SBrkr,1720,0,0,1720,1,0,2,0,3,1,Gd,7,Typ,1,TA,Attchd,1996.0,Fin,2,527,TA,TA,Y,240,56,154,0,0,0,None,0,3,2010,WD,Normal,False,False,True,False,True
749,749,750,50,50.0,8405,None,Reg,Lvl,AllPub,Inside,Gtl,Edwards,Norm,Norm,1Fam,1.5Fin,4,3,1945,1950,Gable,CompShg,WdShing,Wd Shng,None,0.0,TA,TA,Slab,None,None,None,None,0,None,0,0,0,Wall,TA,FuseF,1088,441,0,1529,0,0,2,0,4,1,TA,9,Mod,0,None,Detchd,1945.0,Unf,1,240,TA,TA,N,92,0,185,0,0,0,None,0,4,2009,WD,Normal,False,False,True,False,True
750,750,751,50,55.0,8800,Grvl,Reg,Lvl,AllPub,Corner,Gtl,OldTown,Norm,Norm,1Fam,1.5Fin,4,7,1910,2004,Gable,CompShg,Wd Sdng,Wd Sdng,None,0.0,TA,TA,BrkTil,TA,Fa,No,Unf,0,Unf,0,576,576,GasA,Gd,SBrkr,792,348,0,1140,0,0,1,0,3,1,TA,7,Min2,0,None,None,1980.0,None,0,0,None,None,N,0,160,0,0,0,0,None,0,6,2010,WD,Normal,False,False,False,True,True
751,751,752,60,69.0,7750,None,Reg,Lvl,AllPub,Inside,Gtl,Gilbert,RRAn,Norm,1Fam,2Story,7,5,2003,2003,Gable,CompShg,VinylSd,VinylSd,None,0.0,Gd,TA,PConc,Gd,TA,No,Unf,0,Unf,0,660,660,GasA,Ex,SBrkr,660,660,0,1320,0,0,2,1,3,1,Gd,6,Typ,0,None,Attchd,2003.0,Fin,2,400,TA,TA,Y,0,48,0,0,0,0,None,0,8,2007,WD,Normal,False,False,True,False,True
752,752,753,20,79.0,9236,None,IR1,Lvl,AllPub,Inside,Gtl,CollgCr,Norm,Norm,1Fam,1Story,6,5,1997,1997,Gable,CompShg,VinylSd,VinylSd,None,0.0,TA,Gd,PConc,Gd,TA,Gd,GLQ,1200,Unf,0,279,1479,GasA,Ex,SBrkr,1494,0,0,1494,1,0,2,0,3,1,Gd,6,Typ,0,None,Attchd,1997.0,RFn,2,576,TA,TA,Y,168,27,0,0,0,0,None,0,7,2006,WD,Normal,False,False,True,False,True
753,753,754,60,80.0,10240,None,Reg,Lvl,AllPub,Inside,Gtl,NridgHt,Norm,Norm,1Fam,2Story,8,5,2005,2005,Gable,CompShg,VinylSd,VinylSd,BrkFace,178.0,Gd,TA,PConc,Gd,TA,Mn,Unf,0,Unf,0,1030,1030,GasA,Gd,SBrkr,1038,1060,0,2098,0,0,2,1,3,1,Ex,8,Typ,1,Gd,Attchd,2005.0,RFn,3,878,TA,TA,Y,192,52,0,0,0,0,None,0,3,2006,WD,Normal,False,False,True,False,True
754,754,755,20,61.0,7930,None,Reg,Lvl,AllPub,Inside,Gtl,NAmes,Norm,Norm,1Fam,1Story,6,8,1969,2005,Gable,CompShg,Plywood,Plywood,None,0.0,TA,TA,CBlock,TA,TA,No,GLQ,439,LwQ,472,115,1026,GasA,Gd,SBrkr,1026,0,0,1026,1,0,1,0,3,1,Gd,5,Typ,0,None,Detchd,1969.0,RFn,2,440,TA,TA,Y,171,48,0,0,0,0,None,0,7,2009,WD,Normal,False,False,True,False,True
755,755,756,160,34.0,3230,Pave,Reg,Lvl,AllPub,Inside,Gtl,Somerst,Norm,Norm,TwnhsE,2Story,6,5,1999,1999,Gable,CompShg,MetalSd,MetalSd,BrkFace,894.0,TA,TA,PConc,Gd,TA,No,GLQ,381,Unf,0,348,729,GasA,Gd,SBrkr,742,729,0,1471,0,0,2,1,3,1,TA,6,Typ,0,None,Detchd,1999.0,Unf,2,440,TA,TA,Y,0,24,0,0,0,0,None,0,3,2009,WD,Normal,True,False,False,False,True
756,756,757,60,68.0,10769,None,IR1,Lvl,AllPub,Inside,Gtl,CollgCr,Norm,Norm,1Fam,2Story,8,5,2007,2007,Gable,CompShg,VinylSd,VinylSd,None,0.0,Gd,TA,PConc,Gd,TA,Av,GLQ,20,Unf,0,846,866,GasA,Ex,SBrkr,866,902,0,1768,0,0,2,1,3,1,Gd,7,Typ,0,None,Attchd,2007.0,RFn,2,578,TA,TA,Y,144,105,0,0,0,0,None,0,4,2009,WD,Normal,False,False,True,False,True
757,757,758,60,69.0,11616,None,IR1,Lvl,AllPub,CulDSac,Gtl,Sawyer,Norm,Norm,1Fam,2Story,6,5,1978,1978,Hip,CompShg,HdBoard,HdBoard,BrkCmn,328.0,TA,TA,CBlock,TA,TA,Mn,Rec,438,Unf,0,234,672,GasA,TA,SBrkr,672,714,0,1386,0,0,2,1,3,1,TA,6,Typ,1,TA,Attchd,1978.0,Fin,2,440,TA,TA,Y,335,0,0,0,0,0,GdPrv,0,4,2010,WD,Abnorml,False,False,True,False,True
758,758,759,160,24.0,2280,Pave,Reg,Lvl,AllPub,Inside,Gtl,Somerst,Norm,Norm,Twnhs,2Story,7,5,1999,1999,Gable,CompShg,MetalSd,MetalSd,BrkFace,360.0,TA,TA,PConc,Gd,TA,No,ALQ,549,Unf,0,195,744,GasA,Gd,SBrkr,757,744,0,1501,0,0,2,1,3,1,TA,6,Typ,0,None,Detchd,1999.0,Unf,2,440,TA,TA,Y,0,0,0,0,0,0,None,0,8,2008,WD,Normal,True,False,False,False,True
759,759,760,60,65.0,12257,None,IR1,Lvl,AllPub,Inside,Gtl,NoRidge,Norm,Norm,1Fam,2Story,8,5,1995,1995,Gable,CompShg,VinylSd,VinylSd,BrkFace,513.0,Gd,TA,PConc,Gd,TA,Av,LwQ,56,ALQ,64,1198,1318,GasA,Ex,SBrkr,1328,1203,0,2531,0,0,2,1,4,1,Gd,9,Typ,1,TA,Attchd,1995.0,RFn,3,752,TA,TA,Y,222,98,0,0,0,0,None,0,11,2007,WD,Normal,False,False,True,False,True
760,760,761,20,70.0,9100,None,Reg,Lvl,AllPub,Inside,Gtl,NAmes,Norm,Norm,1Fam,1Story,6,6,1959,1959,Hip,CompShg,Wd Sdng,Wd Sdng,None,0.0,TA,TA,CBlock,TA,TA,No,Rec,612,Unf,0,252,864,GasA,Ex,SBrkr,864,0,0,864,0,0,1,0,2,1,TA,5,Typ,0,None,Detchd,2008.0,Unf,1,300,Ex,Ex,Y,0,0,0,0,0,0,None,450,10,2009,WD,Normal,False,False,True,False,True
761,761,762,30,60.0,6911,None,Reg,Lvl,AllPub,FR2,Gtl,BrkSide,Feedr,Norm,1Fam,1Story,5,5,1924,1950,Gable,CompShg,Wd Sdng,Wd Sdng,None,0.0,TA,TA,PConc,TA,TA,Mn,LwQ,405,Unf,0,740,1145,GasA,TA,SBrkr,1301,0,0,1301,0,0,1,0,2,1,Fa,5,Min1,0,None,Detchd,1965.0,Unf,2,440,TA,TA,Y,0,0,0,0,0,0,None,0,10,2009,WD,Normal,False,False,False,True,True
762,762,763,60,72.0,8640,None,Reg,Lvl,AllPub,Inside,Gtl,Somerst,Norm,Norm,1Fam,2Story,7,5,2009,2009,Gable,CompShg,VinylSd,VinylSd,None,0.0,TA,TA,PConc,Gd,TA,Mn,GLQ,24,Unf,0,732,756,GasA,Ex,SBrkr,764,783,0,1547,0,0,2,1,3,1,Gd,7,Typ,0,None,Attchd,2009.0,Unf,2,614,TA,TA,Y,169,45,0,0,0,0,None,0,6,2010,Con,Normal,True,False,False,False,True
763,763,764,60,82.0,9430,None,Reg,Lvl,AllPub,Inside,Gtl,NoRidge,Norm,Norm,1Fam,2Story,8,5,1999,1999,Gable,CompShg,VinylSd,VinylSd,BrkFace,673.0,Gd,TA,PConc,Gd,TA,Mn,GLQ,1163,Unf,0,89,1252,GasA,Ex,SBrkr,1268,1097,0,2365,1,0,2,1,3,1,Gd,8,Typ,1,Gd,Attchd,1999.0,RFn,3,856,TA,TA,Y,0,128,0,0,180,0,None,0,7,2009,WD,Normal,False,False,True,False,True
764,764,765,120,30.0,9549,None,IR1,Lvl,AllPub,CulDSac,Gtl,Veenker,Norm,Norm,TwnhsE,1Story,8,5,1995,1996,Hip,CompShg,BrkFace,BrkFace,None,0.0,Gd,Gd,PConc,Gd,Gd,Av,LwQ,437,GLQ,1057,0,1494,GasA,Ex,SBrkr,1494,0,0,1494,1,0,1,1,2,1,Ex,6,Typ,1,Gd,Attchd,1995.0,Fin,2,481,TA,TA,Y,0,30,0,0,216,0,None,0,4,2006,WD,Normal,False,False,True,False,True
765,765,766,20,75.0,14587,None,IR1,Lvl,AllPub,Inside,Gtl,Somerst,Norm,Norm,1Fam,1Story,9,5,2008,2008,Gable,CompShg,VinylSd,VinylSd,Stone,284.0,Gd,TA,PConc,Gd,TA,No,Unf,0,Unf,0,1498,1498,GasA,Ex,SBrkr,1506,0,0,1506,0,0,2,0,2,1,Ex,6,Typ,1,Gd,Attchd,2008.0,Fin,2,592,TA,TA,Y,0,174,0,0,0,0,None,0,8,2008,New,Partial,False,False,True,False,True
766,766,767,60,80.0,10421,None,Reg,Lvl,AllPub,Inside,Gtl,NWAmes,Norm,Norm,1Fam,2Story,7,5,1988,1988,Gable,CompShg,HdBoard,HdBoard,BrkFace,42.0,TA,TA,CBlock,Gd,TA,No,GLQ,394,Unf,0,586,980,GasA,TA,SBrkr,980,734,0,1714,0,0,2,1,3,1,TA,7,Typ,1,TA,Attchd,1988.0,Unf,2,496,TA,TA,Y,228,66,156,0,0,0,MnPrv,500,3,2010,WD,Normal,False,False,True,False,True
767,767,768,50,75.0,12508,None,IR1,Lvl,AllPub,Inside,Gtl,Mitchel,Norm,Norm,1Fam,1.5Fin,6,7,1940,1985,Gable,CompShg,VinylSd,VinylSd,None,0.0,TA,TA,CBlock,Gd,TA,Mn,ALQ,660,Unf,0,323,983,GasA,Ex,SBrkr,983,767,0,1750,1,0,2,0,4,1,TA,7,Mod,0,None,Attchd,1989.0,Unf,1,423,TA,TA,Y,245,0,156,0,0,0,None,1300,7,2008,WD,Normal,False,False,True,False,True
768,768,769,20,70.0,9100,None,Reg,Lvl,AllPub,Inside,Gtl,CollgCr,Norm,Norm,1Fam,1Story,7,5,2004,2005,Hip,CompShg,VinylSd,VinylSd,None,0.0,Gd,TA,PConc,Gd,TA,No,GLQ,24,Unf,0,1836,1860,GasA,Ex,SBrkr,1836,0,0,1836,0,0,2,0,3,1,Gd,8,Typ,1,Gd,Attchd,2004.0,Fin,2,484,TA,TA,Y,120,33,0,0,0,0,None,0,10,2006,WD,Normal,False,False,True,False,True
769,769,770,60,47.0,53504,None,IR2,HLS,AllPub,CulDSac,Mod,StoneBr,Norm,Norm,1Fam,2Story,8,5,2003,2003,Hip,CompShg,CemntBd,Wd Shng,BrkFace,603.0,Ex,TA,PConc,Gd,TA,Gd,ALQ,1416,Unf,0,234,1650,GasA,Ex,SBrkr,1690,1589,0,3279,1,0,3,1,4,1,Ex,12,Mod,1,Gd,BuiltIn,2003.0,Fin,3,841,TA,TA,Y,503,36,0,0,210,0,None,0,6,2010,WD,Normal,False,False,True,False,True
770,770,771,85,69.0,7252,None,IR1,Lvl,AllPub,CulDSac,Gtl,Sawyer,Norm,Norm,1Fam,SFoyer,5,5,1982,1982,Hip,CompShg,Wd Sdng,Wd Sdng,None,0.0,TA,TA,CBlock,Gd,TA,Av,GLQ,685,Unf,0,173,858,GasA,TA,SBrkr,858,0,0,858,1,0,1,0,2,1,TA,5,Typ,0,None,Detchd,1983.0,Unf,2,576,TA,TA,Y,120,0,0,0,0,0,None,0,4,2009,WD,Normal,False,False,True,False,True
771,771,772,20,67.0,8877,None,Reg,Lvl,AllPub,Inside,Gtl,Edwards,Norm,Norm,1Fam,1Story,4,5,1951,1951,Gable,CompShg,Wd Sdng,Wd Sdng,None,0.0,TA,TA,CBlock,Fa,Fa,No,LwQ,836,Unf,0,0,836,GasA,TA,FuseF,1220,0,0,1220,0,0,1,0,2,1,TA,6,Typ,0,None,Detchd,1951.0,Unf,2,396,TA,TA,Y,0,0,0,0,0,0,None,0,4,2006,COD,Normal,False,False,True,False,True
772,772,773,80,94.0,7819,None,Reg,Lvl,AllPub,Inside,Gtl,Edwards,Norm,Norm,1Fam,SLvl,6,5,1976,1976,Gable,CompShg,Plywood,Plywood,None,0.0,TA,TA,CBlock,TA,TA,Av,ALQ,422,BLQ,127,480,1029,GasA,TA,SBrkr,1117,0,0,1117,1,0,1,0,3,1,TA,6,Typ,1,TA,Detchd,1976.0,Unf,2,672,TA,TA,Y,144,0,0,0,0,0,MnPrv,0,3,2010,WD,Abnorml,False,False,True,False,True
773,773,774,20,70.0,10150,None,Reg,Lvl,AllPub,Inside,Gtl,NAmes,Feedr,Norm,1Fam,1Story,5,5,1958,1958,Gable,CompShg,Wd Sdng,Wd Sdng,None,1.0,TA,TA,CBlock,TA,TA,No,Rec,456,Unf,0,456,912,GasA,Ex,FuseA,912,0,0,912,0,0,1,0,2,1,TA,5,Typ,0,None,Attchd,1958.0,RFn,1,275,TA,TA,Y,0,0,0,0,0,0,None,0,7,2007,COD,Normal,False,False,True,False,True
774,774,775,20,110.0,14226,None,Reg,Lvl,AllPub,Corner,Gtl,NridgHt,Norm,Norm,1Fam,1Story,8,5,2006,2006,Hip,CompShg,VinylSd,VinylSd,BrkFace,375.0,Gd,TA,PConc,Gd,TA,Av,Unf,0,Unf,0,1935,1935,GasA,Gd,SBrkr,1973,0,0,1973,0,0,2,0,3,1,Gd,9,Typ,1,Gd,Attchd,2006.0,Fin,3,895,TA,TA,Y,315,45,0,0,0,0,None,0,7,2007,New,Partial,False,False,True,False,True
775,775,776,120,32.0,4500,None,Reg,Lvl,AllPub,FR2,Gtl,Mitchel,Norm,Norm,TwnhsE,1Story,6,5,1998,1998,Hip,CompShg,VinylSd,VinylSd,BrkFace,320.0,TA,TA,PConc,Ex,TA,No,GLQ,866,Unf,0,338,1204,GasA,Ex,SBrkr,1204,0,0,1204,1,0,2,0,2,1,TA,5,Typ,0,None,Attchd,1998.0,Fin,2,412,TA,TA,Y,0,247,0,0,0,0,None,0,6,2009,WD,Normal,False,False,False,True,True
776,776,777,20,86.0,11210,None,IR1,Lvl,AllPub,Inside,Gtl,CollgCr,Norm,Norm,1Fam,1Story,7,5,2005,2006,Gable,CompShg,VinylSd,VinylSd,BrkFace,240.0,Gd,TA,PConc,Gd,TA,Av,GLQ,20,Unf,0,1594,1614,GasA,Ex,SBrkr,1614,0,0,1614,0,0,2,0,3,1,Gd,7,Typ,0,None,Attchd,2005.0,RFn,3,865,TA,TA,Y,144,59,0,0,0,0,None,0,7,2006,New,Partial,False,False,True,False,True
777,777,778,20,100.0,13350,None,IR1,Lvl,AllPub,Inside,Gtl,Sawyer,Norm,Norm,1Fam,1Story,5,5,1974,1974,Hip,CompShg,HdBoard,Plywood,None,0.0,TA,TA,CBlock,TA,TA,No,ALQ,762,Unf,0,102,864,GasA,TA,SBrkr,894,0,0,894,1,0,1,0,3,1,TA,5,Typ,1,Fa,Attchd,1974.0,Unf,2,440,TA,TA,Y,241,0,0,0,0,0,MnPrv,0,6,2006,WD,Normal,False,False,True,False,True
778,778,779,90,60.0,8400,None,Reg,Lvl,AllPub,Inside,Gtl,SawyerW,Feedr,Norm,Duplex,1Story,5,5,1977,1977,Gable,CompShg,Plywood,Plywood,BrkFace,320.0,TA,TA,Slab,None,None,None,None,0,None,0,0,0,GasA,TA,SBrkr,2020,0,0,2020,0,0,2,0,4,2,TA,10,Typ,2,TA,Detchd,1977.0,Unf,2,630,TA,TA,Y,0,0,0,0,0,0,None,0,10,2007,WD,Normal,False,True,False,False,True
779,779,780,90,78.0,10530,None,Reg,Lvl,AllPub,Inside,Gtl,Mitchel,Norm,Norm,Duplex,SFoyer,6,5,1977,1977,Gable,CompShg,Plywood,ImStucc,BrkFace,90.0,TA,TA,CBlock,Gd,TA,Gd,GLQ,975,Unf,0,0,975,GasA,TA,SBrkr,1004,0,0,1004,1,0,1,0,2,1,TA,4,Typ,0,None,Attchd,1977.0,Unf,2,504,TA,TA,Y,0,0,0,0,0,0,None,0,5,2006,WD,Normal,False,False,True,False,True
780,780,781,20,63.0,7875,None,Reg,Lvl,AllPub,Inside,Gtl,Gilbert,Norm,Norm,1Fam,1Story,7,5,1995,1996,Gable,CompShg,HdBoard,HdBoard,BrkFace,38.0,TA,TA,PConc,Gd,Gd,No,Unf,0,Unf,0,1237,1237,GasA,Gd,SBrkr,1253,0,0,1253,0,0,2,0,3,1,TA,6,Typ,1,TA,Attchd,1995.0,Fin,2,402,TA,TA,Y,220,21,0,0,0,0,None,0,6,2007,WD,Normal,False,False,True,False,True
781,781,782,60,65.0,7153,None,Reg,Lvl,AllPub,Inside,Gtl,SawyerW,Norm,Norm,1Fam,2Story,6,5,1992,1992,Gable,CompShg,VinylSd,VinylSd,None,0.0,Gd,Gd,PConc,Gd,TA,No,ALQ,387,Unf,0,374,761,GasA,Ex,SBrkr,810,793,0,1603,0,0,2,1,3,1,Gd,7,Typ,0,None,Attchd,1992.0,RFn,2,484,TA,TA,Y,0,124,0,0,0,0,None,0,7,2006,WD,Normal,False,False,True,False,True
782,782,783,20,67.0,16285,None,IR2,Lvl,AllPub,Inside,Gtl,CollgCr,Norm,Norm,1Fam,1Story,7,5,2001,2002,Gable,CompShg,VinylSd,VinylSd,None,0.0,Gd,TA,PConc,Gd,TA,No,Unf,0,Unf,0,1413,1413,GasA,Ex,SBrkr,1430,0,0,1430,0,0,2,0,3,1,Gd,6,Typ,0,None,Attchd,2001.0,RFn,2,605,TA,TA,Y,0,33,0,0,0,0,None,0,6,2009,WD,Normal,False,False,True,False,True
783,783,784,85,69.0,9101,None,IR1,Lvl,AllPub,Corner,Gtl,Mitchel,Norm,Norm,1Fam,SFoyer,5,6,1978,1978,Gable,CompShg,Plywood,Plywood,BrkFace,104.0,TA,Gd,PConc,Gd,TA,Av,GLQ,1097,Unf,0,0,1097,GasA,Ex,SBrkr,1110,0,0,1110,1,0,1,0,1,1,Gd,4,Typ,1,TA,Attchd,1978.0,Fin,2,602,TA,TA,Y,303,30,0,0,0,0,None,0,7,2009,WD,Normal,False,False,True,False,True
784,784,785,75,35.0,6300,Grvl,Reg,Lvl,AllPub,Inside,Gtl,OldTown,Norm,Norm,1Fam,2.5Unf,6,6,1914,2001,Gable,CompShg,Wd Sdng,Wd Shng,None,0.0,TA,TA,CBlock,TA,TA,No,Unf,0,Unf,0,742,742,GasA,Ex,SBrkr,742,742,0,1484,0,0,2,0,3,1,TA,9,Typ,1,Gd,None,1980.0,None,0,0,None,None,Y,0,291,134,0,0,0,None,0,6,2008,WD,Normal,False,False,False,True,True
785,785,786,20,69.0,9790,None,Reg,Lvl,AllPub,Inside,Gtl,NWAmes,Feedr,Norm,1Fam,1Story,6,5,1967,1967,Gable,CompShg,BrkFace,Wd Sdng,None,0.0,TA,TA,CBlock,TA,TA,No,Rec,251,LwQ,630,491,1372,GasA,TA,SBrkr,1342,0,0,1342,0,0,2,0,3,1,TA,7,Typ,1,Gd,Attchd,1967.0,Unf,2,457,TA,TA,Y,0,0,0,0,197,0,None,0,9,2009,WD,Normal,False,False,True,False,True
786,786,787,50,60.0,10800,None,Reg,Lvl,AllPub,Inside,Gtl,OldTown,Artery,Norm,1Fam,1.5Fin,5,6,1915,1950,Gable,CompShg,MetalSd,MetalSd,None,0.0,TA,Gd,PConc,Fa,TA,No,LwQ,686,Unf,0,0,686,GasA,TA,SBrkr,966,686,0,1652,1,0,2,0,4,1,TA,7,Typ,0,None,Detchd,1961.0,Unf,1,416,TA,TA,Y,0,0,196,0,0,0,None,1200,6,2010,WD,Normal,False,False,False,True,True
787,787,788,60,76.0,10142,None,IR1,Lvl,AllPub,Inside,Gtl,SawyerW,Norm,Norm,1Fam,2Story,7,5,2004,2004,Gable,CompShg,VinylSd,VinylSd,None,0.0,Gd,TA,PConc,Gd,TA,No,GLQ,656,Unf,0,300,956,GasA,Ex,SBrkr,956,1128,0,2084,1,0,2,1,4,1,Gd,8,Typ,0,None,BuiltIn,2004.0,RFn,2,618,TA,TA,Y,0,45,0,0,0,0,None,0,1,2010,WD,Normal,False,False,True,False,True
788,788,789,20,50.0,6000,None,Reg,Lvl,AllPub,Corner,Gtl,OldTown,Norm,Norm,1Fam,1Story,4,7,1954,2000,Gable,CompShg,MetalSd,MetalSd,None,0.0,TA,TA,CBlock,TA,TA,No,Unf,0,Unf,0,901,901,GasA,Ex,SBrkr,901,0,0,901,0,0,1,0,2,1,TA,4,Typ,0,None,Detchd,1954.0,Unf,1,281,Fa,TA,Y,0,0,0,0,0,0,None,0,8,2008,WD,Normal,False,False,False,True,True
789,789,790,60,69.0,12205,None,IR1,Low,AllPub,Inside,Gtl,ClearCr,Norm,Norm,1Fam,2Story,6,8,1966,2007,Gable,CompShg,HdBoard,HdBoard,BrkFace,157.0,TA,TA,CBlock,TA,Fa,Gd,LwQ,568,Unf,0,264,832,GasA,Gd,SBrkr,976,1111,0,2087,0,0,2,1,5,1,Gd,9,Typ,0,None,Attchd,1966.0,Fin,2,444,TA,TA,Y,133,168,0,0,0,0,None,0,7,2007,WD,Normal,False,False,True,False,True
790,790,791,120,43.0,3182,None,Reg,Lvl,AllPub,Inside,Gtl,Blmngtn,Norm,Norm,TwnhsE,1Story,7,5,2005,2006,Gable,CompShg,VinylSd,VinylSd,BrkFace,11.0,Gd,TA,PConc,Gd,TA,No,GLQ,16,Unf,0,1129,1145,GasA,Ex,SBrkr,1145,0,0,1145,0,0,2,0,2,1,Gd,5,Typ,1,Gd,Attchd,2005.0,Fin,2,397,TA,TA,Y,100,16,0,0,0,0,None,0,9,2009,WD,Normal,False,False,True,False,True
791,791,792,80,69.0,11333,None,IR1,Lvl,AllPub,Corner,Gtl,Mitchel,Norm,Norm,1Fam,SLvl,6,5,1976,1976,Gable,CompShg,HdBoard,HdBoard,None,0.0,TA,TA,PConc,Gd,TA,Av,ALQ,539,Unf,0,490,1029,GasA,TA,SBrkr,1062,0,0,1062,1,0,1,0,3,1,TA,5,Typ,2,TA,Attchd,1976.0,RFn,2,539,TA,TA,Y,120,0,0,0,0,0,None,0,5,2007,WD,Normal,False,False,True,False,True
792,792,793,60,92.0,9920,None,IR1,Lvl,AllPub,CulDSac,Gtl,NoRidge,Norm,Norm,1Fam,2Story,7,5,1996,1997,Gable,CompShg,MetalSd,MetalSd,None,0.0,Gd,TA,PConc,Gd,TA,Av,GLQ,862,Unf,0,255,1117,GasA,Ex,SBrkr,1127,886,0,2013,1,0,2,1,3,1,TA,8,Typ,1,TA,Attchd,1997.0,Unf,2,455,TA,TA,Y,180,130,0,0,0,0,None,0,6,2007,WD,Normal,False,False,True,False,True
793,793,794,20,76.0,9158,None,Reg,Lvl,AllPub,Inside,Gtl,Somerst,Norm,Norm,1Fam,1Story,8,5,2007,2007,Gable,CompShg,CemntBd,CmentBd,Stone,140.0,Gd,TA,PConc,Gd,TA,Av,Unf,0,Unf,0,1496,1496,GasA,Ex,SBrkr,1496,0,0,1496,0,0,2,0,3,1,Gd,7,Typ,0,None,Attchd,2007.0,Fin,2,474,TA,TA,Y,168,130,0,0,0,0,None,0,6,2007,New,Partial,False,False,True,False,True
794,794,795,60,69.0,10832,None,IR1,Lvl,AllPub,Corner,Gtl,Gilbert,Norm,Norm,1Fam,2Story,7,5,1994,1996,Gable,CompShg,MetalSd,MetalSd,None,0.0,Gd,TA,PConc,Gd,TA,No,Unf,0,Unf,0,712,712,GasA,Ex,SBrkr,1086,809,0,1895,0,0,2,1,3,1,Gd,7,Typ,1,TA,Attchd,1994.0,Fin,2,409,TA,TA,Y,143,46,0,0,0,0,None,500,10,2008,WD,Normal,False,False,True,False,True
795,795,796,60,70.0,8400,None,Reg,Lvl,AllPub,Inside,Gtl,SawyerW,Norm,Norm,1Fam,2Story,6,6,1980,1981,Gable,CompShg,HdBoard,HdBoard,BrkFace,130.0,TA,TA,CBlock,Gd,TA,No,Unf,0,Unf,0,650,650,GasA,TA,SBrkr,888,676,0,1564,0,0,2,1,3,1,TA,7,Typ,1,TA,Attchd,1980.0,Unf,2,476,TA,TA,Y,0,50,0,0,204,0,MnPrv,0,4,2010,WD,Normal,False,False,True,False,True
796,796,797,20,71.0,8197,None,Reg,Lvl,AllPub,Inside,Gtl,Sawyer,Norm,Norm,1Fam,1Story,6,5,1977,1977,Gable,CompShg,Plywood,Plywood,BrkFace,148.0,TA,TA,CBlock,TA,TA,No,Unf,0,Unf,0,660,660,GasA,Ex,SBrkr,1285,0,0,1285,0,0,1,1,3,1,TA,7,Typ,1,TA,Attchd,1977.0,RFn,2,528,TA,TA,Y,138,0,0,0,0,0,MnPrv,0,4,2007,WD,Normal,False,False,True,False,True
797,797,798,20,57.0,7677,None,Reg,Lvl,AllPub,Inside,Gtl,NAmes,Norm,Norm,1Fam,1Story,5,5,1953,1953,Gable,CompShg,VinylSd,VinylSd,None,0.0,TA,TA,CBlock,TA,TA,No,BLQ,570,Unf,0,203,773,GasA,Gd,SBrkr,773,0,0,773,0,0,1,0,2,1,TA,4,Typ,0,None,Attchd,1953.0,Unf,1,240,TA,TA,Y,0,0,0,0,0,0,None,0,4,2008,WD,Abnorml,False,False,True,False,True
798,798,799,60,104.0,13518,None,Reg,Lvl,AllPub,Inside,Gtl,NridgHt,Norm,Norm,1Fam,2Story,9,5,2008,2009,Hip,CompShg,VinylSd,VinylSd,Stone,860.0,Ex,TA,PConc,Ex,TA,No,Unf,0,Unf,0,1926,1926,GasA,Ex,SBrkr,1966,1174,0,3140,0,0,3,1,4,1,Ex,11,Typ,2,Gd,BuiltIn,2009.0,Fin,3,820,TA,TA,Y,144,78,0,0,0,0,None,0,7,2009,New,Partial,False,False,True,False,True
799,799,800,50,60.0,7200,None,Reg,Lvl,AllPub,Corner,Gtl,SWISU,Feedr,Norm,1Fam,1.5Fin,5,7,1937,1950,Gable,CompShg,Wd Sdng,Wd Sdng,BrkFace,252.0,TA,TA,BrkTil,Gd,TA,No,ALQ,569,Unf,0,162,731,GasA,Ex,SBrkr,981,787,0,1768,1,0,1,1,3,1,Gd,7,Typ,2,TA,Detchd,1939.0,Unf,1,240,TA,TA,Y,0,0,264,0,0,0,MnPrv,0,6,2007,WD,Normal,False,False,True,False,True
800,800,801,60,79.0,12798,None,IR1,HLS,AllPub,Inside,Mod,ClearCr,Feedr,Norm,1Fam,2Story,6,5,1997,1997,Gable,CompShg,VinylSd,VinylSd,None,0.0,TA,TA,PConc,Gd,TA,Gd,GLQ,462,Unf,0,154,616,GasA,Gd,SBrkr,616,1072,0,1688,1,0,2,1,4,1,Gd,8,Typ,0,None,Attchd,1997.0,RFn,2,603,TA,TA,Y,403,114,185,0,0,0,None,400,5,2008,WD,Normal,False,False,True,False,True
801,801,802,30,40.0,4800,None,Reg,Lvl,AllPub,Inside,Gtl,IDOTRR,Norm,Norm,1Fam,1Story,4,7,1916,1990,Gable,CompShg,MetalSd,MetalSd,None,0.0,TA,TA,CBlock,TA,TA,No,LwQ,197,Unf,0,999,1196,GasA,Ex,FuseA,1196,0,0,1196,1,0,1,0,2,1,TA,5,Typ,0,None,Detchd,1957.0,Unf,2,440,TA,TA,Y,0,0,0,0,0,0,None,0,7,2007,WD,Normal,False,False,False,True,True
802,802,803,60,63.0,8199,None,Reg,Lvl,AllPub,Inside,Gtl,CollgCr,Norm,Norm,1Fam,2Story,7,5,2005,2005,Gable,CompShg,WdShing,Wd Shng,None,0.0,Gd,TA,PConc,Gd,TA,Av,GLQ,648,Unf,0,80,728,GasA,Ex,SBrkr,728,728,0,1456,1,0,2,1,3,1,Gd,7,Typ,1,Gd,Attchd,2005.0,Fin,2,410,TA,TA,Y,36,18,0,0,0,0,None,0,10,2008,WD,Normal,False,False,True,False,True
803,803,804,60,107.0,13891,None,Reg,Lvl,AllPub,Inside,Gtl,NridgHt,Norm,Norm,1Fam,2Story,9,5,2008,2009,Hip,CompShg,VinylSd,VinylSd,Stone,424.0,Ex,TA,PConc,Ex,TA,Gd,Unf,0,Unf,0,1734,1734,GasA,Ex,SBrkr,1734,1088,0,2822,0,0,3,1,4,1,Ex,12,Typ,1,Gd,BuiltIn,2009.0,RFn,3,1020,TA,TA,Y,52,170,0,0,192,0,None,0,1,2009,New,Partial,False,False,True,False,True
804,804,805,20,75.0,9000,None,Reg,Lvl,AllPub,Inside,Gtl,NAmes,Norm,Norm,1Fam,1Story,5,5,1954,1954,Gable,CompShg,Wd Sdng,Wd Sdng,None,0.0,TA,TA,CBlock,TA,TA,No,LwQ,812,Unf,0,124,936,GasA,TA,SBrkr,1128,0,0,1128,0,0,1,0,2,1,TA,5,Min1,0,None,Attchd,1954.0,Unf,1,286,TA,TA,Y,0,0,0,0,0,0,GdWo,0,6,2006,WD,Family,False,False,True,False,True
805,805,806,20,91.0,12274,None,IR1,Lvl,AllPub,FR2,Gtl,Somerst,Norm,Norm,1Fam,1Story,7,5,2008,2008,Gable,CompShg,VinylSd,VinylSd,Stone,256.0,Gd,TA,PConc,Gd,TA,No,Unf,0,Unf,0,1417,1417,GasA,Ex,SBrkr,1428,0,0,1428,0,0,2,0,3,1,Ex,6,Typ,0,None,Attchd,2008.0,RFn,2,554,TA,TA,Y,0,60,0,0,0,0,None,0,7,2008,New,Partial,False,False,True,False,True
806,806,807,80,75.0,9750,None,Reg,Lvl,AllPub,Inside,Gtl,NAmes,Norm,Norm,1Fam,SLvl,5,5,1967,1967,Gable,CompShg,VinylSd,VinylSd,None,0.0,TA,TA,PConc,TA,TA,Av,ALQ,400,Rec,480,100,980,GasA,Gd,SBrkr,980,0,0,980,0,0,2,0,3,1,TA,6,Typ,0,None,Attchd,1967.0,Fin,1,384,TA,TA,Y,68,0,0,0,0,0,None,0,10,2006,WD,Normal,False,False,True,False,True
807,807,808,70,144.0,21384,None,Reg,Lvl,AllPub,Inside,Gtl,BrkSide,Norm,Norm,1Fam,2Story,5,6,1923,2004,Gable,CompShg,Wd Sdng,Wd Sdng,None,0.0,TA,TA,CBlock,TA,TA,Gd,GLQ,1309,Unf,0,15,1324,GasA,Ex,SBrkr,1072,504,0,1576,2,0,1,1,3,1,Gd,6,Typ,1,TA,Attchd,1923.0,RFn,2,528,TA,TA,Y,0,312,0,0,0,0,None,0,5,2009,WD,Normal,False,False,True,False,True
808,808,809,80,85.0,13400,None,Reg,Lvl,AllPub,Inside,Gtl,NAmes,Norm,Norm,1Fam,SLvl,5,5,1966,1966,Gable,CompShg,VinylSd,VinylSd,BrkFace,1047.0,TA,TA,CBlock,TA,TA,Av,ALQ,516,BLQ,128,380,1024,GasA,TA,SBrkr,1086,0,0,1086,1,0,1,0,3,1,TA,6,Typ,1,Gd,Attchd,1966.0,RFn,2,484,TA,TA,Y,0,0,0,0,0,0,GdWo,0,6,2006,WD,Normal,False,False,True,False,True
809,809,810,75,90.0,8100,None,Reg,Lvl,AllPub,Corner,Gtl,OldTown,Norm,Norm,1Fam,2.5Unf,5,5,1898,1965,Hip,CompShg,AsbShng,AsbShng,None,0.0,TA,TA,PConc,TA,TA,No,Unf,0,Unf,0,849,849,GasA,TA,FuseA,1075,1063,0,2138,0,0,2,0,2,3,TA,11,Typ,0,None,Detchd,1910.0,Unf,2,360,Fa,Po,N,40,156,0,0,0,0,MnPrv,0,11,2009,WD,Normal,False,False,False,True,True
810,810,811,20,78.0,10140,None,Reg,Lvl,AllPub,Inside,Gtl,NWAmes,Norm,Norm,1Fam,1Story,6,6,1974,1999,Hip,CompShg,HdBoard,HdBoard,BrkFace,99.0,TA,TA,CBlock,TA,TA,No,ALQ,663,LwQ,377,0,1040,GasA,Fa,SBrkr,1309,0,0,1309,1,0,1,1,3,1,Gd,5,Typ,1,Fa,Attchd,1974.0,RFn,2,484,TA,TA,Y,265,0,0,0,0,648,GdPrv,0,1,2006,WD,Normal,False,False,True,False,True
811,811,812,120,69.0,4438,None,Reg,Lvl,AllPub,Inside,Gtl,CollgCr,Norm,Norm,TwnhsE,1Story,6,5,2004,2004,Gable,CompShg,VinylSd,VinylSd,BrkFace,169.0,Gd,TA,PConc,Gd,TA,Gd,GLQ,662,Unf,0,186,848,GasA,Ex,SBrkr,848,0,0,848,1,0,1,0,1,1,Gd,4,Typ,1,Gd,Attchd,2004.0,Fin,2,420,TA,TA,Y,140,0,0,0,0,0,None,0,6,2008,ConLD,Normal,False,False,False,True,True
812,812,813,20,66.0,8712,None,Reg,Bnk,AllPub,Inside,Mod,IDOTRR,Norm,Norm,1Fam,1Story,5,5,1952,1952,Hip,CompShg,Wd Sdng,Wd Sdng,None,0.0,Fa,TA,CBlock,TA,TA,Av,Unf,0,Unf,0,540,540,GasA,TA,FuseA,1044,0,0,1044,0,0,1,0,2,1,Fa,4,Typ,0,None,Basment,1952.0,Unf,2,504,TA,TA,N,0,0,0,0,0,0,None,54,6,2010,WD,Alloca,False,False,False,False,False
813,813,814,20,75.0,9750,None,Reg,Lvl,AllPub,Inside,Gtl,NAmes,Norm,Norm,1Fam,1Story,6,6,1958,1958,Gable,CompShg,MetalSd,MetalSd,BrkFace,243.0,TA,TA,CBlock,TA,TA,No,Rec,608,Unf,0,834,1442,GasA,Gd,SBrkr,1442,0,0,1442,0,0,1,1,4,1,TA,7,Typ,0,None,Attchd,1958.0,RFn,1,301,TA,TA,Y,0,0,275,0,0,0,None,500,4,2007,COD,Normal,False,False,True,False,True
814,814,815,50,45.0,8248,Grvl,Reg,Lvl,AllPub,Inside,Gtl,Edwards,Norm,Norm,1Fam,1.5Fin,5,7,1918,1950,Gable,CompShg,Stucco,Stucco,None,0.0,TA,TA,BrkTil,TA,TA,No,Unf,0,Unf,0,686,686,GasW,Gd,SBrkr,686,564,0,1250,0,1,1,1,3,1,Fa,7,Typ,0,None,Detchd,1955.0,Unf,1,280,TA,TA,P,207,0,96,0,0,0,None,0,7,2006,WD,Normal,False,False,True,False,True
815,815,816,20,48.0,12137,None,IR2,Lvl,AllPub,CulDSac,Gtl,CollgCr,Norm,Norm,1Fam,1Story,7,5,1998,1998,Gable,CompShg,VinylSd,VinylSd,BrkFace,442.0,TA,TA,PConc,Gd,TA,No,Unf,0,Unf,0,1649,1649,GasA,Ex,SBrkr,1661,0,0,1661,0,0,2,0,3,1,Gd,6,Typ,0,None,Attchd,1998.0,RFn,2,598,TA,TA,Y,0,34,0,0,0,0,None,0,5,2010,WD,Normal,False,False,True,False,True
816,816,817,20,69.0,11425,None,IR1,Lvl,AllPub,Corner,Gtl,NAmes,Norm,Norm,1Fam,1Story,5,6,1954,1954,Gable,CompShg,BrkFace,BrkFace,None,0.0,TA,TA,CBlock,TA,TA,No,BLQ,486,Unf,0,522,1008,GasA,Gd,SBrkr,1008,0,0,1008,0,0,1,0,2,1,TA,4,Typ,1,Gd,Attchd,1954.0,RFn,1,275,TA,TA,Y,0,0,120,0,0,0,None,0,7,2006,WD,Normal,False,False,True,False,True
817,817,818,20,69.0,13265,None,IR1,Lvl,AllPub,CulDSac,Gtl,Mitchel,Norm,Norm,1Fam,1Story,8,5,2002,2002,Hip,CompShg,CemntBd,CmentBd,BrkFace,148.0,Gd,TA,PConc,Gd,TA,No,GLQ,1218,Unf,0,350,1568,GasA,Ex,SBrkr,1689,0,0,1689,1,0,2,0,3,1,Gd,7,Typ,2,Gd,Attchd,2002.0,RFn,3,857,TA,TA,Y,150,59,0,0,0,0,None,0,7,2008,WD,Normal,False,False,True,False,True
818,818,819,80,80.0,8816,None,Reg,Lvl,AllPub,Inside,Gtl,ClearCr,Norm,Norm,1Fam,SLvl,6,7,1971,1971,Gable,CompShg,HdBoard,HdBoard,BrkFace,80.0,TA,TA,CBlock,TA,TA,Av,GLQ,504,Unf,0,506,1010,GasA,Gd,SBrkr,1052,0,0,1052,1,0,1,0,3,1,TA,6,Typ,0,None,Attchd,1971.0,Unf,2,440,TA,TA,Y,0,0,0,0,0,0,MnPrv,0,6,2010,WD,Normal,False,False,True,False,True
819,819,820,120,44.0,6371,None,IR1,Lvl,AllPub,Inside,Gtl,NridgHt,Norm,Norm,TwnhsE,1Story,7,5,2009,2010,Gable,CompShg,VinylSd,VinylSd,Stone,128.0,Gd,TA,PConc,Gd,TA,Mn,GLQ,733,Unf,0,625,1358,GasA,Ex,SBrkr,1358,0,0,1358,1,0,2,0,2,1,Gd,6,Typ,1,Gd,Attchd,2010.0,RFn,2,484,TA,TA,Y,192,35,0,0,0,0,None,0,6,2010,New,Partial,False,False,True,False,True
820,820,821,60,72.0,7226,None,IR1,Lvl,AllPub,CulDSac,Gtl,CollgCr,Norm,Norm,1Fam,2Story,7,5,2003,2003,Gable,CompShg,VinylSd,VinylSd,None,0.0,Gd,TA,PConc,Gd,TA,No,Unf,0,Unf,0,798,798,GasA,Ex,SBrkr,798,842,0,1640,0,0,2,1,3,1,Gd,6,Typ,0,None,Attchd,2003.0,RFn,2,595,TA,TA,Y,0,45,0,0,0,0,None,0,6,2008,WD,Normal,False,False,True,False,True
821,821,822,20,60.0,6000,Pave,Reg,Bnk,AllPub,Inside,Mod,OldTown,Norm,Norm,2fmCon,1Story,4,4,1953,1953,Gable,CompShg,MetalSd,MetalSd,None,0.0,Fa,TA,CBlock,Fa,TA,No,Unf,0,Unf,0,936,936,GasA,TA,SBrkr,936,0,0,936,0,0,1,0,2,1,TA,4,Min2,0,None,Detchd,1974.0,Unf,2,576,TA,TA,Y,0,32,112,0,0,0,None,0,2,2009,WD,Normal,False,False,False,True,True
822,822,823,60,69.0,12394,None,IR1,Lvl,AllPub,Corner,Gtl,Gilbert,Norm,Norm,1Fam,2Story,7,5,2003,2003,Gable,CompShg,VinylSd,VinylSd,None,0.0,Gd,TA,PConc,Gd,TA,Gd,Unf,0,Unf,0,847,847,GasA,Ex,SBrkr,847,886,0,1733,0,0,2,1,3,1,Gd,7,Typ,1,Gd,BuiltIn,2003.0,Fin,2,433,TA,TA,Y,100,48,0,0,0,0,None,0,10,2007,WD,Family,False,False,True,False,True
823,823,824,50,60.0,9900,None,Reg,Lvl,AllPub,Inside,Gtl,SWISU,Norm,Norm,1Fam,1.5Fin,6,7,1940,1950,Gable,CompShg,VinylSd,VinylSd,None,0.0,TA,TA,BrkTil,TA,TA,No,Unf,0,Unf,0,778,778,GasA,TA,SBrkr,944,545,0,1489,0,0,2,0,3,1,TA,7,Typ,1,Gd,Detchd,1940.0,Unf,1,240,TA,TA,Y,335,0,0,0,0,0,GdWo,0,7,2009,WD,Normal,False,False,True,False,True
824,824,825,20,81.0,11216,None,Reg,Lvl,AllPub,Inside,Gtl,Somerst,Norm,Norm,1Fam,1Story,8,5,2006,2006,Gable,CompShg,VinylSd,VinylSd,None,0.0,Gd,TA,PConc,Gd,Gd,No,Unf,0,Unf,0,1489,1489,GasA,Ex,SBrkr,1489,0,0,1489,0,0,2,0,3,1,Gd,7,Typ,1,Gd,Attchd,2006.0,RFn,2,776,TA,TA,Y,0,140,0,0,0,0,None,0,6,2006,New,Partial,True,False,False,False,True
825,825,826,20,114.0,14803,None,Reg,Lvl,AllPub,Inside,Gtl,NridgHt,PosN,PosN,1Fam,1Story,10,5,2007,2008,Hip,CompShg,CemntBd,CmentBd,BrkFace,816.0,Ex,TA,PConc,Ex,TA,Av,GLQ,1636,Unf,0,442,2078,GasA,Ex,SBrkr,2084,0,0,2084,1,0,2,0,2,1,Ex,7,Typ,1,Gd,Attchd,2007.0,Fin,3,1220,TA,TA,Y,188,45,0,0,0,0,None,0,6,2008,New,Partial,False,False,True,False,True
826,826,827,45,50.0,6130,None,Reg,Lvl,AllPub,Inside,Gtl,BrkSide,Norm,Norm,1Fam,1.5Unf,5,6,1924,1950,Gable,CompShg,MetalSd,MetalSd,None,0.0,TA,TA,BrkTil,TA,TA,No,ALQ,784,Unf,0,0,784,GasA,Gd,SBrkr,784,0,0,784,1,0,1,0,2,1,Gd,5,Typ,0,None,None,1980.0,None,0,0,None,None,Y,0,0,116,0,0,0,None,0,5,2008,WD,Normal,False,False,False,True,True
827,827,828,20,65.0,8529,None,IR1,Lvl,AllPub,Inside,Gtl,SawyerW,Norm,Norm,1Fam,1Story,7,5,2001,2001,Gable,CompShg,VinylSd,VinylSd,None,0.0,Gd,TA,PConc,Gd,TA,No,GLQ,20,Unf,0,1434,1454,GasA,Ex,SBrkr,1434,0,0,1434,0,0,2,0,3,1,Gd,6,Typ,1,TA,Attchd,2001.0,RFn,2,527,TA,TA,Y,290,39,0,0,0,0,None,0,4,2009,WD,Normal,False,False,True,False,True
828,828,829,60,69.0,28698,None,IR2,Low,AllPub,CulDSac,Sev,ClearCr,Norm,Norm,1Fam,2Story,5,5,1967,1967,Flat,Tar&Grv,Plywood,Plywood,None,0.0,TA,TA,PConc,TA,Gd,Gd,LwQ,249,ALQ,764,0,1013,GasA,TA,SBrkr,1160,966,0,2126,0,1,2,1,3,1,TA,7,Min2,0,None,Attchd,1967.0,Fin,2,538,TA,TA,Y,486,0,0,0,225,0,None,0,6,2009,WD,Abnorml,False,False,True,False,True
829,829,830,160,24.0,2544,Pave,Reg,Lvl,AllPub,Inside,Gtl,Somerst,Norm,Norm,Twnhs,2Story,7,5,2005,2005,Gable,CompShg,MetalSd,MetalSd,None,0.0,Gd,TA,PConc,Gd,TA,No,Unf,0,Unf,0,600,600,GasA,Ex,SBrkr,520,623,80,1223,0,0,2,1,2,1,Gd,4,Typ,0,None,Detchd,2005.0,RFn,2,480,TA,TA,Y,0,166,0,0,0,0,None,0,7,2006,WD,Normal,True,False,False,False,True
830,830,831,20,80.0,11900,None,IR1,Lvl,AllPub,Corner,Gtl,NAmes,Norm,Norm,1Fam,1Story,6,5,1957,1957,Gable,CompShg,HdBoard,HdBoard,BrkFace,387.0,TA,TA,CBlock,TA,TA,No,Rec,1040,Unf,0,352,1392,GasA,TA,FuseA,1392,0,0,1392,1,0,1,1,3,1,TA,6,Typ,2,Gd,Attchd,1957.0,RFn,2,458,TA,TA,Y,0,0,0,0,192,0,None,0,6,2008,WD,Normal,False,False,True,False,True
831,831,832,160,30.0,3180,Pave,Reg,Lvl,AllPub,Inside,Gtl,Somerst,Norm,Norm,TwnhsE,2Story,7,5,2005,2005,Gable,CompShg,MetalSd,MetalSd,None,0.0,TA,TA,PConc,Gd,TA,No,Unf,0,Unf,0,600,600,GasA,Ex,SBrkr,520,600,80,1200,0,0,2,1,2,1,Gd,4,Typ,0,None,Detchd,2005.0,RFn,2,480,TA,TA,Y,0,166,0,0,0,0,None,0,6,2006,WD,Normal,True,False,False,False,True
832,832,833,60,44.0,9548,None,IR1,Lvl,AllPub,CulDSac,Gtl,CollgCr,Norm,Norm,1Fam,2Story,7,6,2003,2003,Gable,CompShg,VinylSd,VinylSd,BrkFace,223.0,Gd,TA,PConc,Gd,TA,No,GLQ,483,Unf,0,458,941,GasA,Ex,SBrkr,941,888,0,1829,1,0,2,1,3,1,Gd,7,Typ,1,TA,Attchd,2003.0,RFn,2,613,TA,TA,Y,192,39,0,0,0,0,None,0,1,2010,WD,Normal,False,False,True,False,True
833,833,834,20,100.0,10004,None,Reg,Lvl,AllPub,Inside,Gtl,NAmes,Norm,Norm,1Fam,1Story,6,6,1964,1964,Gable,CompShg,HdBoard,Plywood,BrkFace,180.0,TA,TA,CBlock,TA,TA,No,Rec,196,BLQ,345,975,1516,GasA,TA,SBrkr,1516,0,0,1516,0,0,1,1,3,1,TA,6,Typ,0,None,Attchd,1964.0,RFn,2,472,TA,TA,Y,0,0,0,0,152,0,None,0,2,2009,WD,Normal,False,False,True,False,True
834,834,835,20,75.0,7875,None,Reg,Lvl,AllPub,Inside,Gtl,NAmes,Norm,Norm,1Fam,1Story,5,6,1961,1961,Gable,CompShg,VinylSd,VinylSd,BrkFace,136.0,TA,TA,CBlock,TA,TA,No,Rec,572,Unf,0,572,1144,GasA,Gd,SBrkr,1144,0,0,1144,1,0,1,0,3,1,TA,6,Typ,0,None,Attchd,1961.0,Unf,2,456,TA,TA,Y,0,0,0,0,0,0,GdWo,0,9,2008,WD,Normal,False,False,True,False,True
835,835,836,20,60.0,9600,None,Reg,Lvl,AllPub,Inside,Gtl,Sawyer,Norm,Norm,1Fam,1Story,4,7,1950,1995,Gable,CompShg,VinylSd,HdBoard,None,0.0,TA,TA,CBlock,Gd,TA,No,BLQ,442,Unf,0,625,1067,GasA,TA,SBrkr,1067,0,0,1067,0,0,2,0,2,1,Gd,4,Min2,0,None,Attchd,1996.0,Unf,2,436,TA,TA,Y,290,0,0,0,0,0,None,0,2,2010,WD,Normal,False,False,True,False,True
836,836,837,30,90.0,8100,Pave,Reg,Lvl,AllPub,Inside,Gtl,OldTown,Norm,Norm,1Fam,1Story,5,6,1948,1973,Gable,CompShg,VinylSd,VinylSd,None,0.0,TA,TA,BrkTil,TA,TA,No,Rec,338,Unf,0,1221,1559,GasA,Gd,SBrkr,1559,0,0,1559,1,0,1,0,2,1,TA,5,Min2,0,None,Detchd,1948.0,Unf,2,812,TA,TA,Y,0,116,230,0,0,0,GdWo,0,6,2007,COD,Normal,False,False,False,True,True
837,837,838,160,21.0,1680,None,Reg,Lvl,AllPub,Inside,Gtl,BrDale,Norm,Norm,Twnhs,2Story,6,5,1973,1973,Gable,CompShg,HdBoard,HdBoard,BrkFace,158.0,TA,TA,CBlock,TA,TA,No,BLQ,330,Unf,0,153,483,GasA,TA,SBrkr,483,504,0,987,1,0,1,1,2,1,TA,5,Typ,0,None,Detchd,1973.0,Unf,1,264,TA,TA,Y,0,0,0,0,0,0,None,0,11,2008,WD,Normal,False,False,False,True,True
838,838,839,20,75.0,9525,None,Reg,Lvl,AllPub,Inside,Gtl,CollgCr,Norm,Norm,1Fam,1Story,5,6,1995,2006,Gable,CompShg,VinylSd,VinylSd,None,0.0,TA,TA,PConc,Gd,TA,No,Unf,0,Unf,0,1099,1099,GasA,Ex,SBrkr,1099,0,0,1099,0,0,1,1,3,1,Gd,6,Typ,0,None,Attchd,1999.0,Unf,1,352,TA,TA,Y,278,0,0,0,0,0,None,0,6,2008,WD,Normal,False,False,True,False,True
839,839,840,50,70.0,11767,None,Reg,Lvl,AllPub,Inside,Gtl,Edwards,Norm,Norm,1Fam,1.5Fin,5,6,1946,1995,Gable,CompShg,MetalSd,MetalSd,None,0.0,TA,TA,CBlock,TA,TA,No,BLQ,352,Unf,0,416,768,GasA,Ex,SBrkr,768,432,0,1200,0,0,1,0,3,1,TA,6,Typ,0,None,Detchd,1946.0,Unf,1,240,TA,TA,Y,0,0,0,0,0,0,None,0,5,2008,WD,Normal,False,False,True,False,True
840,840,841,70,69.0,12155,None,IR1,Lvl,AllPub,Inside,Gtl,SWISU,Norm,Norm,1Fam,2Story,6,8,1925,1950,Gable,CompShg,Wd Sdng,Wd Sdng,None,0.0,TA,TA,BrkTil,TA,TA,No,BLQ,156,Unf,0,516,672,GasA,TA,SBrkr,810,672,0,1482,0,0,2,0,4,1,Fa,7,Typ,0,None,Detchd,1934.0,Unf,1,400,TA,TA,P,0,0,254,0,0,0,None,0,3,2008,WD,Normal,False,True,False,False,True
841,841,842,70,60.0,10440,Grvl,Reg,Lvl,AllPub,Inside,Gtl,OldTown,Norm,Norm,1Fam,2Story,5,8,1904,2002,Gable,CompShg,MetalSd,MetalSd,None,0.0,TA,TA,PConc,TA,TA,No,Unf,0,Unf,0,650,650,GasA,Gd,SBrkr,958,581,0,1539,0,0,2,0,3,1,Gd,8,Typ,1,Po,Detchd,1983.0,Unf,2,686,Gd,TA,P,70,78,68,0,0,0,None,0,6,2008,WD,Normal,False,False,False,True,True
842,842,843,80,82.0,9020,None,Reg,Lvl,AllPub,Inside,Gtl,NAmes,Norm,Norm,1Fam,SLvl,6,7,1966,1966,Gable,CompShg,HdBoard,HdBoard,BrkFace,183.0,TA,TA,CBlock,TA,TA,Gd,Rec,312,ALQ,539,276,1127,GasA,TA,SBrkr,1165,0,0,1165,1,0,1,1,3,1,TA,6,Typ,0,None,Attchd,1966.0,RFn,2,490,Gd,Gd,Y,0,129,0,0,0,0,GdPrv,0,5,2008,WD,Normal,False,False,True,False,True
843,843,844,90,80.0,8000,None,Reg,Lvl,AllPub,Corner,Gtl,NAmes,Artery,Norm,Duplex,1Story,5,4,1961,1961,Gable,CompShg,BrkFace,BrkFace,None,0.0,TA,TA,CBlock,TA,TA,No,Unf,0,Unf,0,1800,1800,GasA,Ex,SBrkr,1800,0,0,1800,0,0,2,0,6,2,TA,10,Typ,0,None,None,1980.0,None,0,0,None,None,Y,0,0,0,0,0,0,None,0,7,2007,WD,Normal,False,False,True,False,True
844,844,845,50,100.0,12665,Grvl,IR1,Lvl,AllPub,Inside,Gtl,OldTown,Artery,Norm,1Fam,1.5Fin,5,8,1915,1950,Gable,CompShg,Wd Sdng,Wd Sdng,None,0.0,TA,TA,BrkTil,TA,TA,Mn,Unf,0,Unf,0,876,876,GasA,Gd,SBrkr,876,540,0,1416,0,0,1,1,4,1,TA,7,Typ,1,Gd,Detchd,1949.0,Unf,3,720,TA,TA,Y,418,0,194,0,0,0,None,0,6,2008,WD,Normal,False,False,False,True,True
845,845,846,85,69.0,16647,None,IR1,Lvl,AllPub,CulDSac,Gtl,Sawyer,RRAe,Norm,1Fam,SFoyer,5,5,1975,1981,Gable,CompShg,HdBoard,HdBoard,None,0.0,TA,TA,CBlock,Gd,TA,Gd,ALQ,1390,Unf,0,0,1390,GasA,TA,SBrkr,1701,0,0,1701,1,0,2,0,3,1,TA,6,Min2,2,TA,Basment,1975.0,Fin,2,611,TA,TA,Y,0,0,0,0,0,0,None,0,1,2007,WD,Normal,False,False,True,False,True
846,846,847,60,75.0,9317,None,Reg,Lvl,AllPub,Inside,Gtl,SawyerW,Norm,Norm,1Fam,2Story,7,5,1993,1993,Gable,CompShg,HdBoard,HdBoard,BrkFace,137.0,Gd,TA,PConc,Gd,TA,No,ALQ,513,Unf,0,227,740,GasA,Ex,SBrkr,1006,769,0,1775,1,0,2,1,3,1,Gd,7,Typ,1,TA,Attchd,1993.0,Unf,2,425,TA,TA,Y,234,72,192,0,0,0,None,0,7,2009,WD,Normal,False,False,True,False,True
847,847,848,20,36.0,15523,None,IR1,Lvl,AllPub,CulDSac,Gtl,CollgCr,Norm,Norm,1Fam,1Story,5,6,1972,1972,Gable,CompShg,HdBoard,Plywood,None,0.0,TA,TA,CBlock,TA,TA,Av,BLQ,460,Unf,0,404,864,GasA,Ex,SBrkr,864,0,0,864,1,0,1,0,3,1,TA,5,Typ,1,Fa,Attchd,1972.0,Unf,1,338,TA,TA,Y,0,0,0,0,0,0,None,0,8,2009,WD,Normal,False,False,True,False,True
848,848,849,50,75.0,45600,None,IR2,Bnk,AllPub,Inside,Gtl,ClearCr,Norm,Norm,1Fam,1.5Fin,6,8,1908,1997,Gable,CompShg,Wd Sdng,Wd Sdng,None,0.0,TA,TA,BrkTil,TA,TA,No,Unf,0,Unf,0,907,907,GasA,TA,SBrkr,1307,1051,0,2358,0,0,3,0,5,1,TA,10,Typ,1,Gd,Detchd,1908.0,Unf,2,360,Fa,TA,Y,486,40,0,0,175,0,None,0,9,2008,WD,Normal,False,False,True,False,True
849,849,850,80,80.0,9600,None,Reg,Lvl,AllPub,FR2,Gtl,Veenker,Feedr,Norm,1Fam,SLvl,6,7,1976,1994,Hip,CompShg,Plywood,Plywood,BrkFace,360.0,Gd,Gd,CBlock,TA,TA,No,Unf,0,Unf,0,528,528,GasA,Ex,SBrkr,1094,761,0,1855,0,0,2,1,3,1,TA,7,Typ,1,TA,Attchd,1976.0,RFn,2,512,TA,TA,Y,113,100,0,0,0,0,None,0,8,2007,WD,Normal,False,False,True,False,True
850,850,851,120,36.0,4435,None,Reg,Lvl,AllPub,Inside,Gtl,CollgCr,Norm,Norm,TwnhsE,1Story,6,5,2003,2003,Gable,CompShg,VinylSd,VinylSd,BrkFace,170.0,Gd,TA,PConc,Gd,TA,Av,GLQ,659,Unf,0,189,848,GasA,Ex,SBrkr,848,0,0,848,1,0,1,0,1,1,Gd,3,Typ,0,None,Attchd,2003.0,Fin,2,420,TA,TA,Y,140,0,0,0,0,0,None,0,11,2007,WD,Normal,False,False,False,True,True
851,851,852,120,69.0,3196,None,Reg,Lvl,AllPub,Inside,Gtl,Blmngtn,Norm,Norm,TwnhsE,1Story,8,5,2003,2003,Gable,CompShg,VinylSd,VinylSd,BrkFace,40.0,Gd,TA,PConc,Gd,TA,Gd,Unf,0,Unf,0,1273,1273,GasA,Ex,SBrkr,1456,0,0,1456,0,0,2,0,2,1,Gd,7,Typ,1,TA,Attchd,2003.0,Fin,2,400,TA,TA,Y,143,20,0,0,0,0,None,0,5,2006,WD,Normal,False,False,True,False,True
852,852,853,75,53.0,7128,None,Reg,Lvl,AllPub,Inside,Gtl,Crawfor,Norm,Norm,1Fam,2.5Unf,7,5,1941,1950,Gable,CompShg,MetalSd,MetalSd,None,0.0,TA,Gd,CBlock,TA,TA,No,Rec,364,Unf,0,554,918,GasA,Gd,SBrkr,918,728,0,1646,0,0,2,0,4,1,TA,7,Typ,2,Gd,Detchd,1941.0,Unf,1,240,TA,TA,Y,0,0,0,0,126,0,MnPrv,0,8,2007,WD,Normal,False,False,True,False,True
853,853,854,80,69.0,12095,None,IR1,Lvl,AllPub,Corner,Gtl,NAmes,Norm,Norm,1Fam,SLvl,6,6,1964,1964,Gable,CompShg,MetalSd,HdBoard,BrkFace,115.0,TA,Gd,CBlock,TA,TA,Gd,Rec,564,Unf,0,563,1127,GasA,TA,SBrkr,1445,0,0,1445,0,0,1,1,3,1,TA,7,Typ,1,Fa,Attchd,1964.0,RFn,2,645,TA,TA,Y,180,0,0,0,0,0,MnPrv,0,8,2009,WD,Normal,False,False,True,False,True
854,854,855,20,102.0,17920,None,Reg,Lvl,AllPub,Inside,Gtl,Sawyer,Norm,Norm,1Fam,1Story,5,4,1955,1974,Hip,CompShg,Wd Sdng,Plywood,None,0.0,TA,TA,CBlock,TA,TA,Mn,ALQ,306,Rec,1085,372,1763,GasA,TA,SBrkr,1779,0,0,1779,1,0,1,1,3,1,TA,6,Typ,1,Gd,Attchd,1955.0,Unf,2,454,TA,TA,Y,0,418,0,0,312,0,None,0,7,2006,WD,Abnorml,False,False,True,False,True
855,855,856,20,69.0,6897,None,IR1,Lvl,AllPub,Corner,Gtl,Sawyer,Norm,Norm,1Fam,1Story,5,8,1962,2010,Gable,CompShg,HdBoard,HdBoard,None,0.0,TA,Gd,CBlock,TA,TA,No,ALQ,659,Unf,0,381,1040,GasA,Ex,SBrkr,1040,0,0,1040,1,0,1,1,3,1,TA,6,Typ,0,None,Detchd,1962.0,Unf,1,260,TA,TA,Y,0,104,0,0,0,0,None,0,4,2010,WD,Normal,False,False,True,False,True
856,856,857,80,69.0,10970,None,IR1,Low,AllPub,Inside,Mod,CollgCr,Norm,Norm,1Fam,SLvl,6,6,1978,1978,Gable,CompShg,Plywood,HdBoard,None,0.0,TA,TA,CBlock,Gd,Gd,Gd,GLQ,505,LwQ,435,0,940,GasA,TA,SBrkr,1026,0,0,1026,1,0,1,0,3,1,TA,5,Typ,0,None,Detchd,1981.0,Unf,2,576,TA,Fa,Y,0,0,34,0,0,0,MnPrv,0,10,2008,WD,Normal,False,False,True,False,True
857,857,858,60,65.0,8125,None,Reg,Lvl,AllPub,Inside,Gtl,Gilbert,Norm,Norm,1Fam,2Story,6,5,1994,1995,Gable,CompShg,HdBoard,HdBoard,None,0.0,TA,TA,PConc,Gd,TA,No,Unf,0,Unf,0,702,702,GasA,Gd,SBrkr,702,779,0,1481,0,0,2,1,3,1,TA,6,Typ,1,TA,Attchd,1994.0,Fin,2,343,TA,TA,Y,0,36,0,0,0,0,None,0,3,2009,WD,Normal,False,False,True,False,True
858,858,859,20,80.0,10400,None,Reg,Lvl,AllPub,Inside,Gtl,NWAmes,Norm,Norm,1Fam,1Story,7,5,1976,1976,Gable,CompShg,HdBoard,HdBoard,BrkFace,189.0,TA,TA,CBlock,Gd,TA,No,Unf,0,Unf,0,1090,1090,GasA,TA,SBrkr,1370,0,0,1370,0,0,2,0,3,1,TA,6,Typ,1,TA,Attchd,1976.0,RFn,2,479,TA,TA,Y,0,0,0,0,0,0,MnPrv,0,6,2009,WD,Family,False,False,True,False,True
859,859,860,60,69.0,11029,None,IR1,Lvl,AllPub,Corner,Gtl,NWAmes,PosA,Norm,1Fam,2Story,6,7,1968,1984,Gable,CompShg,HdBoard,HdBoard,BrkFace,220.0,TA,TA,CBlock,TA,TA,Mn,BLQ,619,Unf,0,435,1054,GasA,TA,SBrkr,1512,1142,0,2654,1,0,2,1,4,1,Gd,9,Typ,1,Gd,Attchd,1968.0,Unf,2,619,TA,TA,Y,0,65,0,0,222,0,None,0,8,2006,WD,Normal,False,False,True,False,True
860,860,861,50,55.0,7642,None,Reg,Lvl,AllPub,Corner,Gtl,Crawfor,Norm,Norm,1Fam,1.5Fin,7,8,1918,1998,Gable,CompShg,Wd Sdng,Wd Sdng,None,0.0,Gd,TA,BrkTil,TA,TA,No,Unf,0,Unf,0,912,912,GasA,Gd,SBrkr,912,514,0,1426,0,0,1,1,3,1,Gd,7,Typ,1,Gd,Detchd,1925.0,Unf,1,216,TA,TA,Y,0,240,0,0,0,0,GdPrv,0,6,2007,WD,Normal,False,False,True,False,True
861,861,862,190,75.0,11625,None,Reg,Lvl,AllPub,Inside,Gtl,Sawyer,Norm,Norm,2fmCon,1Story,5,4,1965,1965,Hip,CompShg,Plywood,HdBoard,None,0.0,TA,TA,PConc,TA,TA,Mn,BLQ,841,Unf,0,198,1039,GasA,Ex,SBrkr,1039,0,0,1039,1,0,1,1,3,1,TA,6,Typ,0,None,Attchd,1965.0,Unf,2,504,TA,TA,Y,0,0,0,0,0,0,None,0,4,2010,WD,Normal,False,False,True,False,True
862,862,863,20,81.0,9672,None,Reg,Lvl,AllPub,Corner,Gtl,SawyerW,Norm,Norm,1Fam,1Story,6,5,1984,1985,Hip,CompShg,HdBoard,Plywood,None,0.0,TA,TA,PConc,Gd,TA,No,GLQ,338,Unf,0,702,1040,GasA,TA,SBrkr,1097,0,0,1097,0,0,2,0,3,1,TA,6,Typ,0,None,Attchd,1986.0,Unf,2,480,TA,TA,Y,0,0,0,0,0,0,GdPrv,0,5,2010,WD,Normal,False,False,True,False,True
863,863,864,20,70.0,7931,None,Reg,Lvl,AllPub,Inside,Gtl,NAmes,Norm,Norm,1Fam,1Story,5,5,1959,1959,Hip,CompShg,BrkFace,Plywood,None,0.0,TA,TA,CBlock,TA,TA,No,BLQ,1148,Unf,0,0,1148,GasA,TA,SBrkr,1148,0,0,1148,1,0,1,0,3,1,TA,6,Typ,0,None,Attchd,1959.0,Unf,1,672,TA,TA,Y,0,0,0,0,0,0,GdPrv,0,7,2009,WD,Normal,False,False,True,False,True
864,864,865,20,72.0,8640,None,Reg,Lvl,AllPub,Inside,Gtl,Somerst,Norm,Norm,1Fam,1Story,7,5,2007,2008,Gable,CompShg,VinylSd,VinylSd,None,0.0,Gd,TA,PConc,Ex,TA,No,Unf,0,Unf,0,1372,1372,GasA,Ex,SBrkr,1372,0,0,1372,0,0,2,0,3,1,Gd,6,Typ,0,None,Attchd,2008.0,Fin,2,529,TA,TA,Y,0,140,0,0,0,0,None,0,5,2008,New,Partial,True,False,False,False,True
865,865,866,20,69.0,8750,None,IR1,Lvl,AllPub,Inside,Gtl,NAmes,Norm,Norm,1Fam,1Story,5,6,1970,1970,Gable,CompShg,MetalSd,MetalSd,BrkFace,76.0,TA,TA,CBlock,TA,TA,No,BLQ,828,Unf,0,174,1002,GasA,TA,SBrkr,1002,0,0,1002,1,0,1,0,3,1,TA,5,Typ,0,None,Detchd,1973.0,Unf,2,902,TA,TA,Y,0,0,0,0,0,0,MnPrv,0,8,2009,WD,Normal,False,False,True,False,True
866,866,867,20,67.0,10656,None,IR1,HLS,AllPub,Inside,Gtl,Timber,Norm,Norm,1Fam,1Story,8,5,2006,2007,Gable,CompShg,VinylSd,VinylSd,Stone,274.0,Gd,TA,PConc,Gd,TA,Av,Unf,0,Unf,0,1638,1638,GasA,Ex,SBrkr,1646,0,0,1646,0,0,2,0,3,1,Gd,6,Typ,1,Gd,Attchd,2007.0,RFn,3,870,TA,TA,Y,192,80,0,0,0,0,None,0,11,2007,New,Partial,False,False,True,False,True
867,867,868,20,85.0,6970,None,Reg,Lvl,AllPub,Corner,Gtl,Sawyer,Feedr,Norm,1Fam,1Story,4,5,1961,1961,Gable,CompShg,VinylSd,VinylSd,None,0.0,TA,TA,CBlock,TA,TA,No,ALQ,932,Unf,0,108,1040,GasA,TA,SBrkr,1120,0,0,1120,1,0,1,1,3,1,Fa,5,Typ,0,None,Attchd,1961.0,RFn,2,544,TA,TA,Y,168,0,0,0,0,0,None,400,5,2007,WD,Normal,False,False,True,False,True
868,868,869,60,69.0,14762,None,IR2,Lvl,AllPub,Corner,Gtl,Gilbert,Feedr,Norm,1Fam,2Story,5,6,1948,1950,Gable,CompShg,Plywood,Plywood,None,0.0,TA,TA,Slab,None,None,None,None,0,None,0,0,0,GasA,Gd,SBrkr,1547,720,53,2320,0,0,2,0,2,1,TA,7,Typ,1,TA,Attchd,1979.0,Unf,2,672,TA,TA,P,120,144,0,0,0,0,None,0,5,2006,WD,Normal,False,False,True,False,True
869,869,870,60,80.0,9938,None,Reg,Lvl,AllPub,Inside,Gtl,SawyerW,Norm,Norm,1Fam,2Story,7,5,1993,1994,Gable,CompShg,MetalSd,MetalSd,BrkFace,246.0,Gd,TA,PConc,Gd,TA,No,GLQ,750,Unf,0,300,1050,GasA,Ex,SBrkr,1062,887,0,1949,1,0,2,1,3,1,Gd,8,Typ,1,TA,Attchd,1993.0,Fin,2,574,TA,TA,Y,156,90,0,0,0,0,GdPrv,0,6,2010,WD,Normal,False,False,True,False,True
870,870,871,20,60.0,6600,None,Reg,Lvl,AllPub,Inside,Gtl,NAmes,PosN,Norm,1Fam,1Story,5,5,1962,1962,Hip,CompShg,MetalSd,MetalSd,None,0.0,TA,TA,CBlock,TA,TA,No,Unf,0,Unf,0,894,894,GasA,Gd,SBrkr,894,0,0,894,0,0,1,0,2,1,TA,5,Typ,0,None,Detchd,1962.0,Unf,1,308,TA,TA,Y,0,0,0,0,0,0,None,0,8,2009,WD,Normal,False,False,True,False,True
871,871,872,60,70.0,8750,None,Reg,Lvl,AllPub,Inside,Gtl,CollgCr,Norm,Norm,1Fam,2Story,6,5,1998,1998,Gable,CompShg,VinylSd,VinylSd,BrkFace,116.0,TA,TA,PConc,Gd,TA,No,GLQ,505,Unf,0,299,804,GasA,Ex,SBrkr,804,878,0,1682,0,0,2,1,3,1,Gd,7,Typ,0,None,Attchd,1998.0,RFn,2,523,TA,TA,Y,0,77,0,0,0,0,None,0,6,2010,WD,Normal,False,False,True,False,True
872,872,873,20,74.0,8892,None,Reg,Lvl,AllPub,Corner,Gtl,NAmes,Norm,Norm,1Fam,1Story,5,7,1953,1996,Gable,CompShg,WdShing,Wd Shng,None,0.0,Gd,TA,Stone,TA,TA,Av,Unf,0,Unf,0,105,105,GasA,Gd,SBrkr,910,0,0,910,0,0,1,0,3,1,Gd,5,Typ,0,None,Attchd,1953.0,Unf,2,414,TA,TA,Y,196,0,150,0,0,0,GdWo,0,10,2008,WD,Normal,False,False,True,False,True
873,873,874,40,60.0,12144,None,Reg,Lvl,AllPub,Inside,Gtl,NAmes,Norm,Norm,1Fam,1Story,5,7,1949,1950,Gable,CompShg,HdBoard,HdBoard,None,0.0,Gd,TA,CBlock,TA,TA,No,Rec,375,Unf,0,457,832,GasA,Gd,SBrkr,1036,0,232,1268,0,0,1,0,3,1,TA,6,Typ,1,Gd,Attchd,1949.0,Unf,1,288,TA,TA,Y,0,28,0,0,0,0,None,0,9,2009,WD,Normal,False,False,True,False,True
874,874,875,50,52.0,5720,None,Reg,Lvl,AllPub,Inside,Gtl,OldTown,Artery,Norm,1Fam,1.5Fin,5,6,1941,1950,Gable,CompShg,Wd Sdng,Wd Sdng,None,0.0,TA,TA,CBlock,TA,TA,No,Unf,0,Unf,0,676,676,GasA,Ex,SBrkr,676,455,0,1131,0,0,1,1,3,1,TA,5,Typ,0,None,Detchd,1941.0,Unf,1,200,TA,TA,Y,26,0,0,0,0,0,None,0,8,2009,WD,Abnorml,False,False,False,True,True
875,875,876,60,75.0,9000,None,Reg,Lvl,AllPub,Inside,Gtl,Somerst,Norm,Norm,1Fam,2Story,8,5,2007,2007,Gable,CompShg,CemntBd,CmentBd,None,0.0,Gd,TA,PConc,Gd,TA,Av,GLQ,64,Unf,0,1120,1184,GasA,Ex,SBrkr,1184,1426,0,2610,0,0,2,1,4,1,Ex,11,Typ,1,Gd,BuiltIn,2007.0,Fin,2,550,TA,TA,Y,208,364,0,0,0,0,None,0,8,2007,New,Partial,True,False,False,False,True
876,876,877,20,94.0,25286,None,Reg,HLS,AllPub,Inside,Mod,Mitchel,Norm,Norm,1Fam,1Story,4,5,1963,1963,Gable,CompShg,HdBoard,Plywood,None,0.0,TA,TA,PConc,TA,TA,Gd,ALQ,633,Unf,0,431,1064,GasA,Gd,SBrkr,1040,0,0,1040,1,0,1,0,3,1,TA,5,Typ,0,None,Attchd,1963.0,Unf,2,648,TA,TA,Y,0,0,0,0,0,0,None,0,1,2007,WD,Normal,False,False,True,False,True
877,877,878,60,74.0,8834,None,Reg,Lvl,AllPub,Inside,Gtl,NridgHt,Norm,Norm,1Fam,2Story,9,5,2004,2005,Hip,CompShg,VinylSd,VinylSd,Stone,216.0,Gd,TA,PConc,Ex,TA,No,GLQ,1170,Unf,0,292,1462,GasA,Ex,SBrkr,1462,762,0,2224,1,0,2,1,4,1,Ex,10,Typ,1,Gd,Attchd,2004.0,Fin,3,738,TA,TA,Y,184,0,0,0,0,0,None,0,6,2009,WD,Normal,False,False,True,False,True
878,878,879,85,88.0,11782,None,IR1,Lvl,AllPub,Inside,Gtl,Sawyer,Norm,Norm,1Fam,SFoyer,5,7,1961,1995,Gable,CompShg,HdBoard,HdBoard,None,0.0,TA,TA,CBlock,TA,TA,Av,ALQ,899,Unf,0,210,1109,GasA,TA,SBrkr,1155,0,0,1155,1,0,1,0,3,1,Gd,6,Min2,0,None,Detchd,1987.0,Unf,2,576,TA,TA,Y,192,0,0,0,0,0,MnPrv,400,6,2010,WD,Normal,False,False,True,False,True
879,879,880,20,69.0,7000,None,IR1,Lvl,AllPub,CulDSac,Gtl,CollgCr,Norm,Norm,1Fam,1Story,5,8,1978,2005,Gable,CompShg,VinylSd,VinylSd,BrkFace,90.0,Gd,Gd,CBlock,TA,TA,No,ALQ,646,Unf,0,218,864,GasA,Ex,SBrkr,864,0,0,864,1,0,1,0,3,1,TA,6,Typ,0,None,Attchd,1978.0,Unf,1,336,TA,TA,Y,0,0,0,0,0,0,GdWo,0,7,2009,WD,Normal,False,False,True,False,True
880,880,881,20,60.0,7024,None,Reg,Lvl,AllPub,Inside,Gtl,Edwards,Norm,Norm,1Fam,1Story,5,5,2005,2006,Gable,CompShg,VinylSd,VinylSd,None,0.0,TA,TA,PConc,Ex,Gd,No,ALQ,980,Unf,0,110,1090,GasA,Gd,SBrkr,1090,0,0,1090,1,0,1,1,2,1,TA,5,Typ,0,None,Attchd,2005.0,Fin,2,450,TA,TA,Y,0,49,0,0,0,0,None,0,6,2007,WD,Normal,False,False,True,False,True
881,881,882,50,44.0,13758,None,IR1,Lvl,AllPub,CulDSac,Gtl,Timber,Norm,Norm,1Fam,1.5Fin,7,5,1990,1991,Gable,CompShg,HdBoard,HdBoard,BrkFace,117.0,Gd,Gd,CBlock,Gd,TA,Mn,LwQ,902,Unf,0,254,1156,GasA,Ex,SBrkr,1187,530,0,1717,0,0,2,1,3,1,Gd,7,Typ,1,TA,Attchd,1990.0,RFn,2,400,TA,TA,Y,168,36,0,0,0,0,None,0,4,2007,WD,Normal,False,False,True,False,True
882,882,883,60,69.0,9636,None,IR1,Lvl,AllPub,Corner,Gtl,Gilbert,Norm,Norm,1Fam,2Story,6,5,1992,1993,Gable,CompShg,VinylSd,VinylSd,None,0.0,TA,TA,PConc,Gd,TA,No,Unf,0,Unf,0,808,808,GasA,Gd,SBrkr,808,785,0,1593,0,0,2,1,3,1,TA,7,Typ,1,TA,BuiltIn,1993.0,RFn,2,389,TA,TA,Y,342,40,0,0,0,0,MnPrv,0,12,2009,WD,Normal,False,False,True,False,True
883,883,884,75,60.0,6204,None,Reg,Bnk,AllPub,Inside,Gtl,SWISU,Norm,Norm,1Fam,2.5Fin,4,5,1912,1950,Gable,CompShg,Wd Sdng,Wd Sdng,None,0.0,Gd,TA,PConc,TA,Fa,No,Unf,0,Unf,0,795,795,GasA,TA,SBrkr,954,795,481,2230,1,0,1,0,5,1,TA,10,Typ,0,None,Detchd,1997.0,Unf,1,440,TA,Gd,Y,0,188,0,0,0,0,None,0,3,2006,WD,Normal,False,False,True,False,True
884,884,885,20,65.0,7150,None,Reg,Lvl,AllPub,Inside,Gtl,NAmes,Norm,Norm,1Fam,1Story,5,5,1967,1967,Gable,CompShg,HdBoard,HdBoard,BrkFace,60.0,TA,TA,CBlock,TA,TA,No,BLQ,432,Unf,0,460,892,GasA,TA,SBrkr,892,0,0,892,0,0,1,0,3,1,TA,5,Typ,0,None,Attchd,1967.0,RFn,1,288,TA,TA,Y,0,0,0,0,0,0,GdWo,0,7,2009,WD,Normal,False,False,True,False,True
885,885,886,120,50.0,5119,None,IR1,Lvl,AllPub,CulDSac,Gtl,Somerst,Norm,Norm,TwnhsE,1Story,9,5,1999,2000,Gable,CompShg,MetalSd,MetalSd,BrkFace,60.0,Gd,TA,PConc,Ex,TA,Av,GLQ,1238,Unf,0,460,1698,GasA,Ex,SBrkr,1709,0,0,1709,1,0,2,0,2,1,Gd,5,Typ,1,TA,Attchd,1999.0,Fin,2,506,TA,TA,Y,97,65,0,0,0,0,None,0,1,2008,CWD,Abnorml,True,False,False,False,True
886,886,887,90,70.0,8393,None,Reg,Lvl,AllPub,Corner,Gtl,NAmes,Norm,Norm,Duplex,1Story,5,5,1959,2005,Gable,CompShg,MetalSd,MetalSd,BrkFace,122.0,TA,TA,CBlock,TA,TA,No,LwQ,528,Unf,0,1098,1626,GasA,Ex,SBrkr,1712,0,0,1712,0,0,2,0,4,2,TA,8,Typ,0,None,Attchd,2005.0,Fin,2,588,TA,TA,Y,272,54,0,0,0,0,None,0,6,2006,WD,Family,False,False,True,False,True
887,887,888,50,59.0,16466,None,IR1,Lvl,AllPub,Inside,Gtl,Edwards,Norm,Norm,1Fam,1.5Fin,5,7,1955,1955,Gable,CompShg,MetalSd,MetalSd,None,0.0,TA,Gd,PConc,TA,TA,No,Unf,0,Unf,0,816,816,GasA,TA,SBrkr,872,521,0,1393,0,0,1,1,3,1,TA,8,Typ,0,None,Attchd,1955.0,Unf,1,300,TA,TA,Y,121,0,0,0,265,0,None,0,4,2008,WD,Normal,False,False,True,False,True
888,888,889,20,95.0,15865,None,IR1,Lvl,AllPub,Inside,Mod,NAmes,Norm,Norm,1Fam,1Story,8,6,1970,1970,Flat,Tar&Grv,Wd Sdng,Wd Sdng,None,0.0,Gd,Gd,PConc,TA,Gd,Gd,ALQ,351,Rec,823,1043,2217,GasA,Ex,SBrkr,2217,0,0,2217,1,0,2,0,4,1,Gd,8,Typ,1,TA,Attchd,1970.0,Unf,2,621,TA,TA,Y,81,207,0,0,224,0,None,0,10,2007,WD,Normal,False,False,True,False,True
889,889,890,20,128.0,12160,None,Reg,Lvl,AllPub,Inside,Gtl,NAmes,Feedr,Norm,1Fam,1Story,6,4,1953,1953,Hip,CompShg,Wd Sdng,Wd Sdng,BrkFace,90.0,TA,TA,CBlock,TA,TA,No,BLQ,1024,Unf,0,481,1505,GasA,Ex,SBrkr,1505,0,0,1505,1,0,1,0,2,1,TA,6,Typ,1,TA,Attchd,1953.0,RFn,2,505,TA,TA,Y,0,0,0,162,0,0,None,0,2,2009,WD,Normal,False,False,True,False,True
890,890,891,50,60.0,8064,None,Reg,Lvl,AllPub,Corner,Gtl,NAmes,Artery,Norm,1Fam,1.5Fin,5,7,1949,2006,Gable,CompShg,MetalSd,MetalSd,None,0.0,TA,Gd,CBlock,TA,TA,Mn,Unf,0,Unf,0,672,672,GasA,Ex,SBrkr,672,252,0,924,0,0,1,0,3,1,TA,6,Typ,1,Po,Detchd,2003.0,Unf,2,576,TA,TA,Y,0,0,0,0,0,0,MnPrv,2000,7,2007,WD,Normal,False,False,True,False,True
891,891,892,60,70.0,11184,None,Reg,Lvl,AllPub,Inside,Gtl,Sawyer,Norm,Norm,1Fam,2Story,6,5,1978,1978,Hip,CompShg,HdBoard,HdBoard,BrkFace,92.0,TA,TA,CBlock,TA,TA,No,LwQ,226,Rec,500,192,918,GasA,Gd,SBrkr,918,765,0,1683,0,0,2,1,3,1,TA,7,Typ,1,TA,Attchd,1978.0,RFn,2,440,TA,TA,Y,243,0,0,0,0,0,None,0,7,2009,WD,Normal,False,False,True,False,True
892,892,893,20,70.0,8414,None,Reg,Lvl,AllPub,Inside,Gtl,Sawyer,Norm,Norm,1Fam,1Story,6,8,1963,2003,Hip,CompShg,HdBoard,HdBoard,None,0.0,TA,TA,CBlock,TA,TA,No,GLQ,663,Unf,0,396,1059,GasA,TA,SBrkr,1068,0,0,1068,0,1,1,0,3,1,TA,6,Typ,0,None,Attchd,1963.0,RFn,1,264,TA,TA,Y,192,0,0,0,0,0,MnPrv,0,2,2006,WD,Normal,False,False,True,False,True
893,893,894,20,69.0,13284,None,Reg,Lvl,AllPub,Inside,Gtl,Sawyer,PosN,Norm,1Fam,1Story,5,5,1954,1954,Gable,CompShg,Wd Sdng,Plywood,None,0.0,TA,TA,PConc,Gd,TA,Mn,BLQ,1064,Unf,0,319,1383,GasA,TA,SBrkr,1383,0,0,1383,1,0,1,0,3,1,TA,6,Typ,1,Gd,Attchd,1954.0,Unf,1,354,TA,TA,Y,511,116,0,0,0,0,GdPrv,0,6,2008,WD,Normal,False,False,True,False,True
894,894,895,90,64.0,7018,None,Reg,Bnk,AllPub,Inside,Gtl,SawyerW,Norm,Norm,Duplex,1Story,5,5,1979,1979,Gable,CompShg,Plywood,Plywood,None,0.0,TA,TA,Slab,None,None,None,None,0,None,0,0,0,GasA,TA,SBrkr,1535,0,0,1535,0,0,2,0,4,2,TA,8,Typ,0,None,Attchd,1979.0,Unf,2,400,TA,TA,Y,0,0,0,0,0,0,None,0,6,2009,WD,Alloca,False,False,True,False,True
895,895,896,60,71.0,7056,None,Reg,Lvl,AllPub,Inside,Gtl,NAmes,Norm,Norm,1Fam,2Story,6,5,1963,1963,Hip,CompShg,HdBoard,HdBoard,BrkFace,415.0,TA,TA,CBlock,TA,TA,No,BLQ,400,Unf,0,380,780,GasA,TA,SBrkr,983,813,0,1796,1,0,1,1,4,1,TA,8,Typ,1,TA,Attchd,1963.0,RFn,2,483,TA,TA,Y,0,50,0,0,0,0,None,0,10,2008,WD,Normal,False,False,True,False,True
896,896,897,30,50.0,8765,Grvl,Reg,Lvl,AllPub,Inside,Gtl,IDOTRR,Norm,Norm,1Fam,1Story,4,6,1936,1950,Gable,CompShg,Wd Sdng,Wd Sdng,None,0.0,TA,TA,BrkTil,TA,TA,No,ALQ,285,Unf,0,666,951,GasA,Ex,SBrkr,951,0,0,951,0,0,1,0,2,1,TA,6,Typ,0,None,Detchd,1936.0,Unf,1,327,TA,TA,Y,0,28,0,0,0,0,None,0,4,2006,WD,Abnorml,False,False,False,True,True
897,897,898,90,64.0,7018,None,Reg,Lvl,AllPub,Inside,Gtl,SawyerW,Feedr,Norm,Duplex,2Story,5,5,1979,1979,Gable,CompShg,Plywood,Plywood,None,0.0,TA,TA,Slab,None,None,None,None,0,None,0,0,0,GasA,TA,SBrkr,1120,1120,0,2240,0,0,2,0,6,2,TA,12,Typ,0,None,Detchd,1979.0,Unf,2,528,TA,TA,Y,154,0,0,0,0,0,None,0,6,2009,WD,Alloca,False,False,True,False,True
898,898,899,20,100.0,12919,None,IR1,Lvl,AllPub,Inside,Gtl,NridgHt,Norm,Norm,1Fam,1Story,9,5,2009,2010,Hip,CompShg,VinylSd,VinylSd,Stone,760.0,Ex,TA,PConc,Ex,TA,Gd,GLQ,2188,Unf,0,142,2330,GasA,Ex,SBrkr,2364,0,0,2364,1,0,2,1,2,1,Ex,11,Typ,2,Gd,Attchd,2009.0,Fin,3,820,TA,TA,Y,0,67,0,0,0,0,None,0,3,2010,New,Partial,False,False,True,False,True
899,899,900,20,65.0,6993,None,Reg,Lvl,AllPub,Inside,Gtl,Sawyer,Feedr,Norm,1Fam,1Story,5,7,1961,1994,Gable,CompShg,HdBoard,Plywood,None,0.0,TA,TA,CBlock,TA,TA,No,BLQ,465,Unf,0,447,912,GasA,TA,SBrkr,1236,0,0,1236,0,0,1,0,3,1,TA,6,Typ,1,TA,Attchd,1961.0,Unf,1,288,TA,TA,Y,0,0,0,0,0,0,None,0,6,2006,WD,Normal,False,False,True,False,True
900,900,901,20,69.0,7340,None,IR1,Lvl,AllPub,Inside,Gtl,NAmes,Norm,Norm,1Fam,1Story,4,6,1971,1971,Gable,CompShg,HdBoard,HdBoard,None,0.0,TA,TA,CBlock,TA,TA,No,ALQ,322,Unf,0,536,858,GasA,TA,SBrkr,858,0,0,858,0,0,1,0,2,1,TA,4,Typ,0,None,Detchd,1979.0,Unf,1,684,TA,TA,Y,0,0,0,0,0,0,None,0,6,2007,WD,Normal,False,False,True,False,True
901,901,902,20,64.0,8712,None,IR1,Lvl,AllPub,Inside,Gtl,NAmes,Norm,Norm,1Fam,1Story,5,7,1957,2000,Hip,CompShg,MetalSd,MetalSd,None,0.0,TA,Gd,CBlock,TA,TA,Mn,BLQ,860,Unf,0,132,992,GasA,TA,SBrkr,1306,0,0,1306,1,0,1,0,2,1,TA,5,Typ,0,None,Detchd,1968.0,Unf,1,756,TA,TA,Y,0,0,0,0,0,0,None,0,5,2009,WD,Normal,False,False,True,False,True
902,902,903,60,63.0,7875,None,Reg,Lvl,AllPub,Inside,Gtl,Gilbert,Norm,Norm,1Fam,2Story,7,5,2003,2003,Gable,CompShg,VinylSd,VinylSd,None,0.0,Gd,TA,PConc,Gd,TA,No,Unf,0,Unf,0,783,783,GasA,Ex,SBrkr,807,702,0,1509,0,0,2,1,3,1,Gd,8,Typ,1,Gd,Attchd,2003.0,Fin,2,393,TA,TA,Y,0,75,0,0,0,0,None,0,7,2006,WD,Normal,False,False,True,False,True
903,903,904,20,50.0,14859,None,IR1,HLS,AllPub,CulDSac,Gtl,Gilbert,Norm,Norm,1Fam,1Story,7,5,2006,2006,Hip,CompShg,VinylSd,VinylSd,BrkFace,27.0,Gd,TA,PConc,Gd,TA,No,Unf,0,Unf,0,1670,1670,GasA,Ex,SBrkr,1670,0,0,1670,0,0,2,0,3,1,Gd,7,Typ,1,Gd,Attchd,2006.0,RFn,3,690,TA,TA,Y,144,60,0,0,0,0,None,0,8,2006,New,Partial,False,False,True,False,True
904,904,905,20,69.0,6173,None,IR1,Lvl,AllPub,Inside,Gtl,Sawyer,Norm,Norm,1Fam,1Story,5,6,1967,1967,Gable,CompShg,HdBoard,Wd Sdng,BrkFace,75.0,TA,TA,CBlock,TA,TA,No,GLQ,599,Unf,0,277,876,GasA,TA,SBrkr,902,0,0,902,0,0,1,0,3,1,TA,6,Typ,0,None,Attchd,1967.0,Unf,1,288,TA,TA,Y,0,0,0,0,0,0,MnPrv,0,8,2007,WD,Normal,False,False,True,False,True
905,905,906,20,80.0,9920,None,Reg,Lvl,AllPub,Inside,Gtl,NAmes,Norm,Norm,1Fam,1Story,5,5,1954,1954,Gable,CompShg,HdBoard,HdBoard,Stone,110.0,TA,TA,CBlock,TA,TA,No,Rec,354,LwQ,290,412,1056,GasA,TA,SBrkr,1063,0,0,1063,1,0,1,0,3,1,TA,6,Typ,0,None,Attchd,1954.0,RFn,1,280,TA,TA,Y,0,0,164,0,0,0,MnPrv,0,2,2010,WD,Normal,False,False,True,False,True
906,906,907,20,116.0,13501,None,IR1,Lvl,AllPub,Corner,Gtl,Somerst,Norm,Norm,1Fam,1Story,8,5,2006,2006,Gable,CompShg,VinylSd,VinylSd,Stone,208.0,Gd,TA,PConc,Gd,TA,No,GLQ,63,Unf,0,1560,1623,GasA,Ex,SBrkr,1636,0,0,1636,1,0,2,0,3,1,Gd,8,Typ,1,Gd,Attchd,2006.0,RFn,3,865,TA,TA,Y,0,60,0,0,0,0,None,0,6,2007,WD,Normal,False,False,True,False,True
907,907,908,50,86.0,11500,None,IR1,Lvl,AllPub,Inside,Gtl,Crawfor,Norm,Norm,1Fam,1.5Fin,7,7,1936,1987,Gable,CompShg,BrkFace,BrkFace,None,0.0,Gd,TA,CBlock,Gd,TA,No,Rec,223,Unf,0,794,1017,GasA,Gd,SBrkr,1020,1037,0,2057,0,0,1,1,3,1,Gd,6,Typ,1,Gd,Attchd,1936.0,Fin,1,180,Fa,TA,Y,0,0,0,0,322,0,None,0,6,2006,WD,Normal,False,False,True,False,True
908,908,909,20,69.0,8885,None,IR1,Low,AllPub,Inside,Mod,Mitchel,Norm,Norm,1Fam,1Story,5,5,1983,1983,Gable,CompShg,HdBoard,HdBoard,None,0.0,TA,TA,CBlock,Gd,TA,Av,BLQ,301,ALQ,324,239,864,GasA,TA,SBrkr,902,0,0,902,1,0,1,0,2,1,TA,5,Typ,0,None,Attchd,1983.0,Unf,2,484,TA,TA,Y,164,0,0,0,0,0,MnPrv,0,6,2006,WD,Normal,False,False,True,False,True
909,909,910,60,149.0,12589,None,IR2,Lvl,AllPub,Inside,Gtl,Gilbert,Norm,Norm,1Fam,2Story,6,5,2005,2005,Gable,CompShg,VinylSd,VinylSd,None,0.0,Gd,TA,PConc,Gd,TA,No,Unf,0,Unf,0,742,742,GasA,Ex,SBrkr,742,742,0,1484,0,0,2,1,3,1,Gd,8,Typ,1,Gd,Attchd,2005.0,Fin,2,390,TA,TA,Y,36,24,0,0,0,0,None,0,6,2009,WD,Normal,False,False,True,False,True
910,910,911,90,80.0,11600,None,Reg,Lvl,AllPub,Corner,Gtl,NAmes,Feedr,Norm,Duplex,2Story,5,5,1960,1960,Gable,CompShg,MetalSd,MetalSd,BrkFace,361.0,TA,TA,CBlock,TA,TA,No,Rec,443,Unf,0,662,1105,GasA,TA,FuseA,1105,1169,0,2274,0,0,2,0,5,2,TA,12,Typ,0,None,Detchd,1960.0,Unf,2,480,TA,TA,Y,0,0,0,0,0,0,None,0,1,2010,WD,Normal,False,False,True,False,True
911,911,912,20,69.0,9286,None,IR1,Lvl,AllPub,CulDSac,Mod,CollgCr,Norm,Norm,1Fam,1Story,5,7,1977,1989,Gable,CompShg,HdBoard,Plywood,None,0.0,TA,TA,CBlock,Gd,Gd,Av,ALQ,196,Unf,0,1072,1268,GasA,TA,SBrkr,1268,0,0,1268,0,0,1,1,3,1,Gd,5,Typ,0,None,Detchd,1978.0,Unf,1,252,TA,TA,Y,173,0,0,0,0,0,None,0,10,2009,WD,Normal,False,False,True,False,True
912,912,913,30,51.0,6120,None,Reg,Lvl,AllPub,Inside,Gtl,BrkSide,Norm,Norm,1Fam,1Story,5,7,1925,1950,Gable,CompShg,MetalSd,MetalSd,None,0.0,TA,TA,BrkTil,TA,TA,No,Rec,489,Unf,0,279,768,GasA,TA,SBrkr,1015,0,0,1015,0,0,1,0,3,1,TA,6,Min1,0,None,Detchd,1925.0,Unf,1,450,TA,TA,Y,0,0,112,0,120,0,MnPrv,620,7,2006,WD,Abnorml,False,False,False,True,True
913,913,914,90,82.0,6270,None,Reg,HLS,AllPub,Inside,Gtl,Crawfor,Norm,Norm,Duplex,2Story,5,6,1949,1950,Gable,CompShg,MetalSd,MetalSd,None,0.0,TA,TA,CBlock,TA,TA,No,BLQ,284,Unf,0,717,1001,GasA,TA,FuseA,1001,1001,0,2002,0,0,2,0,4,2,TA,8,Typ,0,None,2Types,1949.0,Unf,3,871,TA,TA,Y,0,0,0,0,0,0,None,0,8,2007,WD,Normal,False,True,False,False,True
914,914,915,160,30.0,3000,Pave,Reg,Lvl,AllPub,Inside,Gtl,Somerst,Norm,Norm,TwnhsE,2Story,6,5,2009,2009,Gable,CompShg,VinylSd,VinylSd,Stone,76.0,Gd,TA,PConc,Gd,TA,Av,GLQ,294,Unf,0,318,612,GasA,Ex,SBrkr,612,612,0,1224,0,0,2,1,2,1,Gd,4,Typ,0,None,Detchd,2009.0,RFn,2,528,TA,TA,Y,0,234,0,0,0,0,None,0,6,2009,New,Partial,True,False,False,False,True
915,915,916,160,21.0,2001,None,Reg,Lvl,AllPub,Inside,Gtl,MeadowV,Norm,Norm,Twnhs,2Story,4,5,1970,1970,Gable,CompShg,CemntBd,CmentBd,BrkFace,80.0,TA,TA,CBlock,TA,TA,No,Unf,0,Unf,0,546,546,GasA,Fa,SBrkr,546,546,0,1092,0,0,1,1,3,1,TA,6,Typ,0,None,Attchd,1970.0,Unf,1,286,TA,TA,Y,0,0,0,0,0,0,None,0,1,2007,WD,Normal,False,False,False,True,True
916,916,917,20,50.0,9000,None,Reg,Lvl,AllPub,Inside,Gtl,IDOTRR,Norm,Norm,1Fam,1Story,2,3,1949,1950,Gable,CompShg,AsbShng,AsbShng,None,0.0,TA,TA,CBlock,TA,TA,Av,BLQ,50,Unf,0,430,480,GasA,TA,FuseA,480,0,0,480,1,0,0,0,1,1,TA,4,Typ,0,None,Detchd,1958.0,Unf,1,308,TA,TA,Y,0,0,0,0,0,0,None,0,10,2006,WD,Abnorml,False,False,False,False,True
917,917,918,20,69.0,17140,None,Reg,Lvl,AllPub,Inside,Gtl,Edwards,Norm,Norm,1Fam,1Story,4,6,1956,1956,Gable,CompShg,VinylSd,VinylSd,None,0.0,TA,TA,CBlock,TA,TA,No,ALQ,1059,Unf,0,75,1134,GasA,Ex,FuseA,1229,0,0,1229,0,0,1,0,3,1,TA,6,Typ,0,None,Attchd,1956.0,RFn,1,284,TA,TA,Y,0,0,0,0,0,0,None,0,4,2009,WD,Normal,False,False,True,False,True
918,918,919,60,103.0,13125,None,IR1,Lvl,AllPub,Corner,Gtl,SawyerW,Norm,Norm,1Fam,2Story,7,5,1991,1991,Gable,CompShg,HdBoard,HdBoard,None,0.0,Gd,TA,PConc,Ex,TA,Mn,BLQ,48,GLQ,634,422,1104,GasA,Ex,SBrkr,912,1215,0,2127,1,0,2,1,4,1,Gd,8,Typ,1,TA,Attchd,1991.0,RFn,3,833,TA,TA,Y,72,192,224,0,0,0,GdPrv,0,11,2007,WD,Normal,False,False,True,False,True
919,919,920,20,87.0,11029,None,IR1,Lvl,AllPub,Corner,Gtl,NAmes,Norm,Norm,1Fam,1Story,6,8,1958,2002,Hip,CompShg,MetalSd,MetalSd,None,0.0,Ex,TA,CBlock,Gd,TA,No,ALQ,528,BLQ,411,245,1184,GasA,Ex,SBrkr,1414,0,0,1414,1,0,1,0,3,1,TA,6,Min1,1,TA,Attchd,1990.0,Unf,2,601,TA,TA,Y,0,51,0,0,190,0,None,0,5,2008,WD,Normal,False,False,True,False,True
920,920,921,60,70.0,8462,None,IR1,Lvl,AllPub,Inside,Gtl,SawyerW,Norm,Norm,1Fam,2Story,6,5,1994,1994,Gable,CompShg,HdBoard,HdBoard,BrkFace,105.0,Gd,Gd,PConc,Gd,Gd,No,GLQ,814,Unf,0,114,928,GasA,Ex,SBrkr,936,785,0,1721,0,1,2,1,3,1,Gd,7,Typ,0,None,Attchd,1994.0,RFn,2,471,TA,TA,Y,300,87,0,0,0,0,None,0,7,2007,WD,Normal,False,False,True,False,True
921,921,922,90,67.0,8777,None,Reg,Lvl,AllPub,Inside,Gtl,Edwards,Feedr,Norm,Duplex,1.5Fin,5,7,1900,2003,Gable,CompShg,MetalSd,MetalSd,None,0.0,TA,TA,CBlock,TA,TA,No,ALQ,1084,Unf,0,188,1272,GasA,Gd,SBrkr,1272,928,0,2200,2,0,2,2,4,2,TA,9,Typ,0,None,None,1980.0,None,0,0,None,None,N,0,70,0,0,0,0,GdPrv,0,9,2008,WD,Normal,False,False,True,False,True
922,922,923,20,65.0,10237,None,Reg,Lvl,AllPub,Inside,Gtl,Gilbert,RRAn,Norm,1Fam,1Story,6,5,2005,2006,Gable,CompShg,VinylSd,VinylSd,None,0.0,Gd,TA,PConc,Gd,TA,No,GLQ,28,Unf,0,1288,1316,GasA,Ex,SBrkr,1316,0,0,1316,0,0,2,0,3,1,Gd,6,Typ,1,Gd,Attchd,2005.0,Fin,2,397,TA,TA,Y,100,0,0,23,0,0,None,0,10,2006,New,Partial,False,False,True,False,True
923,923,924,120,50.0,8012,None,Reg,Lvl,AllPub,Inside,Gtl,SawyerW,Norm,Norm,TwnhsE,1Story,6,5,1993,1994,Gable,CompShg,Plywood,Plywood,None,0.0,Gd,TA,PConc,Gd,TA,No,LwQ,165,GLQ,841,598,1604,GasA,Ex,SBrkr,1617,0,0,1617,1,0,2,0,2,1,Gd,5,Typ,1,Fa,Attchd,1993.0,RFn,2,533,TA,TA,Y,0,69,0,0,0,0,None,0,7,2008,WD,Normal,False,False,True,False,True
924,924,925,20,79.0,10240,None,Reg,Lvl,AllPub,Inside,Gtl,NWAmes,Norm,Norm,1Fam,1Story,6,6,1980,1980,Gable,CompShg,Plywood,Plywood,BrkFace,157.0,TA,Gd,CBlock,Gd,TA,No,BLQ,625,LwQ,1061,0,1686,GasA,TA,SBrkr,1686,0,0,1686,1,0,2,0,3,1,TA,7,Typ,1,TA,Attchd,1980.0,Unf,2,612,TA,TA,Y,384,131,0,0,0,0,None,0,5,2006,WD,Normal,False,False,True,False,True
925,925,926,20,69.0,15611,None,IR1,Lvl,AllPub,Corner,Gtl,NWAmes,Norm,Norm,1Fam,1Story,5,6,1977,1977,Gable,CompShg,VinylSd,VinylSd,None,0.0,TA,TA,PConc,Gd,TA,Av,ALQ,767,LwQ,93,266,1126,GasA,TA,SBrkr,1126,0,0,1126,0,1,2,0,3,1,Ex,6,Typ,0,None,Attchd,1977.0,RFn,2,540,TA,TA,Y,180,0,0,0,0,0,None,0,3,2008,WD,Abnorml,False,False,True,False,True
926,926,927,60,93.0,11999,None,Reg,Lvl,AllPub,Inside,Gtl,NridgHt,Norm,Norm,1Fam,2Story,8,5,2003,2004,Hip,CompShg,VinylSd,VinylSd,BrkFace,340.0,Gd,TA,PConc,Gd,TA,No,Unf,0,Unf,0,1181,1181,GasA,Ex,SBrkr,1234,1140,0,2374,0,0,2,1,4,1,Ex,10,Typ,1,Gd,BuiltIn,2003.0,Fin,3,656,TA,TA,Y,104,100,0,0,0,0,None,0,5,2007,WD,Normal,False,False,True,False,True
927,927,928,60,69.0,9900,None,Reg,Lvl,AllPub,Inside,Gtl,NWAmes,Feedr,Norm,1Fam,2Story,7,5,1968,1968,Gable,CompShg,MetalSd,MetalSd,BrkFace,342.0,TA,TA,CBlock,TA,TA,No,BLQ,552,Unf,0,280,832,GasA,Gd,SBrkr,1098,880,0,1978,0,0,2,1,4,1,TA,9,Typ,1,Gd,Attchd,1968.0,RFn,2,486,TA,TA,Y,0,43,0,0,0,0,GdPrv,0,4,2008,WD,Normal,False,False,True,False,True
928,928,929,20,69.0,11838,None,Reg,Lvl,AllPub,Inside,Gtl,CollgCr,Norm,Norm,1Fam,1Story,8,5,2001,2001,Hip,CompShg,VinylSd,VinylSd,None,0.0,Gd,TA,PConc,Gd,TA,Av,Unf,0,Unf,0,1753,1753,GasA,Ex,SBrkr,1788,0,0,1788,0,0,2,0,3,1,Ex,7,Typ,1,TA,Attchd,2001.0,RFn,2,522,TA,TA,Y,202,151,0,0,0,0,None,0,6,2009,WD,Normal,False,False,True,False,True
929,929,930,60,69.0,13006,None,IR1,Lvl,AllPub,Corner,Gtl,Gilbert,Norm,Norm,1Fam,2Story,7,5,1997,1997,Gable,CompShg,HdBoard,HdBoard,BrkFace,285.0,TA,TA,PConc,Gd,TA,No,Unf,0,Unf,0,964,964,GasA,Gd,SBrkr,993,1243,0,2236,0,0,2,1,4,1,Gd,8,Typ,1,TA,BuiltIn,1997.0,Fin,2,642,TA,TA,Y,0,0,0,0,0,0,None,0,11,2006,WD,Normal,False,False,True,False,True
930,930,931,20,73.0,8925,None,IR1,HLS,AllPub,Inside,Gtl,Timber,Norm,Norm,1Fam,1Story,8,5,2007,2007,Gable,CompShg,VinylSd,VinylSd,None,0.0,Gd,TA,PConc,Gd,TA,Av,GLQ,16,Unf,0,1450,1466,GasA,Ex,SBrkr,1466,0,0,1466,0,0,2,0,3,1,Gd,7,Typ,0,None,Attchd,2007.0,Fin,3,610,TA,TA,Y,100,18,0,0,0,0,None,0,7,2009,WD,Normal,False,False,True,False,True
931,931,932,20,70.0,9100,None,Reg,Lvl,AllPub,Inside,Gtl,NAmes,Norm,Norm,1Fam,1Story,5,6,1965,1965,Gable,CompShg,VinylSd,VinylSd,None,0.0,TA,TA,CBlock,TA,TA,No,BLQ,338,Rec,466,121,925,GasA,Ex,SBrkr,925,0,0,925,0,1,1,0,2,1,TA,5,Typ,0,None,Detchd,1965.0,Unf,1,429,TA,TA,Y,0,0,0,0,0,0,GdWo,0,7,2009,WD,Normal,False,False,True,False,True
932,932,933,20,84.0,11670,None,IR1,Lvl,AllPub,Corner,Gtl,Somerst,RRNn,Norm,1Fam,1Story,9,5,2006,2006,Hip,CompShg,VinylSd,ImStucc,Stone,302.0,Ex,TA,PConc,Ex,Gd,No,Unf,0,Unf,0,1905,1905,GasA,Ex,SBrkr,1905,0,0,1905,0,0,2,0,3,1,Ex,8,Typ,1,Gd,Attchd,2006.0,Fin,3,788,TA,TA,Y,0,191,0,0,0,0,None,0,3,2007,WD,Normal,False,False,True,False,True
933,933,934,20,63.0,8487,None,Reg,Lvl,AllPub,FR2,Gtl,CollgCr,Norm,Norm,1Fam,1Story,7,5,2004,2004,Gable,CompShg,VinylSd,VinylSd,BrkFace,210.0,Gd,TA,PConc,Gd,TA,Av,GLQ,20,Unf,0,1480,1500,GasA,Ex,SBrkr,1500,0,0,1500,0,0,2,0,3,1,Gd,6,Typ,0,None,Attchd,2004.0,RFn,2,570,TA,TA,Y,192,36,0,0,0,0,None,0,8,2009,WD,Normal,False,False,True,False,True
934,934,935,20,313.0,27650,None,IR2,HLS,AllPub,Inside,Mod,NAmes,PosA,Norm,1Fam,1Story,7,7,1960,2007,Flat,Tar&Grv,Wd Sdng,Wd Sdng,None,0.0,TA,TA,CBlock,Gd,TA,Gd,GLQ,425,Unf,0,160,585,GasA,Ex,SBrkr,2069,0,0,2069,1,0,2,0,4,1,Gd,9,Typ,1,Gd,Attchd,1960.0,RFn,2,505,TA,TA,Y,0,0,0,0,0,0,None,0,11,2008,WD,Normal,False,False,True,False,True
935,935,936,30,52.0,5825,None,IR1,Lvl,AllPub,Inside,Gtl,BrkSide,Norm,Norm,1Fam,1Story,4,5,1926,1953,Gable,CompShg,MetalSd,MetalSd,BrkFace,108.0,TA,Gd,PConc,Fa,TA,Mn,Unf,0,Unf,0,600,600,GasA,Gd,SBrkr,747,0,0,747,0,0,1,0,1,1,TA,5,Typ,0,None,Detchd,1953.0,Unf,2,528,TA,TA,Y,0,0,32,0,0,0,None,0,6,2006,WD,Normal,False,False,True,False,True
936,936,937,20,67.0,10083,None,Reg,Lvl,AllPub,Inside,Gtl,SawyerW,Norm,Norm,1Fam,1Story,7,5,2003,2003,Gable,CompShg,VinylSd,VinylSd,None,0.0,Gd,TA,PConc,Gd,TA,No,GLQ,833,Unf,0,343,1176,GasA,Ex,SBrkr,1200,0,0,1200,1,0,2,0,2,1,Gd,5,Typ,0,None,Attchd,2003.0,RFn,2,555,TA,TA,Y,0,41,0,0,0,0,None,0,8,2009,WD,Normal,False,False,True,False,True
937,937,938,60,75.0,9675,None,Reg,Lvl,AllPub,Inside,Gtl,Somerst,Norm,Norm,1Fam,2Story,7,5,2005,2005,Gable,CompShg,VinylSd,VinylSd,None,0.0,Gd,TA,PConc,Gd,TA,Mn,GLQ,341,Unf,0,772,1113,GasA,Ex,SBrkr,1113,858,0,1971,0,0,2,1,3,1,Gd,8,Typ,1,Gd,Attchd,2005.0,RFn,2,689,TA,TA,Y,0,48,0,0,0,0,None,0,2,2009,WD,Normal,False,False,True,False,True
938,938,939,60,73.0,8760,None,Reg,Lvl,AllPub,Inside,Gtl,CollgCr,Norm,Norm,1Fam,2Story,7,5,2006,2006,Gable,CompShg,VinylSd,VinylSd,None,0.0,Gd,TA,PConc,Gd,Gd,Mn,GLQ,464,Unf,0,927,1391,GasA,Ex,SBrkr,1391,571,0,1962,0,0,2,1,3,1,Gd,7,Typ,0,None,Attchd,2006.0,RFn,3,868,TA,TA,Y,0,90,0,0,0,0,None,0,8,2006,New,Partial,False,False,True,False,True
939,939,940,70,69.0,24090,None,Reg,Lvl,AllPub,Inside,Gtl,ClearCr,Norm,Norm,1Fam,2Story,7,7,1940,1950,Gable,CompShg,MetalSd,MetalSd,None,0.0,TA,Gd,CBlock,TA,TA,Mn,Unf,0,Unf,0,1032,1032,GasA,Ex,SBrkr,1207,1196,0,2403,0,0,2,0,4,1,TA,10,Typ,2,TA,Attchd,1940.0,Unf,1,349,TA,TA,Y,56,0,318,0,0,0,None,0,6,2010,COD,Normal,False,False,True,False,True
940,940,941,90,55.0,12640,None,IR1,Lvl,AllPub,Inside,Gtl,Mitchel,Norm,Norm,Duplex,1Story,6,5,1976,1976,Gable,CompShg,Plywood,Plywood,None,0.0,TA,TA,CBlock,TA,TA,Gd,Rec,936,LwQ,396,396,1728,GasA,TA,SBrkr,1728,0,0,1728,0,0,2,0,4,2,TA,8,Typ,0,None,Attchd,1976.0,Unf,2,574,TA,TA,Y,40,0,0,0,0,0,None,0,7,2006,WD,Normal,False,False,True,False,True
941,941,942,60,69.0,8755,None,IR1,Lvl,AllPub,FR2,Gtl,Gilbert,RRNn,Norm,1Fam,2Story,7,5,1999,1999,Gable,CompShg,VinylSd,VinylSd,BrkFace,298.0,Gd,TA,PConc,Gd,TA,No,ALQ,772,Unf,0,220,992,GasA,Ex,SBrkr,1022,1038,0,2060,1,0,2,1,3,1,Gd,8,Typ,1,TA,BuiltIn,1999.0,RFn,2,390,TA,TA,Y,0,0,0,168,0,0,GdPrv,0,6,2009,WD,Normal,False,False,True,False,True
942,942,943,90,42.0,7711,None,IR1,Lvl,AllPub,Inside,Gtl,Edwards,Norm,Norm,Duplex,1Story,4,3,1977,1977,Gable,CompShg,MetalSd,MetalSd,None,0.0,TA,TA,PConc,Gd,TA,Gd,GLQ,1440,Unf,0,0,1440,GasA,TA,SBrkr,1440,0,0,1440,2,0,2,0,4,2,TA,8,Typ,0,None,None,1980.0,None,0,0,None,None,N,321,0,0,0,0,0,None,0,8,2007,Oth,Abnorml,False,False,True,False,True
943,943,944,90,100.0,25000,None,Reg,Low,AllPub,Inside,Gtl,Mitchel,Norm,Norm,Duplex,1Story,5,4,1967,1967,Gable,CompShg,HdBoard,Plywood,None,0.0,TA,TA,CBlock,TA,TA,Av,Unf,0,Unf,0,1632,1632,GasA,TA,SBrkr,1632,0,0,1632,0,0,2,0,4,2,TA,8,Typ,0,None,Attchd,1967.0,Unf,2,576,TA,TA,P,0,0,0,0,0,0,None,0,6,2007,WD,Normal,False,False,True,False,True
944,944,945,20,69.0,14375,None,IR1,Lvl,NoSeWa,CulDSac,Gtl,Timber,Norm,Norm,1Fam,SLvl,6,6,1958,1958,Gable,CompShg,HdBoard,HdBoard,BrkFace,541.0,TA,TA,CBlock,TA,TA,No,GLQ,111,Rec,354,354,819,GasA,Gd,FuseA,1344,0,0,1344,0,1,1,0,3,1,Gd,7,Typ,1,Gd,Basment,1958.0,RFn,2,525,TA,TA,Y,0,118,0,0,233,0,None,0,1,2009,COD,Abnorml,False,False,True,False,True
945,945,946,50,98.0,8820,None,Reg,Lvl,AllPub,Corner,Gtl,OldTown,Norm,Norm,1Fam,1.5Fin,5,6,1890,1996,Hip,CompShg,VinylSd,VinylSd,None,0.0,TA,TA,BrkTil,TA,TA,No,LwQ,1088,Unf,0,0,1088,GasA,TA,SBrkr,1188,561,120,1869,0,0,1,0,2,1,TA,7,Typ,0,None,Detchd,1963.0,Unf,2,456,TA,TA,Y,48,0,244,0,0,0,MnWw,0,9,2009,WD,Normal,False,False,False,True,True
946,946,947,80,70.0,8163,None,Reg,Lvl,AllPub,Inside,Gtl,NAmes,Norm,Norm,1Fam,SLvl,5,6,1959,1959,Gable,CompShg,HdBoard,HdBoard,BrkFace,128.0,TA,Gd,CBlock,TA,TA,Av,ALQ,748,BLQ,294,102,1144,GasA,TA,SBrkr,1144,0,0,1144,1,0,1,0,3,1,TA,6,Typ,1,TA,Attchd,1959.0,RFn,1,796,TA,TA,Y,86,0,0,0,0,0,None,0,3,2006,WD,Normal,False,False,True,False,True
947,947,948,20,85.0,14536,None,Reg,Lvl,AllPub,Inside,Gtl,Timber,Norm,Norm,1Fam,1Story,8,5,2002,2003,Hip,CompShg,VinylSd,VinylSd,BrkFace,236.0,Gd,TA,PConc,Gd,TA,Av,GLQ,1300,Unf,0,316,1616,GasA,Ex,SBrkr,1629,0,0,1629,1,0,2,0,3,1,Gd,9,Typ,1,Gd,Attchd,2002.0,Fin,3,808,TA,TA,Y,0,252,0,0,0,0,None,0,11,2007,WD,Normal,False,False,True,False,True
948,948,949,60,65.0,14006,None,IR1,Lvl,AllPub,Inside,Gtl,CollgCr,Norm,Norm,1Fam,2Story,7,5,2002,2002,Gable,CompShg,VinylSd,VinylSd,BrkFace,144.0,Gd,TA,PConc,Gd,TA,None,Unf,0,Unf,0,936,936,GasA,Ex,SBrkr,936,840,0,1776,0,0,2,1,3,1,Gd,7,Typ,1,TA,Attchd,2002.0,RFn,2,474,TA,TA,Y,144,96,0,0,0,0,None,0,2,2006,WD,Normal,False,False,True,False,True
949,949,950,20,78.0,9360,None,Reg,Lvl,AllPub,Inside,Gtl,NWAmes,Norm,Norm,1Fam,1Story,6,7,1972,2006,Hip,CompShg,Plywood,Plywood,None,0.0,TA,TA,CBlock,TA,TA,No,ALQ,982,Unf,0,179,1161,GasA,TA,SBrkr,1381,0,0,1381,1,0,1,1,3,1,Gd,5,Typ,1,TA,Attchd,1972.0,RFn,2,676,TA,TA,Y,0,0,0,0,0,0,None,0,3,2010,WD,Normal,False,False,True,False,True
950,950,951,20,60.0,7200,None,Reg,Lvl,AllPub,Inside,Gtl,NAmes,Norm,Norm,1Fam,1Story,5,8,1950,2002,Gable,CompShg,VinylSd,VinylSd,None,0.0,TA,TA,CBlock,TA,TA,No,ALQ,398,BLQ,149,317,864,GasA,Gd,SBrkr,864,0,0,864,1,0,1,0,3,1,Gd,5,Typ,0,None,Detchd,1980.0,RFn,2,720,TA,TA,Y,194,0,0,0,0,0,None,0,7,2007,WD,Normal,False,False,True,False,True
951,951,952,20,60.0,7800,None,Reg,Lvl,AllPub,Corner,Gtl,SawyerW,Norm,Norm,1Fam,1Story,5,5,1965,1965,Gable,CompShg,VinylSd,VinylSd,None,0.0,TA,TA,CBlock,TA,TA,No,BLQ,641,Unf,0,187,828,GasA,Gd,SBrkr,965,0,0,965,1,0,1,0,3,1,TA,6,Typ,0,None,Detchd,1979.0,Unf,1,300,TA,TA,Y,421,0,0,0,0,0,MnPrv,0,7,2006,WD,Abnorml,False,True,False,False,True
952,952,953,85,60.0,7200,None,Reg,Lvl,AllPub,Inside,Gtl,CollgCr,Norm,Norm,1Fam,SFoyer,5,8,1972,2003,Gable,CompShg,WdShing,HdBoard,None,0.0,TA,Gd,CBlock,Gd,TA,Av,GLQ,660,Unf,0,108,768,GasA,Gd,SBrkr,768,0,0,768,0,1,1,0,2,1,TA,5,Typ,0,None,Detchd,1974.0,Fin,1,396,TA,TA,Y,192,0,0,0,0,0,MnPrv,0,4,2009,WD,Normal,False,False,True,False,True
953,953,954,60,69.0,11075,None,IR1,Lvl,AllPub,Inside,Mod,Mitchel,Norm,Norm,1Fam,2Story,5,4,1969,1969,Gable,CompShg,HdBoard,HdBoard,BrkFace,232.0,TA,TA,CBlock,TA,TA,Av,ALQ,562,LwQ,193,29,784,GasA,Ex,SBrkr,1168,800,0,1968,0,1,2,1,4,1,TA,7,Min2,1,Po,Attchd,1969.0,RFn,2,530,TA,TA,Y,305,189,0,0,0,0,MnPrv,400,9,2008,WD,Normal,False,False,True,False,True
954,954,955,90,35.0,9400,None,IR1,Lvl,AllPub,CulDSac,Gtl,Edwards,Norm,Norm,Duplex,SFoyer,6,5,1975,1975,Flat,Tar&Grv,WdShing,Plywood,BrkFace,250.0,TA,TA,CBlock,Gd,Gd,Gd,GLQ,945,Unf,0,0,945,GasA,TA,SBrkr,980,0,0,980,0,2,2,0,4,0,TA,4,Typ,0,None,None,1980.0,None,0,0,None,None,Y,0,0,0,0,0,0,None,0,10,2006,WD,AdjLand,False,False,True,False,True
955,955,956,90,82.0,7136,None,IR1,HLS,AllPub,Inside,Gtl,Crawfor,Norm,Norm,Duplex,2Story,6,6,1946,1950,Gable,CompShg,MetalSd,MetalSd,BrkFace,423.0,TA,TA,CBlock,Gd,TA,No,Rec,484,Unf,0,495,979,GasA,TA,FuseF,979,979,0,1958,0,0,2,0,4,2,TA,8,Typ,0,None,Attchd,1946.0,Unf,2,492,TA,TA,Y,0,0,0,0,0,0,None,0,8,2007,WD,Normal,False,True,False,False,True
956,956,957,160,24.0,1300,None,Reg,Lvl,AllPub,Inside,Gtl,Blueste,Norm,Norm,TwnhsE,2Story,6,6,1980,1980,Gable,CompShg,MetalSd,MetalSd,None,0.0,TA,TA,CBlock,Gd,TA,No,ALQ,285,Unf,0,276,561,GasA,TA,SBrkr,561,668,0,1229,0,0,1,1,2,1,TA,5,Typ,1,TA,Attchd,1980.0,Fin,2,462,TA,TA,Y,150,0,0,0,0,0,GdPrv,0,5,2009,WD,Normal,False,False,False,True,True
957,957,958,20,70.0,7420,None,Reg,Lvl,AllPub,Inside,Gtl,Sawyer,Norm,Norm,1Fam,1Story,5,5,1962,1962,Hip,CompShg,MetalSd,MetalSd,None,0.0,TA,TA,CBlock,TA,TA,No,Rec,417,Unf,0,640,1057,GasA,TA,SBrkr,1057,0,0,1057,0,0,1,0,3,1,TA,6,Typ,0,None,Detchd,1977.0,Fin,2,576,TA,TA,Y,0,0,0,0,0,0,None,0,4,2007,WD,Normal,False,False,True,False,True
958,958,959,20,65.0,8450,None,Reg,Lvl,AllPub,Inside,Gtl,CollgCr,Norm,Norm,1Fam,1Story,7,5,2003,2003,Gable,CompShg,VinylSd,VinylSd,None,0.0,Gd,TA,PConc,Gd,TA,Mn,GLQ,699,Unf,0,638,1337,GasA,Ex,SBrkr,1337,0,0,1337,1,0,2,0,3,1,Gd,6,Typ,0,None,Attchd,2003.0,RFn,2,531,TA,TA,Y,0,39,0,0,0,0,None,0,10,2007,WD,Normal,False,False,True,False,True
959,959,960,160,24.0,2572,None,Reg,Lvl,AllPub,FR2,Gtl,Somerst,Norm,Norm,Twnhs,2Story,7,5,1999,1999,Hip,CompShg,MetalSd,MetalSd,None,0.0,Gd,TA,PConc,Gd,TA,No,ALQ,604,Unf,0,92,696,GasA,Ex,SBrkr,696,720,0,1416,1,0,2,1,3,1,Gd,6,Typ,0,None,Detchd,1999.0,Unf,2,484,TA,TA,Y,0,44,0,0,0,0,None,0,5,2010,WD,Normal,True,False,False,False,True
960,960,961,20,50.0,7207,None,IR1,Lvl,AllPub,Inside,Gtl,BrkSide,Norm,Norm,1Fam,1Story,5,7,1958,2008,Gable,CompShg,Wd Sdng,Plywood,None,0.0,TA,Gd,CBlock,TA,TA,Gd,BLQ,696,Unf,0,162,858,GasA,Gd,SBrkr,858,0,0,858,1,0,1,0,2,1,TA,4,Typ,0,None,None,1980.0,None,0,0,None,None,Y,117,0,0,0,0,0,None,0,2,2010,WD,Normal,False,False,True,False,True
961,961,962,60,69.0,12227,None,IR1,Lvl,AllPub,Corner,Gtl,NWAmes,PosN,Norm,1Fam,2Story,6,7,1977,1995,Gable,CompShg,HdBoard,HdBoard,BrkFace,424.0,TA,Gd,CBlock,Gd,Gd,No,ALQ,896,Unf,0,434,1330,GasA,TA,SBrkr,1542,1330,0,2872,1,0,2,1,4,1,TA,11,Typ,1,TA,Attchd,1977.0,Fin,2,619,TA,TA,Y,550,282,0,0,0,0,None,0,7,2008,WD,Normal,False,False,True,False,True
962,962,963,160,24.0,2308,None,Reg,Lvl,AllPub,Corner,Gtl,NPkVill,Norm,Norm,TwnhsE,2Story,6,6,1976,1976,Gable,CompShg,Plywood,Brk Cmn,None,0.0,TA,TA,CBlock,Gd,TA,No,ALQ,556,Unf,0,248,804,GasA,TA,SBrkr,804,744,0,1548,1,0,2,1,3,1,Gd,7,Typ,1,TA,Detchd,1976.0,Unf,2,440,TA,TA,Y,48,0,0,0,0,0,None,0,7,2007,WD,Normal,False,False,True,False,True
963,963,964,20,122.0,11923,None,IR1,Lvl,AllPub,Corner,Gtl,CollgCr,Norm,Norm,1Fam,1Story,9,5,2007,2007,Gable,CompShg,VinylSd,VinylSd,None,0.0,Gd,TA,PConc,Ex,TA,No,Unf,0,Unf,0,1800,1800,GasA,Ex,SBrkr,1800,0,0,1800,0,0,2,0,2,1,Ex,7,Typ,0,None,Attchd,2007.0,Fin,2,702,TA,TA,Y,288,136,0,0,0,0,None,0,5,2009,WD,Normal,False,False,True,False,True
964,964,965,60,80.0,11316,None,Reg,Lvl,AllPub,Corner,Gtl,Timber,Norm,Norm,1Fam,2Story,7,5,2002,2003,Gable,CompShg,VinylSd,VinylSd,BrkFace,44.0,Gd,TA,PConc,Gd,TA,No,GLQ,624,Unf,0,193,817,GasA,Ex,SBrkr,824,1070,0,1894,1,0,2,1,4,1,Gd,8,Typ,1,Gd,BuiltIn,2002.0,Fin,2,510,TA,TA,Y,0,40,0,0,0,0,None,0,2,2010,WD,Normal,False,False,True,False,True
965,965,966,60,65.0,10237,None,Reg,Lvl,AllPub,Inside,Gtl,Gilbert,RRAn,Norm,1Fam,2Story,6,5,2005,2007,Gable,CompShg,VinylSd,VinylSd,None,0.0,Gd,TA,PConc,Gd,TA,No,Unf,0,Unf,0,783,783,GasA,Ex,SBrkr,783,701,0,1484,0,0,2,1,3,1,Gd,8,Typ,1,Gd,Attchd,2005.0,Fin,2,393,TA,TA,Y,0,72,0,0,0,0,None,0,7,2007,New,Partial,False,False,True,False,True
966,966,967,50,130.0,9600,None,IR1,HLS,AllPub,Inside,Gtl,Crawfor,Norm,Norm,1Fam,1.5Fin,5,7,1940,1950,Gable,CompShg,MetalSd,MetalSd,None,0.0,Gd,Gd,BrkTil,TA,Fa,No,Rec,428,Unf,0,300,728,GasA,Ex,SBrkr,976,332,0,1308,1,0,1,1,2,1,TA,7,Min2,2,TA,Detchd,1940.0,Unf,1,256,TA,TA,Y,0,70,0,0,0,0,None,0,6,2009,WD,Normal,False,False,True,False,True
967,967,968,20,69.0,7390,None,IR1,Lvl,AllPub,Inside,Gtl,NAmes,Norm,Norm,1Fam,1Story,5,7,1955,1955,Hip,CompShg,Wd Sdng,Wd Sdng,BrkFace,151.0,TA,TA,CBlock,TA,TA,No,ALQ,902,Unf,0,196,1098,GasA,TA,SBrkr,1098,0,0,1098,1,0,1,0,3,1,TA,6,Typ,0,None,Attchd,1955.0,Unf,1,260,TA,TA,Y,0,0,0,0,0,0,None,0,7,2008,WD,Normal,False,False,True,False,True
968,968,969,50,50.0,5925,None,Reg,Lvl,AllPub,Inside,Gtl,OldTown,Norm,Norm,1Fam,1.5Fin,3,6,1910,1950,Gable,CompShg,VinylSd,VinylSd,None,0.0,TA,TA,BrkTil,TA,TA,No,Unf,0,Unf,0,600,600,Grav,Fa,SBrkr,600,368,0,968,0,0,1,0,2,1,TA,6,Typ,0,None,None,1980.0,None,0,0,None,None,Y,0,0,0,0,0,0,GdWo,0,5,2009,WD,Abnorml,False,False,False,True,True
969,969,970,190,75.0,10382,None,Reg,Lvl,AllPub,Inside,Gtl,NAmes,Norm,Norm,2fmCon,SLvl,6,5,1958,1958,Hip,CompShg,HdBoard,HdBoard,BrkFace,105.0,TA,Fa,CBlock,TA,TA,Gd,ALQ,513,Unf,0,75,588,GasA,TA,SBrkr,1095,0,0,1095,1,0,1,0,2,1,TA,6,Typ,0,None,Attchd,1958.0,RFn,1,264,TA,TA,Y,0,0,0,0,0,0,None,0,3,2006,ConLD,Normal,False,False,True,False,True
970,970,971,50,60.0,10800,None,Reg,Lvl,AllPub,Inside,Gtl,NAmes,Norm,Norm,1Fam,1.5Fin,4,4,1949,1950,Gable,CompShg,AsbShng,AsbShng,None,0.0,TA,TA,CBlock,TA,TA,No,Unf,0,Unf,0,720,720,GasA,TA,FuseA,720,472,0,1192,0,0,1,1,4,1,TA,6,Typ,0,None,None,1980.0,None,0,0,None,None,Y,0,0,0,0,0,0,None,0,12,2006,WD,Abnorml,False,False,True,False,True
971,971,972,160,36.0,2268,None,Reg,Lvl,AllPub,Inside,Gtl,NridgHt,Norm,Norm,Twnhs,2Story,7,5,2003,2004,Gable,CompShg,VinylSd,Wd Shng,Stone,106.0,Gd,TA,PConc,Gd,TA,No,GLQ,567,Unf,0,197,764,GasA,Ex,SBrkr,764,862,0,1626,0,0,2,0,2,1,Gd,6,Typ,0,None,BuiltIn,2003.0,RFn,2,474,TA,TA,Y,0,27,0,0,0,0,None,0,7,2009,WD,Normal,False,False,True,False,True
972,972,973,120,55.0,7892,None,Reg,Lvl,AllPub,Inside,Gtl,SawyerW,Norm,Norm,TwnhsE,1Story,6,5,1979,1979,Gable,CompShg,Plywood,Plywood,None,0.0,TA,TA,CBlock,Gd,TA,No,Unf,0,Unf,0,918,918,GasA,TA,SBrkr,918,0,0,918,0,0,2,0,2,1,TA,5,Typ,1,TA,Attchd,1979.0,Unf,1,264,TA,TA,Y,28,0,0,0,0,0,None,0,4,2010,WD,Normal,False,False,True,False,True
973,973,974,20,95.0,11639,None,Reg,Lvl,AllPub,Corner,Gtl,Somerst,Norm,Norm,1Fam,1Story,7,5,2007,2008,Gable,CompShg,CemntBd,CmentBd,None,0.0,Gd,TA,PConc,Gd,TA,No,Unf,0,Unf,0,1428,1428,GasA,Ex,SBrkr,1428,0,0,1428,0,0,2,0,3,1,Gd,6,Typ,0,None,Attchd,2007.0,Fin,2,480,TA,TA,Y,0,120,0,0,0,0,None,0,12,2008,New,Partial,True,False,False,False,True
974,974,975,70,60.0,11414,None,IR1,Lvl,AllPub,Corner,Gtl,BrkSide,RRAn,Feedr,1Fam,2Story,7,8,1910,1993,Gable,CompShg,HdBoard,HdBoard,None,0.0,TA,Gd,BrkTil,Gd,TA,No,Unf,0,Unf,0,728,728,GasA,TA,SBrkr,1136,883,0,2019,0,0,1,0,3,1,Gd,8,Typ,0,None,Detchd,1997.0,Unf,2,532,TA,TA,Y,509,135,0,0,0,0,GdPrv,0,10,2009,WD,Normal,False,False,True,False,True
975,975,976,160,69.0,2651,None,Reg,Lvl,AllPub,FR2,Gtl,Somerst,Norm,Norm,Twnhs,2Story,7,5,2000,2000,Gable,CompShg,MetalSd,MetalSd,None,0.0,Gd,TA,PConc,Gd,TA,No,GLQ,641,Unf,0,32,673,GasA,Ex,SBrkr,673,709,0,1382,1,0,2,1,3,1,Gd,6,Typ,0,None,Detchd,2000.0,Unf,2,490,TA,TA,Y,153,50,0,0,0,0,None,0,4,2006,WD,Normal,True,False,False,False,True
976,976,977,30,51.0,5900,None,IR1,Bnk,AllPub,Inside,Gtl,BrkSide,Norm,Norm,1Fam,1Story,4,7,1923,1958,Gable,CompShg,Wd Sdng,Wd Sdng,None,0.0,TA,TA,PConc,Gd,TA,No,Unf,0,Unf,0,440,440,GasA,TA,FuseA,869,0,0,869,0,0,1,0,2,1,Fa,4,Typ,0,None,None,1980.0,None,0,0,None,None,Y,0,0,0,0,0,0,None,0,8,2006,WD,Normal,False,False,True,False,True
977,977,978,120,35.0,4274,Pave,IR1,Lvl,AllPub,Inside,Gtl,Somerst,Norm,Norm,TwnhsE,1Story,7,5,2006,2007,Gable,CompShg,VinylSd,VinylSd,None,0.0,Gd,TA,PConc,Gd,TA,No,GLQ,1106,Unf,0,135,1241,GasA,Ex,SBrkr,1241,0,0,1241,1,0,1,1,1,1,Gd,4,Typ,0,None,Attchd,2007.0,Fin,2,569,TA,TA,Y,0,116,0,0,0,0,None,0,11,2007,New,Partial,True,False,False,False,True
978,978,979,20,68.0,9450,None,Reg,Bnk,AllPub,Inside,Mod,Edwards,Norm,Norm,1Fam,1Story,4,5,1954,1954,Gable,CompShg,MetalSd,MetalSd,None,0.0,TA,TA,CBlock,TA,TA,No,LwQ,552,Unf,0,342,894,GasA,Ex,SBrkr,894,0,0,894,0,0,1,0,3,1,TA,5,Typ,0,None,Detchd,1999.0,Unf,2,400,TA,TA,Y,0,0,0,0,0,0,None,0,5,2007,WD,Abnorml,False,False,True,False,True
979,979,980,20,80.0,8816,None,Reg,Lvl,AllPub,Corner,Gtl,Sawyer,Feedr,Norm,1Fam,1Story,5,6,1963,1963,Gable,CompShg,VinylSd,VinylSd,None,0.0,TA,TA,PConc,TA,TA,No,Rec,651,Unf,0,470,1121,GasA,TA,SBrkr,1121,0,0,1121,1,0,1,0,3,1,TA,5,Typ,0,None,Detchd,1963.0,Unf,2,480,TA,TA,Y,0,80,0,0,0,0,MnPrv,0,6,2009,WD,Normal,False,False,True,False,True
980,980,981,85,69.0,12122,None,IR1,Lvl,AllPub,Corner,Gtl,NAmes,Norm,Norm,1Fam,SFoyer,7,9,1961,2007,Gable,CompShg,CemntBd,CmentBd,Stone,210.0,Ex,TA,CBlock,TA,TA,Av,ALQ,867,Unf,0,77,944,GasA,Gd,SBrkr,999,0,0,999,1,0,1,0,3,1,Ex,6,Typ,0,None,Attchd,1961.0,RFn,2,588,TA,TA,Y,144,76,0,0,0,0,None,0,7,2008,WD,Normal,False,False,True,False,True
981,981,982,60,98.0,12203,None,IR1,Lvl,AllPub,Corner,Gtl,NoRidge,Norm,Norm,1Fam,2Story,8,5,1998,1999,Hip,CompShg,VinylSd,VinylSd,BrkFace,975.0,Gd,TA,PConc,Gd,TA,No,GLQ,854,Unf,0,371,1225,GasA,Ex,SBrkr,1276,1336,0,2612,1,0,2,1,4,1,Gd,8,Typ,1,TA,Attchd,1998.0,Fin,3,676,TA,TA,Y,250,0,0,0,0,0,None,0,7,2009,WD,Normal,False,False,True,False,True
982,982,983,20,43.0,3182,None,Reg,Lvl,AllPub,Inside,Gtl,Blmngtn,Norm,Norm,1Fam,1Story,7,5,2007,2007,Gable,CompShg,VinylSd,VinylSd,BrkFace,16.0,Gd,TA,PConc,Gd,TA,Av,Unf,0,Unf,0,1266,1266,GasA,Ex,SBrkr,1266,0,0,1266,0,0,2,0,2,1,Gd,6,Typ,1,Gd,Attchd,2007.0,Fin,2,388,TA,TA,Y,100,16,0,0,0,0,None,0,3,2008,WD,Normal,False,False,True,False,True
983,983,984,60,69.0,11250,None,Reg,Lvl,AllPub,Corner,Gtl,CollgCr,Norm,Norm,1Fam,2Story,8,5,2002,2002,Gable,CompShg,CemntBd,CmentBd,None,0.0,Gd,TA,PConc,Gd,TA,Mn,Unf,0,Unf,0,1128,1128,GasA,Ex,SBrkr,1149,1141,0,2290,0,0,2,1,4,1,Gd,9,Typ,1,Gd,Attchd,2002.0,Unf,2,779,TA,TA,Y,0,0,0,0,0,0,None,0,5,2008,WD,Normal,False,False,True,False,True
984,984,985,90,75.0,10125,None,Reg,Lvl,AllPub,Inside,Gtl,Mitchel,Norm,Norm,Duplex,1.5Fin,5,5,1977,1977,Gable,CompShg,Plywood,Plywood,None,0.0,TA,TA,CBlock,None,None,None,None,0,None,0,0,0,GasA,TA,SBrkr,1302,432,0,1734,0,0,2,0,4,2,Gd,8,Typ,0,None,Attchd,1977.0,Unf,2,539,TA,TA,Y,0,0,0,0,0,0,None,0,8,2009,COD,Normal,False,False,True,False,True
985,985,986,190,68.0,10880,None,Reg,Lvl,AllPub,Inside,Gtl,Edwards,Norm,Norm,2fmCon,1Story,5,5,1950,1950,Gable,CompShg,MetalSd,MetalSd,None,0.0,TA,TA,CBlock,TA,TA,No,ALQ,1040,Unf,0,124,1164,GasW,TA,SBrkr,1164,0,0,1164,1,0,1,0,3,1,TA,5,Typ,0,None,Detchd,1950.0,Unf,1,240,TA,TA,Y,0,48,0,0,0,0,None,0,8,2008,ConLD,Normal,False,False,True,False,True
986,986,987,50,59.0,5310,None,Reg,Lvl,AllPub,Corner,Gtl,OldTown,Feedr,Norm,1Fam,1.5Fin,6,8,1910,2003,Hip,CompShg,VinylSd,VinylSd,None,0.0,TA,Gd,CBlock,TA,Fa,No,Unf,0,Unf,0,485,485,GasA,Gd,SBrkr,1001,634,0,1635,0,0,1,0,2,1,Gd,5,Typ,0,None,Attchd,1950.0,Unf,1,255,Fa,TA,Y,394,0,0,0,0,0,None,0,6,2006,WD,Normal,False,False,False,True,True
987,987,988,20,83.0,10159,None,IR1,Lvl,AllPub,Inside,Gtl,NridgHt,Norm,Norm,1Fam,1Story,9,5,2009,2010,Hip,CompShg,VinylSd,VinylSd,Stone,450.0,Ex,TA,PConc,Ex,TA,Av,GLQ,1646,Unf,0,284,1930,GasA,Ex,SBrkr,1940,0,0,1940,1,0,2,1,3,1,Ex,8,Typ,1,Gd,Attchd,2010.0,Fin,3,606,TA,TA,Y,168,95,0,0,0,0,None,0,4,2010,New,Partial,False,False,True,False,True
988,988,989,60,69.0,12046,None,IR1,Lvl,AllPub,Inside,Gtl,NWAmes,Norm,Norm,1Fam,2Story,6,6,1976,1976,Gable,CompShg,Plywood,Plywood,BrkFace,298.0,TA,TA,CBlock,TA,TA,No,LwQ,156,Unf,0,692,848,GasA,TA,SBrkr,1118,912,0,2030,0,0,2,1,4,1,Gd,8,Typ,1,TA,Attchd,1976.0,Fin,2,551,TA,TA,Y,0,224,0,0,0,0,None,0,6,2007,WD,Normal,False,False,True,False,True
989,989,990,60,65.0,8125,None,Reg,Lvl,AllPub,Inside,Gtl,Somerst,Norm,Norm,1Fam,2Story,7,5,2006,2006,Gable,CompShg,VinylSd,VinylSd,None,0.0,Gd,TA,PConc,Gd,Gd,No,Unf,0,Unf,0,770,770,GasA,Ex,SBrkr,778,798,0,1576,0,0,2,1,3,1,Gd,6,Typ,0,None,Attchd,2006.0,RFn,2,614,TA,TA,Y,0,50,0,0,0,0,None,0,8,2006,New,Partial,True,False,False,False,True
990,990,991,60,82.0,9452,None,Reg,Lvl,AllPub,Inside,Gtl,NoRidge,Norm,Norm,1Fam,2Story,8,5,1997,1998,Gable,CompShg,VinylSd,VinylSd,BrkFace,423.0,Gd,TA,PConc,Gd,TA,No,GLQ,1074,Unf,0,322,1396,GasA,Ex,SBrkr,1407,985,0,2392,1,0,2,1,3,1,Gd,7,Typ,1,TA,Attchd,1997.0,Fin,3,870,TA,TA,Y,0,70,0,0,0,0,None,0,6,2006,WD,Normal,False,False,True,False,True
991,991,992,70,121.0,17671,Grvl,Reg,Lvl,AllPub,Corner,Gtl,OldTown,Artery,Norm,1Fam,2Story,8,9,1882,1986,Gable,CompShg,Wd Sdng,Wd Sdng,None,0.0,Gd,Gd,BrkTil,TA,TA,No,BLQ,216,Unf,0,700,916,GasA,Gd,SBrkr,916,826,0,1742,0,0,1,1,4,1,Gd,8,Typ,1,Gd,Attchd,1925.0,Unf,2,424,TA,TA,P,0,169,0,0,0,0,None,0,11,2009,WD,Normal,False,False,False,True,True
992,992,993,60,80.0,9760,None,Reg,Lvl,AllPub,Inside,Mod,NAmes,Norm,Norm,1Fam,2Story,6,8,1964,1993,Hip,CompShg,Wd Sdng,Wd Sdng,BrkFace,340.0,TA,TA,CBlock,TA,TA,Gd,BLQ,536,Rec,117,169,822,GasA,Gd,SBrkr,1020,831,0,1851,0,0,2,1,3,1,Gd,7,Typ,1,Fa,Attchd,1964.0,RFn,2,440,TA,TA,Y,239,42,0,0,0,0,MnWw,0,7,2007,WD,Normal,False,False,True,False,True
993,993,994,60,68.0,8846,None,Reg,Lvl,AllPub,Inside,Gtl,CollgCr,Norm,Norm,1Fam,2Story,6,5,2005,2006,Gable,CompShg,VinylSd,VinylSd,None,0.0,TA,TA,PConc,Gd,TA,No,Unf,0,Unf,0,750,750,GasA,Ex,SBrkr,750,750,0,1500,0,0,2,1,3,1,Gd,6,Typ,0,None,Attchd,2005.0,RFn,2,564,TA,TA,Y,0,35,0,0,0,0,None,0,8,2006,New,Partial,False,False,True,False,True
994,994,995,20,96.0,12456,None,Reg,Lvl,AllPub,FR2,Gtl,NridgHt,Norm,Norm,1Fam,1Story,10,5,2006,2007,Hip,CompShg,CemntBd,CmentBd,Stone,230.0,Ex,TA,PConc,Ex,TA,Gd,GLQ,1172,Unf,0,528,1700,GasA,Ex,SBrkr,1718,0,0,1718,1,0,2,0,3,1,Ex,7,Typ,1,Gd,Attchd,2008.0,Fin,3,786,TA,TA,Y,216,48,0,0,0,0,None,0,7,2009,WD,Normal,False,False,True,False,True
995,995,996,50,51.0,4712,None,IR1,Lvl,AllPub,Inside,Mod,BrkSide,Feedr,Norm,1Fam,1.5Fin,4,7,1946,1950,Gable,CompShg,MetalSd,MetalSd,None,0.0,TA,TA,CBlock,TA,TA,No,ALQ,384,Unf,0,363,747,GasA,TA,SBrkr,774,456,0,1230,1,0,1,1,3,1,TA,5,Typ,0,None,Detchd,1946.0,Unf,1,305,TA,TA,Y,0,57,0,0,63,0,MnPrv,0,8,2006,WD,Abnorml,False,False,True,False,True
996,996,997,20,69.0,10659,None,IR1,Lvl,AllPub,Inside,Gtl,NAmes,Norm,Norm,1Fam,1Story,5,6,1961,1961,Hip,CompShg,Wd Sdng,Wd Sdng,None,0.0,TA,TA,CBlock,TA,TA,No,Rec,915,Unf,0,135,1050,GasA,TA,SBrkr,1050,0,0,1050,1,0,1,0,3,1,TA,6,Typ,0,None,Attchd,1961.0,Unf,1,368,TA,TA,Y,0,319,0,0,0,0,None,0,1,2006,COD,Normal,False,False,True,False,True
997,997,998,20,69.0,11717,None,IR1,Lvl,AllPub,Inside,Gtl,NWAmes,PosA,Norm,1Fam,1Story,6,6,1970,1970,Hip,CompShg,HdBoard,HdBoard,BrkFace,571.0,TA,TA,CBlock,TA,TA,No,Unf,0,Unf,0,1442,1442,GasA,TA,SBrkr,1442,0,0,1442,0,0,2,0,2,1,TA,6,Typ,1,TA,Attchd,1970.0,RFn,2,615,TA,TA,Y,371,0,0,0,0,0,None,0,2,2009,WD,Normal,False,False,True,False,True
998,998,999,30,60.0,9786,None,Reg,Lvl,AllPub,Inside,Gtl,IDOTRR,Norm,Norm,1Fam,1Story,3,4,1922,1950,Hip,CompShg,Wd Sdng,Wd Sdng,None,0.0,TA,TA,BrkTil,TA,Fa,No,Unf,0,Unf,0,1007,1007,GasA,Fa,SBrkr,1077,0,0,1077,0,0,1,0,3,1,TA,6,Typ,1,Gd,Detchd,1922.0,Unf,1,210,TA,Fa,P,0,100,48,0,0,0,None,0,5,2006,WD,Normal,False,False,False,True,True
999,999,1000,20,64.0,6762,None,Reg,Lvl,AllPub,Inside,Gtl,CollgCr,Norm,Norm,1Fam,1Story,7,5,2006,2006,Gable,CompShg,VinylSd,VinylSd,Stone,24.0,Gd,TA,PConc,Gd,TA,Av,GLQ,686,Unf,0,501,1187,GasA,Ex,SBrkr,1208,0,0,1208,1,0,2,0,2,1,Gd,6,Typ,0,None,Attchd,2006.0,RFn,2,632,TA,TA,Y,105,61,0,0,0,0,None,0,2,2010,WD,Normal,False,False,True,False,True
1000,1000,1001,20,74.0,10206,None,Reg,Lvl,AllPub,Corner,Gtl,Edwards,Norm,Norm,1Fam,1Story,3,3,1952,1952,Flat,Tar&Grv,BrkComm,Brk Cmn,None,0.0,TA,TA,Slab,None,None,None,None,0,None,0,0,0,GasW,Fa,FuseF,944,0,0,944,0,0,1,0,2,1,Fa,4,Min1,0,None,Detchd,1956.0,Unf,2,528,TA,Fa,Y,0,0,0,0,0,0,None,0,7,2009,WD,Normal,False,False,True,False,True
1001,1001,1002,30,60.0,5400,None,Reg,Lvl,AllPub,Corner,Gtl,OldTown,Norm,Norm,1Fam,1Story,5,6,1920,1950,Gable,CompShg,Wd Sdng,Wd Sdng,None,0.0,TA,TA,BrkTil,Fa,TA,No,Unf,0,Unf,0,691,691,GasA,Ex,FuseA,691,0,0,691,0,0,1,0,2,1,Ex,4,Typ,0,None,Detchd,1920.0,Unf,1,216,Fa,TA,N,0,20,94,0,0,0,None,0,1,2007,WD,Abnorml,False,False,True,False,True
1002,1002,1003,20,75.0,11957,None,IR1,Lvl,AllPub,Inside,Gtl,Somerst,RRAn,Norm,1Fam,1Story,8,5,2006,2006,Gable,CompShg,VinylSd,VinylSd,BrkFace,53.0,Gd,TA,PConc,Gd,TA,No,GLQ,24,Unf,0,1550,1574,GasA,Ex,SBrkr,1574,0,0,1574,0,0,2,0,3,1,Gd,7,Typ,1,Gd,Attchd,2006.0,RFn,3,824,TA,TA,Y,144,104,0,0,0,0,None,0,7,2008,WD,Normal,False,False,True,False,True
1003,1003,1004,90,69.0,11500,None,IR1,Lvl,AllPub,Corner,Gtl,NWAmes,Feedr,RRAn,Duplex,1Story,5,6,1976,1976,Gable,CompShg,VinylSd,VinylSd,BrkFace,164.0,TA,TA,CBlock,TA,TA,No,Unf,0,Unf,0,1680,1680,GasA,Fa,SBrkr,1680,0,0,1680,0,0,2,0,4,2,TA,8,Typ,0,None,Detchd,1976.0,Unf,2,528,TA,TA,Y,0,0,0,0,0,0,None,0,6,2007,WD,Normal,False,False,True,False,True
1004,1004,1005,120,43.0,3182,None,Reg,Lvl,AllPub,Inside,Gtl,Blmngtn,Norm,Norm,TwnhsE,1Story,7,5,2005,2006,Gable,CompShg,VinylSd,VinylSd,BrkFace,16.0,Gd,TA,PConc,Gd,TA,No,GLQ,16,Unf,0,1330,1346,GasA,Ex,SBrkr,1504,0,0,1504,0,0,2,0,1,1,Gd,7,Typ,1,Gd,Attchd,2005.0,Fin,2,457,TA,TA,Y,156,0,0,0,0,0,None,0,5,2009,WD,Normal,False,False,True,False,True
1005,1005,1006,80,65.0,8385,None,Reg,Lvl,AllPub,Inside,Gtl,CollgCr,Norm,Norm,1Fam,SLvl,5,8,1977,1977,Gable,CompShg,HdBoard,HdBoard,BrkFace,220.0,Gd,TA,CBlock,Gd,Gd,Av,GLQ,595,Unf,0,390,985,GasA,TA,SBrkr,985,0,0,985,0,0,2,0,3,1,TA,6,Typ,0,None,Attchd,1977.0,Unf,1,328,TA,TA,Y,210,0,0,0,0,0,None,0,11,2008,WD,Normal,False,False,True,False,True
1006,1006,1007,20,69.0,12155,None,IR3,Lvl,AllPub,Inside,Gtl,NAmes,PosN,Norm,1Fam,1Story,6,3,1970,1970,Gable,CompShg,Plywood,Plywood,None,0.0,TA,TA,CBlock,Gd,TA,No,LwQ,1237,Unf,0,420,1657,GasA,Gd,SBrkr,1657,0,0,1657,0,1,2,0,3,1,TA,7,Typ,1,TA,Attchd,1970.0,Unf,2,484,TA,TA,Y,0,0,0,0,147,0,None,0,3,2007,WD,Normal,False,False,True,False,True
1007,1007,1008,160,21.0,2217,None,Reg,Lvl,AllPub,Inside,Gtl,MeadowV,Norm,Norm,TwnhsE,2Story,4,4,1970,1970,Gable,CompShg,CemntBd,CmentBd,None,0.0,TA,TA,CBlock,TA,TA,No,BLQ,273,LwQ,273,0,546,GasA,TA,SBrkr,546,546,0,1092,0,0,1,1,3,1,TA,6,Typ,0,None,Attchd,1970.0,RFn,1,286,TA,TA,Y,238,0,0,0,0,0,None,0,8,2009,WD,Normal,False,False,False,True,True
1008,1008,1009,20,43.0,12118,None,IR1,Lvl,AllPub,CulDSac,Gtl,Mitchel,Norm,Norm,1Fam,1Story,7,5,2004,2005,Hip,CompShg,VinylSd,VinylSd,Stone,108.0,Gd,TA,PConc,Ex,TA,Mn,Unf,0,Unf,0,1710,1710,GasA,Ex,SBrkr,1710,0,0,1710,0,0,2,0,3,1,Gd,7,Typ,1,Gd,Attchd,2004.0,Fin,2,550,TA,TA,Y,100,48,0,0,180,0,None,0,4,2009,WD,Normal,False,False,True,False,True
1009,1009,1010,50,60.0,6000,None,Reg,Lvl,AllPub,Inside,Gtl,SWISU,Norm,Norm,1Fam,1.5Fin,5,5,1926,1950,Gable,CompShg,Wd Sdng,Wd Sdng,None,0.0,TA,Fa,BrkTil,TA,TA,No,Unf,0,Unf,0,1008,1008,GasA,Ex,SBrkr,1008,0,514,1522,0,0,2,0,4,1,TA,7,Typ,0,None,None,1980.0,None,0,0,None,None,P,0,0,138,0,0,0,None,0,6,2006,WD,Normal,False,False,True,False,True
1010,1010,1011,50,115.0,21286,None,Reg,Lvl,AllPub,Inside,Gtl,Sawyer,Norm,Norm,1Fam,1.5Fin,5,5,1948,1950,Gable,CompShg,Wd Sdng,Wd Sdng,None,0.0,TA,TA,CBlock,TA,TA,No,Unf,0,Unf,0,720,720,GasA,TA,SBrkr,720,551,0,1271,0,0,2,0,4,1,TA,7,Typ,1,Gd,Attchd,1948.0,Unf,1,312,TA,TA,Y,0,0,108,0,0,0,None,0,8,2008,WD,Normal,False,False,True,False,True
1011,1011,1012,90,75.0,9825,None,Reg,Lvl,AllPub,Inside,Gtl,Edwards,Norm,Norm,Duplex,1Story,5,5,1965,1965,Hip,CompShg,AsphShn,AsphShn,None,0.0,TA,TA,CBlock,None,None,None,None,0,None,0,0,0,GasA,TA,SBrkr,1664,0,0,1664,0,0,2,0,4,2,TA,8,Typ,0,None,None,1980.0,None,0,0,None,None,Y,0,0,0,0,0,0,None,0,5,2010,WD,Normal,False,False,True,False,True
1012,1012,1013,70,55.0,10592,None,Reg,Lvl,AllPub,Inside,Gtl,Crawfor,Norm,Norm,1Fam,2Story,6,7,1923,1996,Hip,CompShg,Wd Sdng,Wd Sdng,None,0.0,TA,Gd,PConc,TA,Fa,No,Unf,0,Unf,0,602,602,GasA,TA,SBrkr,900,602,0,1502,0,0,1,1,3,1,Gd,7,Typ,2,TA,Detchd,1923.0,Unf,1,180,TA,TA,Y,96,0,112,0,53,0,None,0,8,2007,WD,Normal,False,False,True,False,True
1013,1013,1014,30,60.0,7200,None,Reg,Lvl,AllPub,Inside,Gtl,OldTown,Norm,Norm,1Fam,1Story,5,4,1910,2006,Hip,CompShg,MetalSd,Stucco,None,0.0,TA,TA,BrkTil,TA,TA,No,ALQ,247,Rec,465,310,1022,GasW,TA,SBrkr,1022,0,0,1022,1,0,1,0,2,1,TA,4,Maj2,0,None,Detchd,1956.0,Unf,1,280,TA,TA,Y,0,30,226,0,0,0,None,0,6,2009,WD,Normal,False,False,False,True,True
1014,1014,1015,20,60.0,11664,None,Reg,Lvl,AllPub,Inside,Gtl,NAmes,Artery,Norm,1Fam,1Story,6,5,1948,1950,Gable,CompShg,MetalSd,MetalSd,BrkFace,206.0,TA,TA,CBlock,TA,Fa,No,BLQ,336,Unf,0,746,1082,GasA,TA,SBrkr,1082,0,0,1082,0,0,1,0,2,1,TA,5,Typ,1,Gd,Detchd,1948.0,Unf,1,240,TA,TA,Y,0,130,0,0,0,0,None,0,11,2007,WD,Normal,False,False,True,False,True
1015,1015,1016,60,70.0,8400,None,Reg,Lvl,AllPub,Inside,Gtl,NWAmes,Norm,Norm,1Fam,2Story,8,6,2001,2001,Gable,CompShg,VinylSd,VinylSd,None,0.0,Gd,TA,PConc,Gd,TA,No,GLQ,643,Unf,0,167,810,GasA,Ex,SBrkr,810,855,0,1665,1,0,2,1,3,1,Gd,6,Typ,0,None,Attchd,2001.0,Fin,2,528,TA,TA,Y,0,45,0,0,0,0,None,0,11,2009,WD,Normal,False,False,True,False,True
1016,1016,1017,20,73.0,11883,None,Reg,Lvl,AllPub,Inside,Gtl,CollgCr,Norm,Norm,1Fam,1Story,7,5,1996,1996,Hip,CompShg,VinylSd,VinylSd,BrkFace,196.0,Gd,TA,PConc,Gd,TA,Gd,GLQ,690,Unf,0,814,1504,GasA,Ex,SBrkr,1504,0,0,1504,1,0,2,0,3,1,Gd,6,Typ,1,TA,Attchd,1996.0,Fin,2,478,TA,TA,Y,115,66,0,0,0,0,None,0,6,2009,WD,Normal,False,False,True,False,True
1017,1017,1018,120,69.0,5814,None,IR1,Lvl,AllPub,CulDSac,Gtl,StoneBr,Norm,Norm,TwnhsE,1Story,8,5,1984,1984,Gable,CompShg,HdBoard,HdBoard,None,0.0,Gd,TA,CBlock,Gd,TA,Av,GLQ,1036,Unf,0,184,1220,GasA,Gd,SBrkr,1360,0,0,1360,1,0,1,0,1,1,Gd,4,Typ,1,Ex,Attchd,1984.0,RFn,2,565,TA,TA,Y,63,0,0,0,0,0,None,0,8,2009,COD,Abnorml,False,False,True,False,True
1018,1018,1019,80,69.0,10784,None,IR1,Lvl,AllPub,FR2,Gtl,Gilbert,Norm,Norm,1Fam,SLvl,7,5,1991,1992,Gable,CompShg,HdBoard,HdBoard,BrkFace,76.0,Gd,TA,PConc,Gd,TA,No,Unf,0,Unf,0,384,384,GasA,Gd,SBrkr,802,670,0,1472,0,0,2,1,3,1,Gd,7,Typ,1,TA,Attchd,1991.0,RFn,2,402,TA,TA,Y,164,0,0,0,0,0,None,0,5,2007,WD,Normal,False,False,True,False,True
1019,1019,1020,120,43.0,3013,None,Reg,Lvl,AllPub,Inside,Gtl,Blmngtn,Norm,Norm,TwnhsE,1Story,7,5,2005,2005,Gable,CompShg,VinylSd,VinylSd,BrkFace,145.0,Gd,TA,PConc,Gd,TA,Gd,GLQ,16,Unf,0,1346,1362,GasA,Ex,SBrkr,1506,0,0,1506,0,0,2,0,2,1,Gd,6,Typ,1,Gd,Attchd,2005.0,Fin,2,440,TA,TA,Y,142,20,0,0,0,0,None,0,4,2006,WD,Normal,False,False,True,False,True
1020,1020,1021,20,60.0,7024,None,Reg,Lvl,AllPub,Inside,Gtl,Edwards,Norm,Norm,1Fam,1Story,4,5,2005,2005,Gable,CompShg,VinylSd,VinylSd,None,0.0,TA,TA,PConc,Gd,TA,No,GLQ,1024,Unf,0,108,1132,GasA,Ex,SBrkr,1132,0,0,1132,1,0,1,1,2,1,Gd,5,Typ,0,None,Attchd,2005.0,Fin,2,451,TA,TA,Y,252,64,0,0,0,0,None,0,6,2008,WD,Normal,False,False,True,False,True
1021,1021,1022,20,64.0,7406,None,Reg,Lvl,AllPub,Inside,Gtl,CollgCr,Norm,Norm,1Fam,1Story,7,5,2006,2006,Gable,CompShg,VinylSd,VinylSd,Stone,84.0,Gd,TA,PConc,Gd,TA,Av,GLQ,684,Unf,0,515,1199,GasA,Ex,SBrkr,1220,0,0,1220,1,0,2,0,2,1,Gd,6,Typ,0,None,Attchd,2006.0,RFn,2,632,TA,TA,Y,105,54,0,0,0,0,None,0,7,2006,New,Partial,False,False,True,False,True
1022,1022,1023,50,52.0,9439,None,Reg,Lvl,AllPub,Inside,Gtl,OldTown,Norm,Norm,1Fam,1.5Fin,5,5,1930,1950,Gable,CompShg,Wd Sdng,Wd Sdng,None,0.0,TA,TA,CBlock,TA,TA,No,LwQ,324,Unf,0,588,912,GasA,Gd,FuseA,912,336,0,1248,0,0,1,0,2,1,TA,6,Typ,0,None,Detchd,1957.0,Unf,1,160,Fa,Fa,Y,0,0,192,0,0,0,None,0,3,2007,WD,Normal,False,False,False,True,True
1023,1023,1024,120,43.0,3182,None,Reg,Lvl,AllPub,Inside,Gtl,Blmngtn,Norm,Norm,TwnhsE,1Story,7,5,2005,2006,Gable,CompShg,VinylSd,VinylSd,BrkFace,14.0,Gd,TA,PConc,Gd,Gd,No,GLQ,16,Unf,0,1330,1346,GasA,Ex,SBrkr,1504,0,0,1504,0,0,2,0,2,1,Gd,7,Typ,1,Gd,Attchd,2005.0,Fin,2,437,TA,TA,Y,156,20,0,0,0,0,None,0,5,2008,WD,Normal,False,False,True,False,True
1024,1024,1025,20,69.0,15498,None,IR1,Lvl,AllPub,Corner,Gtl,Timber,Norm,Norm,1Fam,1Story,8,6,1976,1976,Hip,WdShake,Stone,HdBoard,None,0.0,Gd,TA,CBlock,Gd,TA,Av,ALQ,1165,LwQ,400,0,1565,GasA,TA,SBrkr,2898,0,0,2898,1,0,2,0,2,1,Gd,10,Typ,1,Gd,Attchd,1976.0,Fin,2,665,TA,TA,Y,0,72,174,0,0,0,None,0,5,2008,COD,Abnorml,False,False,True,False,True
1025,1025,1026,20,70.0,7700,None,Reg,Lvl,AllPub,Corner,Gtl,CollgCr,Norm,Norm,1Fam,1Story,5,5,1972,1972,Gable,CompShg,VinylSd,VinylSd,None,0.0,TA,TA,CBlock,TA,TA,No,LwQ,138,Rec,468,276,882,GasA,TA,SBrkr,882,0,0,882,1,0,1,0,3,1,TA,5,Typ,0,None,Detchd,1980.0,Unf,2,461,TA,TA,Y,96,0,0,0,0,0,MnPrv,0,3,2007,WD,Normal,False,False,True,False,True
1026,1026,1027,20,73.0,9300,None,Reg,Lvl,AllPub,Inside,Gtl,NAmes,Feedr,Norm,1Fam,1Story,5,5,1960,1960,Gable,CompShg,MetalSd,HdBoard,BrkFace,324.0,TA,TA,CBlock,TA,TA,No,Rec,697,Unf,0,571,1268,GasA,TA,SBrkr,1264,0,0,1264,1,0,1,0,3,1,TA,6,Typ,2,Gd,Attchd,1960.0,Unf,2,461,TA,TA,Y,0,0,0,0,143,0,None,0,4,2010,WD,Normal,False,False,True,False,True
1027,1027,1028,20,71.0,9520,None,IR1,HLS,AllPub,Inside,Gtl,Timber,Norm,Norm,1Fam,1Story,8,5,2007,2008,Gable,CompShg,VinylSd,VinylSd,Stone,338.0,Gd,TA,PConc,Gd,TA,Gd,GLQ,1513,Unf,0,125,1638,GasA,Ex,SBrkr,1646,0,0,1646,1,0,2,0,3,1,Gd,7,Typ,1,Gd,Attchd,2008.0,RFn,3,800,TA,TA,Y,192,44,0,0,0,0,None,0,4,2008,New,Partial,False,False,True,False,True
1028,1028,1029,50,79.0,9492,None,Reg,Lvl,AllPub,Inside,Gtl,NAmes,Artery,Norm,1Fam,1.5Fin,5,5,1941,1950,Gable,CompShg,WdShing,Wd Shng,None,0.0,TA,TA,CBlock,TA,TA,No,Rec,368,BLQ,41,359,768,GasA,TA,SBrkr,968,408,0,1376,1,0,1,0,3,1,TA,6,Typ,1,Gd,Attchd,1941.0,Unf,1,240,TA,TA,Y,0,0,0,0,0,0,None,0,4,2007,WD,Normal,False,False,True,False,True
1029,1029,1030,160,21.0,1680,None,Reg,Lvl,AllPub,Inside,Gtl,BrDale,Norm,Norm,Twnhs,2Story,6,7,1972,1972,Gable,CompShg,HdBoard,HdBoard,BrkFace,281.0,TA,TA,CBlock,TA,TA,No,BLQ,317,Unf,0,355,672,GasA,Gd,SBrkr,672,546,0,1218,0,1,1,1,3,1,TA,7,Typ,0,None,Detchd,1972.0,Unf,1,264,TA,TA,Y,0,28,0,0,0,0,None,0,5,2006,WD,Normal,False,False,False,True,True
1030,1030,1031,190,69.0,7082,None,Reg,Lvl,AllPub,Inside,Gtl,SWISU,Norm,Norm,2fmCon,2Story,5,8,1916,1995,Gable,CompShg,VinylSd,VinylSd,None,0.0,TA,TA,PConc,TA,TA,Mn,Unf,0,Unf,0,686,686,GasA,Gd,SBrkr,948,980,0,1928,0,0,2,0,5,2,TA,10,Typ,0,None,None,1980.0,None,0,0,None,None,N,0,0,228,0,0,0,None,0,7,2006,WD,Normal,False,True,False,False,True
1031,1031,1032,75,102.0,15863,None,Reg,Lvl,AllPub,Corner,Gtl,SWISU,Norm,Norm,1Fam,2.5Fin,7,3,1920,1970,Gable,CompShg,Wd Sdng,Plywood,None,0.0,TA,TA,BrkTil,TA,TA,No,GLQ,523,Unf,0,301,824,GasA,Ex,SBrkr,1687,998,397,3082,1,0,2,1,5,1,TA,12,Typ,2,TA,Basment,1970.0,Fin,2,672,TA,TA,Y,136,63,0,0,0,0,None,0,8,2009,WD,Normal,False,False,True,False,True
1032,1032,1033,60,69.0,14541,None,IR1,Lvl,AllPub,Corner,Gtl,NoRidge,Norm,Norm,1Fam,2Story,8,7,1993,1993,Gable,CompShg,MetalSd,MetalSd,None,0.0,Gd,Gd,PConc,Gd,Gd,No,GLQ,1012,Unf,0,326,1338,GasA,Ex,SBrkr,1352,1168,0,2520,1,0,2,1,5,1,Gd,10,Typ,1,TA,Attchd,1993.0,RFn,3,796,TA,TA,Y,209,55,0,0,0,0,None,0,11,2006,WD,Abnorml,False,False,True,False,True
1033,1033,1034,20,69.0,8125,None,Reg,Lvl,AllPub,Inside,Gtl,CollgCr,Norm,Norm,1Fam,1Story,7,5,2002,2002,Gable,CompShg,VinylSd,VinylSd,Stone,295.0,Gd,TA,PConc,Gd,TA,No,GLQ,986,Unf,0,668,1654,GasA,Ex,SBrkr,1654,0,0,1654,1,0,2,0,3,1,Gd,6,Typ,0,None,Attchd,2002.0,Unf,3,900,TA,TA,Y,0,136,0,0,0,0,None,0,2,2006,WD,Normal,False,False,True,False,True
1034,1034,1035,30,50.0,6305,None,Reg,Bnk,AllPub,Inside,Gtl,Crawfor,Norm,Norm,1Fam,1Story,5,7,1938,1950,Gable,CompShg,MetalSd,MetalSd,None,0.0,TA,Gd,PConc,Fa,Fa,No,Unf,0,Unf,0,920,920,GasA,Ex,SBrkr,954,0,0,954,0,0,1,0,2,1,Fa,5,Typ,1,Gd,Basment,1938.0,Unf,1,240,Fa,TA,Y,0,0,0,0,0,0,MnPrv,0,6,2007,WD,Normal,False,False,True,False,True
1035,1035,1036,20,69.0,11500,None,IR1,Lvl,AllPub,CulDSac,Gtl,Edwards,Norm,Norm,1Fam,1Story,4,3,1957,1957,Gable,CompShg,Wd Sdng,Wd Sdng,None,0.0,TA,Gd,Slab,None,None,None,None,0,None,0,0,0,GasA,Ex,SBrkr,845,0,0,845,0,0,1,0,3,1,TA,5,Typ,0,None,Detchd,1957.0,Unf,1,290,TA,TA,N,186,0,0,0,0,0,None,0,1,2009,WD,Normal,False,False,True,False,True
1036,1036,1037,20,89.0,12898,None,IR1,HLS,AllPub,Inside,Gtl,Timber,Norm,Norm,1Fam,1Story,9,5,2007,2008,Hip,CompShg,VinylSd,VinylSd,Stone,70.0,Gd,TA,PConc,Ex,TA,Gd,GLQ,1022,Unf,0,598,1620,GasA,Ex,SBrkr,1620,0,0,1620,1,0,2,0,2,1,Ex,6,Typ,1,Ex,Attchd,2008.0,Fin,3,912,TA,TA,Y,228,0,0,0,0,0,None,0,9,2009,WD,Normal,False,False,True,False,True
1037,1037,1038,60,69.0,9240,None,Reg,Lvl,AllPub,Inside,Gtl,CollgCr,Norm,Norm,1Fam,2Story,8,5,2001,2002,Gable,CompShg,VinylSd,VinylSd,BrkFace,396.0,Gd,TA,PConc,Gd,TA,No,Unf,0,Unf,0,1055,1055,GasA,Ex,SBrkr,1055,1208,0,2263,0,0,2,1,3,1,Gd,7,Typ,1,TA,BuiltIn,2001.0,Fin,2,905,TA,TA,Y,0,45,0,0,189,0,None,0,9,2008,WD,Normal,False,False,True,False,True
1038,1038,1039,160,21.0,1533,None,Reg,Lvl,AllPub,Inside,Gtl,MeadowV,Norm,Norm,Twnhs,2Story,4,6,1970,2008,Gable,CompShg,CemntBd,CmentBd,None,0.0,TA,TA,CBlock,TA,TA,No,Unf,0,Unf,0,546,546,GasA,TA,SBrkr,798,546,0,1344,0,0,1,1,3,1,TA,6,Typ,1,TA,None,1980.0,None,0,0,None,None,Y,0,0,0,0,0,0,None,0,5,2009,WD,Normal,False,False,False,True,True
1039,1039,1040,180,21.0,1477,None,Reg,Lvl,AllPub,Inside,Gtl,MeadowV,Norm,Norm,TwnhsE,SFoyer,4,4,1970,1970,Gable,CompShg,CemntBd,CmentBd,None,0.0,TA,TA,CBlock,Gd,TA,Av,GLQ,509,Unf,0,121,630,GasA,TA,SBrkr,630,0,0,630,1,0,1,0,1,1,TA,3,Typ,0,None,Attchd,1970.0,Unf,1,286,TA,TA,Y,0,0,0,0,0,0,None,0,4,2009,WD,Normal,False,False,False,True,True
1040,1040,1041,20,88.0,13125,None,Reg,Lvl,AllPub,Corner,Gtl,Sawyer,Norm,Norm,1Fam,1Story,5,4,1957,2000,Gable,CompShg,Wd Sdng,Wd Sdng,BrkCmn,67.0,TA,TA,CBlock,TA,TA,No,Rec,168,BLQ,682,284,1134,GasA,Ex,SBrkr,1803,0,0,1803,1,0,2,0,3,1,TA,8,Maj1,1,TA,Attchd,1957.0,RFn,2,484,TA,TA,Y,0,0,0,0,0,0,GdPrv,0,1,2006,WD,Normal,False,False,True,False,True
1041,1041,1042,60,69.0,9130,None,Reg,Lvl,AllPub,Inside,Gtl,NWAmes,Feedr,Norm,1Fam,2Story,6,8,1966,2000,Hip,CompShg,HdBoard,HdBoard,BrkFace,252.0,TA,TA,CBlock,TA,TA,No,GLQ,400,Rec,64,336,800,GasA,Gd,SBrkr,800,832,0,1632,0,1,1,1,4,1,Gd,7,Typ,0,None,Attchd,1966.0,Unf,2,484,TA,TA,Y,0,40,0,0,0,0,None,0,7,2008,WD,Normal,False,False,True,False,True
1042,1042,1043,120,34.0,5381,None,IR1,Lvl,AllPub,Inside,Gtl,NridgHt,Norm,Norm,Twnhs,1Story,6,5,2005,2005,Gable,CompShg,VinylSd,VinylSd,Stone,135.0,Gd,TA,PConc,Gd,TA,Av,ALQ,900,Unf,0,406,1306,GasA,Ex,SBrkr,1306,0,0,1306,1,0,2,0,1,1,Gd,5,Typ,1,Gd,Attchd,2005.0,RFn,2,624,TA,TA,Y,170,63,0,0,0,0,None,0,8,2009,WD,Normal,False,False,True,False,True
1043,1043,1044,60,86.0,11839,None,Reg,Lvl,AllPub,Inside,Gtl,SawyerW,Norm,Norm,1Fam,2Story,7,5,1990,1990,Hip,CompShg,HdBoard,HdBoard,BrkFace,99.0,TA,TA,PConc,Gd,TA,No,GLQ,1085,Unf,0,390,1475,GasA,Ex,SBrkr,1532,797,0,2329,1,0,2,1,4,1,Gd,10,Typ,1,Ex,Attchd,1990.0,Unf,2,514,TA,TA,Y,192,121,0,0,0,0,None,0,5,2008,WD,Normal,False,False,True,False,True
1044,1044,1045,20,80.0,9600,None,Reg,Lvl,AllPub,Inside,Gtl,NWAmes,PosN,Norm,1Fam,1Story,8,5,1981,1981,Hip,WdShngl,BrkFace,BrkFace,None,0.0,Gd,TA,PConc,Gd,TA,No,ALQ,1104,Unf,0,1420,2524,GasA,TA,SBrkr,2524,0,0,2524,1,0,2,1,4,1,Gd,9,Typ,1,Gd,Attchd,1981.0,Fin,2,542,TA,TA,Y,474,120,0,0,0,0,MnPrv,0,7,2009,WD,Normal,False,False,True,False,True
1045,1045,1046,20,69.0,13680,None,IR1,Lvl,AllPub,CulDSac,Gtl,Edwards,Norm,Norm,1Fam,1Story,3,5,1955,1955,Hip,CompShg,BrkFace,Wd Sdng,None,0.0,TA,TA,Slab,None,None,None,None,0,None,0,0,0,GasA,Ex,FuseA,1733,0,0,1733,0,0,2,0,4,1,TA,8,Min2,1,Gd,Attchd,1955.0,Unf,2,452,TA,TA,Y,0,0,0,0,0,0,None,0,6,2009,WD,Normal,False,False,True,False,True
1046,1046,1047,60,85.0,16056,None,IR1,Lvl,AllPub,Inside,Gtl,StoneBr,Norm,Norm,1Fam,2Story,9,5,2005,2006,Hip,CompShg,CemntBd,CmentBd,Stone,208.0,Gd,TA,PConc,Ex,TA,Av,GLQ,240,Unf,0,1752,1992,GasA,Ex,SBrkr,1992,876,0,2868,0,0,3,1,4,1,Ex,11,Typ,1,Gd,BuiltIn,2005.0,Fin,3,716,TA,TA,Y,214,108,0,0,0,0,None,0,7,2006,New,Partial,False,False,True,False,True
1047,1047,1048,20,57.0,9245,None,IR2,Lvl,AllPub,Inside,Gtl,CollgCr,Norm,Norm,1Fam,1Story,5,5,1994,1995,Gable,CompShg,VinylSd,VinylSd,None,0.0,TA,TA,PConc,Gd,TA,No,GLQ,686,Unf,0,304,990,GasA,Ex,SBrkr,990,0,0,990,0,1,1,0,3,1,TA,5,Typ,0,None,Detchd,1996.0,Unf,2,672,TA,TA,Y,0,0,0,0,0,0,None,0,2,2008,WD,Normal,False,False,True,False,True
1048,1048,1049,20,100.0,21750,None,Reg,Lvl,AllPub,Inside,Gtl,Mitchel,Norm,Norm,1Fam,1Story,5,4,1960,2006,Hip,CompShg,HdBoard,HdBoard,BrkFace,75.0,TA,Fa,Slab,None,None,None,None,0,None,0,0,0,GasA,TA,SBrkr,1771,0,0,1771,0,0,1,0,3,1,TA,9,Min1,1,TA,Attchd,1960.0,Unf,2,336,TA,TA,Y,0,0,0,0,0,0,GdPrv,0,11,2009,WD,Normal,False,False,True,False,True
1049,1049,1050,20,60.0,11100,None,Reg,Low,AllPub,Inside,Gtl,Edwards,Norm,Norm,1Fam,1Story,4,7,1946,2006,Gable,CompShg,MetalSd,MetalSd,None,0.0,TA,TA,CBlock,None,None,None,None,0,None,0,0,0,GasA,Ex,SBrkr,930,0,0,930,0,0,1,0,2,1,Gd,6,Typ,0,None,Detchd,1946.0,Unf,1,308,TA,TA,Y,0,0,0,0,0,0,None,0,4,2010,WD,Abnorml,False,False,True,False,True
1050,1050,1051,20,73.0,8993,None,IR1,Lvl,AllPub,Inside,Gtl,Gilbert,Norm,Norm,1Fam,1Story,7,5,2007,2007,Gable,CompShg,VinylSd,VinylSd,None,0.0,Gd,TA,PConc,Gd,TA,Av,Unf,0,Unf,0,1302,1302,GasA,Ex,SBrkr,1302,0,0,1302,0,0,2,0,3,1,Gd,6,Typ,0,None,Attchd,2007.0,Fin,2,436,TA,TA,Y,0,22,0,0,0,0,None,0,8,2007,New,Partial,False,False,True,False,True
1051,1051,1052,20,103.0,11175,None,IR1,Lvl,AllPub,Corner,Gtl,CollgCr,Norm,Norm,1Fam,1Story,7,5,2007,2007,Gable,CompShg,VinylSd,VinylSd,None,0.0,Gd,TA,PConc,Gd,TA,Av,Unf,0,Unf,0,1316,1316,GasA,Ex,SBrkr,1316,0,0,1316,0,0,2,0,3,1,Gd,6,Typ,1,Gd,Attchd,2007.0,Fin,2,440,TA,TA,Y,0,20,0,0,0,0,None,0,10,2007,New,Partial,False,False,True,False,True
1052,1052,1053,60,100.0,9500,None,Reg,Lvl,AllPub,Corner,Gtl,NAmes,Artery,Norm,1Fam,2Story,6,6,1964,1978,Gable,CompShg,VinylSd,VinylSd,BrkCmn,272.0,TA,TA,CBlock,TA,TA,No,Rec,442,Unf,0,374,816,GasA,TA,SBrkr,1127,850,0,1977,0,1,1,1,4,1,TA,9,Typ,1,TA,Attchd,1964.0,RFn,2,540,TA,TA,Y,0,52,0,0,0,0,GdPrv,0,6,2007,WD,Normal,False,False,True,False,True
1053,1053,1054,20,68.0,8562,None,Reg,Lvl,AllPub,Inside,Mod,Edwards,Norm,Norm,1Fam,1Story,5,6,1957,2002,Hip,CompShg,HdBoard,HdBoard,Stone,145.0,TA,TA,CBlock,TA,TA,Av,Rec,383,Unf,0,833,1216,GasA,Ex,FuseA,1526,0,0,1526,0,0,1,0,4,1,TA,7,Min2,1,Gd,Basment,1957.0,Unf,1,364,TA,TA,Y,116,78,0,0,0,0,None,0,5,2010,WD,Normal,False,False,True,False,True
1054,1054,1055,60,90.0,11367,None,Reg,Lvl,AllPub,Corner,Gtl,CollgCr,Norm,Norm,1Fam,2Story,8,5,2002,2002,Gable,CompShg,VinylSd,VinylSd,BrkFace,210.0,Gd,TA,PConc,Gd,TA,Mn,GLQ,932,Unf,0,133,1065,GasA,Ex,SBrkr,1091,898,0,1989,1,0,2,1,3,1,Gd,7,Typ,1,Gd,Attchd,2002.0,Fin,2,586,TA,TA,Y,199,60,0,0,0,0,None,0,11,2006,WD,Normal,False,False,True,False,True
1055,1055,1056,20,104.0,11361,None,Reg,Lvl,AllPub,Inside,Gtl,NWAmes,Norm,Norm,1Fam,1Story,6,5,1976,1976,Gable,CompShg,Plywood,Plywood,BrkFace,160.0,TA,TA,CBlock,Gd,TA,No,ALQ,644,Unf,0,549,1193,GasA,TA,SBrkr,1523,0,0,1523,0,1,2,0,3,1,TA,7,Typ,1,TA,Attchd,1976.0,Fin,2,478,TA,TA,Y,0,0,0,0,189,0,MnPrv,0,5,2008,COD,Abnorml,False,False,True,False,True
1056,1056,1057,120,43.0,7052,None,IR1,Lvl,AllPub,Inside,Gtl,NridgHt,Norm,Norm,TwnhsE,1Story,7,5,2005,2005,Gable,CompShg,VinylSd,VinylSd,Stone,240.0,Gd,TA,PConc,Gd,TA,Av,GLQ,659,Unf,0,705,1364,GasA,Ex,SBrkr,1364,0,0,1364,1,0,2,0,2,1,Gd,6,Typ,1,Gd,Attchd,2005.0,RFn,2,484,TA,TA,Y,192,36,0,0,0,0,None,0,6,2006,WD,Normal,False,False,True,False,True
1057,1057,1058,60,69.0,29959,None,IR2,Lvl,AllPub,FR2,Gtl,NoRidge,Norm,Norm,1Fam,2Story,7,6,1994,1994,Gable,CompShg,HdBoard,HdBoard,None,0.0,Gd,TA,PConc,Gd,TA,No,GLQ,595,Unf,0,378,973,GasA,Ex,SBrkr,979,871,0,1850,0,0,2,1,3,1,Gd,7,Typ,1,Gd,BuiltIn,1994.0,Fin,2,467,TA,TA,Y,168,98,0,0,0,0,None,0,1,2009,WD,Normal,False,False,True,False,True
1058,1058,1059,60,96.0,11308,None,IR1,Lvl,AllPub,Inside,Gtl,NridgHt,Norm,Norm,1Fam,2Story,9,5,2008,2008,Gable,CompShg,VinylSd,VinylSd,Stone,154.0,Ex,TA,PConc,Ex,TA,Av,GLQ,936,Unf,0,168,1104,GasA,Ex,SBrkr,1130,1054,0,2184,1,0,2,1,3,1,Ex,10,Typ,1,Gd,Attchd,2008.0,Fin,3,836,TA,TA,Y,0,102,0,0,0,0,None,0,7,2009,WD,Normal,False,False,True,False,True
1059,1059,1060,50,69.0,11275,None,IR1,HLS,AllPub,Corner,Mod,Crawfor,Norm,Norm,1Fam,1.5Fin,6,7,1932,1950,Gable,CompShg,MetalSd,MetalSd,BrkFace,480.0,TA,TA,CBlock,TA,TA,Mn,Rec,297,LwQ,557,0,854,GasA,TA,SBrkr,1096,895,0,1991,0,0,1,1,3,1,TA,7,Typ,1,Gd,Detchd,1977.0,Unf,2,432,TA,Fa,Y,0,0,19,0,0,0,None,0,3,2007,WD,Normal,False,False,True,False,True
1060,1060,1061,120,41.0,4920,None,Reg,Lvl,AllPub,Inside,Gtl,StoneBr,Norm,Norm,TwnhsE,1Story,8,5,2001,2001,Gable,CompShg,CemntBd,CmentBd,None,0.0,Gd,TA,PConc,Gd,TA,Mn,GLQ,616,Unf,0,722,1338,GasA,Ex,SBrkr,1338,0,0,1338,1,0,2,0,2,1,Gd,6,Typ,0,None,Attchd,2001.0,Fin,2,582,TA,TA,Y,0,0,170,0,0,0,None,0,4,2010,WD,Normal,False,False,True,False,True
1061,1061,1062,30,120.0,18000,None,Reg,Low,AllPub,Inside,Gtl,IDOTRR,Norm,Norm,1Fam,1Story,3,4,1935,1950,Gable,CompShg,MetalSd,MetalSd,None,0.0,Fa,TA,CBlock,TA,TA,No,Unf,0,Unf,0,894,894,GasA,TA,SBrkr,894,0,0,894,0,0,1,0,2,1,TA,6,Typ,0,None,Detchd,1994.0,RFn,3,1248,TA,TA,Y,0,20,0,0,0,0,None,560,8,2008,ConLD,Normal,False,False,False,False,False
1062,1062,1063,190,85.0,13600,Grvl,Reg,Lvl,AllPub,Inside,Gtl,OldTown,Norm,Norm,2fmCon,2Story,5,5,1900,1950,Gable,CompShg,Wd Sdng,Wd Sdng,None,0.0,TA,TA,BrkTil,TA,TA,No,Unf,0,Unf,0,662,662,GasA,TA,SBrkr,1422,915,0,2337,0,0,2,0,5,2,TA,10,Min2,0,None,Detchd,1945.0,Unf,2,560,TA,TA,Y,0,57,0,0,0,0,None,0,9,2007,WD,Normal,False,False,False,True,True
1063,1063,1064,30,50.0,6000,None,Reg,Lvl,AllPub,Inside,Gtl,OldTown,Artery,Norm,1Fam,1Story,6,6,1925,1980,Gable,CompShg,MetalSd,MetalSd,None,0.0,TA,Gd,BrkTil,TA,TA,No,BLQ,397,Unf,0,706,1103,GasA,Gd,SBrkr,1103,0,0,1103,0,0,1,0,2,1,Gd,5,Typ,1,Gd,Detchd,1976.0,Unf,2,440,TA,TA,Y,166,120,0,0,0,0,MnPrv,0,7,2006,WD,Normal,False,False,False,True,True
1064,1064,1065,20,69.0,11000,None,IR1,Lvl,AllPub,CulDSac,Gtl,NAmes,Norm,Norm,1Fam,1Story,5,6,1966,1966,Gable,CompShg,Plywood,Plywood,BrkFace,200.0,TA,TA,CBlock,TA,TA,Mn,BLQ,740,Rec,230,184,1154,GasA,Ex,SBrkr,1154,0,0,1154,0,0,1,1,3,1,TA,6,Typ,1,Po,Attchd,1966.0,RFn,2,480,TA,TA,Y,0,58,0,0,0,0,MnPrv,0,11,2009,WD,Normal,False,False,True,False,True
1065,1065,1066,60,80.0,14000,None,Reg,Lvl,AllPub,Inside,Mod,ClearCr,Norm,Norm,1Fam,2Story,7,5,1996,1997,Gable,CompShg,Wd Sdng,Wd Sdng,None,0.0,Gd,TA,PConc,Ex,TA,Gd,GLQ,1201,Unf,0,105,1306,GasA,Ex,SBrkr,1306,954,0,2260,1,0,2,1,3,1,Gd,7,Typ,0,None,Attchd,1996.0,RFn,2,533,TA,TA,Y,296,44,0,0,0,0,None,0,4,2010,WD,Normal,False,False,True,False,True
1066,1066,1067,60,59.0,7837,None,IR1,Lvl,AllPub,Inside,Gtl,Gilbert,Norm,Norm,1Fam,2Story,6,7,1993,1994,Gable,CompShg,VinylSd,VinylSd,None,0.0,Gd,TA,PConc,Gd,TA,No,Unf,0,Unf,0,799,799,GasA,Gd,SBrkr,799,772,0,1571,0,0,2,1,3,1,TA,7,Typ,1,TA,Attchd,1993.0,RFn,2,380,TA,TA,Y,0,40,0,0,0,0,None,0,5,2009,WD,Normal,False,False,True,False,True
1067,1067,1068,60,80.0,9760,None,Reg,Lvl,AllPub,Inside,Mod,NAmes,Norm,Norm,1Fam,2Story,6,6,1964,1964,Gable,CompShg,HdBoard,HdBoard,BrkFace,360.0,TA,TA,CBlock,TA,TA,Gd,GLQ,674,LwQ,106,0,780,GasA,TA,SBrkr,798,813,0,1611,1,0,1,1,4,1,TA,7,Typ,0,None,Attchd,1964.0,RFn,2,442,TA,TA,Y,328,128,0,0,189,0,None,0,6,2008,WD,Normal,False,False,True,False,True
1068,1068,1069,160,42.0,3964,None,Reg,Lvl,AllPub,Inside,Gtl,MeadowV,Norm,Norm,TwnhsE,2Story,6,4,1973,1973,Gable,CompShg,CemntBd,CmentBd,None,0.0,TA,TA,CBlock,Gd,TA,No,ALQ,837,Unf,0,105,942,GasA,Gd,SBrkr,1291,1230,0,2521,1,0,2,1,5,1,TA,10,Maj1,1,Gd,Attchd,1973.0,Fin,2,576,TA,TA,Y,728,20,0,0,0,0,GdPrv,0,6,2006,WD,Normal,False,False,False,True,True
1069,1069,1070,45,60.0,9600,None,Reg,Lvl,AllPub,Inside,Gtl,NAmes,Norm,Norm,1Fam,1.5Unf,5,7,1949,2003,Gable,CompShg,MetalSd,MetalSd,None,0.0,TA,TA,CBlock,TA,TA,No,ALQ,220,Unf,0,625,845,GasA,TA,SBrkr,893,0,0,893,0,1,1,0,2,1,Gd,4,Typ,0,None,Detchd,1985.0,Unf,2,576,TA,TA,Y,0,0,0,0,0,0,None,0,5,2007,WD,Normal,False,False,True,False,True
1070,1070,1071,20,72.0,10152,None,Reg,Lvl,AllPub,Inside,Gtl,NAmes,Norm,Norm,1Fam,1Story,5,5,1956,1956,Hip,CompShg,MetalSd,MetalSd,BrkFace,120.0,TA,TA,CBlock,TA,TA,No,BLQ,586,Unf,0,462,1048,GasA,TA,SBrkr,1048,0,0,1048,1,0,1,0,3,1,TA,6,Typ,0,None,Attchd,1956.0,Unf,1,286,TA,TA,Y,0,20,0,0,192,0,None,0,6,2007,WD,Normal,False,False,True,False,True
1071,1071,1072,60,78.0,11700,None,Reg,Lvl,AllPub,Inside,Gtl,NWAmes,RRAn,Norm,1Fam,2Story,6,6,1968,1968,Gable,CompShg,MetalSd,MetalSd,None,0.0,TA,TA,CBlock,TA,TA,No,Rec,298,Unf,0,429,727,GasA,Ex,SBrkr,829,727,0,1556,0,0,1,1,4,1,TA,8,Typ,0,None,Attchd,1968.0,Unf,2,441,TA,TA,Y,0,0,0,0,0,0,None,0,5,2009,WD,Normal,False,False,True,False,True
1072,1072,1073,50,50.0,7585,None,Reg,Lvl,AllPub,Inside,Gtl,Edwards,Artery,Norm,1Fam,1.5Fin,5,3,1948,1950,Gable,CompShg,MetalSd,MetalSd,None,0.0,TA,TA,CBlock,Fa,Fa,Mn,Unf,0,Unf,0,810,810,GasA,Fa,FuseA,1002,454,0,1456,1,1,1,0,4,1,TA,7,Typ,1,TA,Detchd,1954.0,Unf,1,280,TA,TA,P,0,0,0,0,0,0,None,0,8,2006,WD,Normal,False,False,True,False,True
1073,1073,1074,60,75.0,7950,None,IR1,Bnk,AllPub,Corner,Gtl,Edwards,Norm,Norm,1Fam,2Story,6,6,1977,1977,Hip,CompShg,HdBoard,Plywood,BrkFace,140.0,TA,TA,CBlock,TA,TA,No,BLQ,535,Unf,0,155,690,GasA,TA,SBrkr,698,728,0,1426,0,0,1,1,3,1,TA,6,Typ,0,None,Attchd,1977.0,Fin,2,440,TA,TA,Y,252,0,0,0,0,0,MnPrv,0,7,2009,WD,Normal,False,False,True,False,True
1074,1074,1075,20,74.0,8556,None,Reg,Lvl,AllPub,Inside,Gtl,CollgCr,Norm,Norm,1Fam,1Story,7,5,2006,2006,Gable,CompShg,VinylSd,VinylSd,None,0.0,Gd,TA,PConc,Gd,TA,Av,Unf,0,Unf,0,1240,1240,GasA,Ex,SBrkr,1240,0,0,1240,0,0,2,0,2,1,Gd,5,Typ,0,None,Attchd,2006.0,RFn,3,826,TA,TA,Y,140,93,0,0,0,0,None,0,5,2007,WD,Normal,False,False,True,False,True
1075,1075,1076,70,75.0,13125,None,Reg,Lvl,AllPub,Inside,Gtl,Crawfor,Norm,Norm,1Fam,2Story,7,6,1940,1984,Gable,CompShg,Wd Sdng,Wd Sdng,None,0.0,TA,TA,CBlock,TA,TA,No,BLQ,410,Unf,0,390,800,GasA,TA,SBrkr,960,780,0,1740,0,0,1,1,3,1,TA,6,Typ,2,Gd,Attchd,1940.0,Unf,1,240,TA,TA,Y,0,0,0,0,0,0,None,0,7,2007,CWD,Normal,False,False,True,False,True
1076,1076,1077,50,60.0,10800,Grvl,Reg,Lvl,AllPub,Inside,Gtl,OldTown,Norm,Norm,1Fam,1.5Fin,5,8,1936,1989,Gable,CompShg,Wd Sdng,Wd Sdng,None,0.0,TA,TA,CBlock,Fa,TA,No,ALQ,626,Unf,0,170,796,GasA,Gd,SBrkr,1096,370,0,1466,0,1,2,0,3,1,Gd,7,Min1,1,TA,Attchd,1950.0,Unf,2,566,TA,TA,Y,436,21,0,0,0,0,None,500,4,2006,WD,Normal,False,False,True,False,True
1077,1077,1078,20,69.0,15870,None,IR1,Lvl,AllPub,Corner,Gtl,NAmes,Norm,Norm,1Fam,1Story,5,5,1969,1969,Gable,CompShg,VinylSd,Plywood,None,0.0,TA,TA,CBlock,TA,TA,Mn,BLQ,75,Rec,791,230,1096,GasA,Ex,SBrkr,1096,0,0,1096,1,0,1,0,3,1,TA,6,Typ,0,None,Attchd,1969.0,Fin,1,299,TA,TA,Y,240,32,0,0,0,0,None,0,3,2006,WD,Abnorml,False,False,True,False,True
1078,1078,1079,120,37.0,4435,None,Reg,Lvl,AllPub,Inside,Gtl,CollgCr,Norm,Norm,TwnhsE,1Story,6,5,2004,2004,Gable,CompShg,VinylSd,VinylSd,BrkFace,169.0,Gd,TA,PConc,Gd,TA,Mn,GLQ,662,Unf,0,186,848,GasA,Ex,SBrkr,848,0,0,848,1,0,1,0,1,1,Gd,3,Typ,1,Gd,Attchd,2004.0,RFn,2,420,TA,TA,Y,140,0,0,0,0,0,None,0,5,2006,WD,Normal,False,False,False,True,True
1079,1079,1080,20,65.0,8775,None,Reg,Lvl,AllPub,Inside,Gtl,CollgCr,Norm,Norm,1Fam,1Story,5,5,1994,1994,Gable,CompShg,VinylSd,VinylSd,None,0.0,TA,TA,PConc,Gd,TA,No,GLQ,495,Unf,0,495,990,GasA,Gd,SBrkr,990,0,0,990,0,0,1,0,3,1,TA,5,Typ,0,None,Attchd,1996.0,Unf,1,299,TA,TA,Y,0,64,0,0,0,0,None,0,4,2007,WD,Normal,False,False,True,False,True
1080,1080,1081,20,80.0,11040,None,Reg,Lvl,AllPub,Inside,Gtl,NWAmes,Norm,Norm,1Fam,1Story,6,7,1971,2004,Gable,CompShg,VinylSd,VinylSd,BrkFace,144.0,Gd,Gd,CBlock,TA,TA,No,ALQ,656,Unf,0,602,1258,GasA,Ex,SBrkr,1258,0,0,1258,0,1,2,0,3,1,Gd,5,Typ,0,None,Attchd,1971.0,RFn,2,528,TA,TA,Y,55,0,0,216,0,0,None,0,10,2008,COD,Abnorml,False,False,True,False,True
1081,1081,1082,20,75.0,7500,None,Reg,Lvl,AllPub,Corner,Gtl,Sawyer,Feedr,Norm,1Fam,1Story,5,5,1963,1963,Gable,CompShg,HdBoard,HdBoard,None,0.0,TA,TA,CBlock,TA,TA,No,ALQ,824,Unf,0,216,1040,GasA,Fa,SBrkr,1040,0,0,1040,1,0,1,1,3,1,TA,5,Typ,0,None,Attchd,1963.0,Fin,1,308,TA,TA,Y,0,0,220,0,0,0,MnPrv,0,6,2010,WD,Normal,False,False,True,False,True
1082,1082,1083,20,70.0,8749,None,Reg,Lvl,AllPub,Inside,Gtl,CollgCr,Norm,Norm,1Fam,1Story,7,5,2002,2002,Gable,CompShg,VinylSd,VinylSd,BrkFace,100.0,Gd,TA,PConc,Gd,TA,No,Unf,0,Unf,0,1459,1459,GasA,Ex,SBrkr,1459,0,0,1459,0,0,2,0,3,1,Gd,6,Typ,1,Gd,Attchd,2002.0,RFn,2,527,TA,TA,Y,192,39,0,0,0,0,None,0,9,2007,WD,Normal,False,False,True,False,True
1083,1083,1084,20,80.0,8800,None,Reg,Lvl,AllPub,Inside,Gtl,NAmes,Norm,Norm,1Fam,1Story,6,6,1964,1964,Hip,CompShg,HdBoard,HdBoard,BrkFace,425.0,TA,TA,CBlock,TA,TA,No,BLQ,553,Unf,0,698,1251,GasA,TA,SBrkr,1251,0,0,1251,1,0,1,0,3,1,TA,6,Typ,2,Gd,Attchd,1964.0,RFn,1,461,TA,TA,Y,0,116,0,0,0,0,MnPrv,700,3,2006,WD,Normal,False,False,True,False,True
1084,1084,1085,60,69.0,13031,None,IR2,Lvl,AllPub,Corner,Gtl,Gilbert,Norm,Norm,1Fam,2Story,6,5,1995,1996,Gable,CompShg,HdBoard,HdBoard,None,0.0,TA,TA,PConc,Gd,TA,No,ALQ,592,Unf,0,99,691,GasA,Gd,SBrkr,691,807,0,1498,0,0,2,1,3,1,TA,6,Typ,1,TA,Attchd,1995.0,Fin,2,409,TA,TA,Y,315,44,0,0,0,0,None,0,7,2006,WD,Normal,False,False,True,False,True
1085,1085,1086,85,73.0,9069,None,Reg,Lvl,AllPub,Inside,Gtl,SawyerW,Norm,Norm,1Fam,SFoyer,6,6,1992,1992,Gable,CompShg,HdBoard,HdBoard,None,0.0,TA,TA,PConc,Gd,TA,Av,GLQ,747,Unf,0,189,936,GasA,Ex,SBrkr,996,0,0,996,1,0,1,0,2,1,Gd,5,Typ,0,None,Attchd,1992.0,Unf,2,564,TA,TA,Y,120,0,0,0,0,0,None,0,4,2010,WD,Normal,False,False,True,False,True
1086,1086,1087,160,69.0,1974,None,Reg,Lvl,AllPub,Inside,Gtl,MeadowV,Norm,Norm,TwnhsE,2Story,4,5,1973,1973,Gable,CompShg,CemntBd,CmentBd,None,0.0,TA,TA,CBlock,TA,TA,No,BLQ,334,Unf,0,212,546,GasA,TA,SBrkr,546,546,0,1092,0,0,1,1,3,1,TA,6,Typ,0,None,Attchd,1973.0,RFn,1,286,TA,TA,Y,120,96,0,0,0,0,None,0,5,2010,WD,Normal,False,False,False,True,True
1087,1087,1088,60,85.0,10574,None,Reg,Lvl,AllPub,Inside,Gtl,Somerst,Norm,Norm,1Fam,2Story,8,5,2005,2006,Gable,CompShg,VinylSd,VinylSd,None,0.0,Gd,TA,PConc,Gd,TA,Mn,Unf,0,Unf,0,1082,1082,GasA,Ex,SBrkr,1082,871,0,1953,0,0,2,1,3,1,Gd,9,Typ,1,Gd,Attchd,2005.0,RFn,3,1043,TA,TA,Y,160,50,0,0,0,0,None,0,5,2009,WD,Normal,True,False,False,False,True
1088,1088,1089,160,24.0,2522,None,Reg,Lvl,AllPub,Inside,Gtl,Edwards,Norm,Norm,Twnhs,2Story,7,5,2004,2004,Gable,CompShg,VinylSd,VinylSd,Stone,50.0,Gd,TA,PConc,Gd,TA,No,Unf,0,Unf,0,970,970,GasA,Ex,SBrkr,970,739,0,1709,0,0,2,0,3,1,Gd,7,Maj1,0,None,Detchd,2004.0,Unf,2,380,TA,TA,Y,0,40,0,0,0,0,None,0,4,2006,WD,Normal,False,False,False,True,True
1089,1089,1090,120,37.0,3316,Pave,IR1,Lvl,AllPub,Inside,Gtl,Somerst,Norm,Norm,TwnhsE,1Story,8,5,2005,2005,Gable,CompShg,MetalSd,MetalSd,None,0.0,Gd,TA,PConc,Gd,TA,No,GLQ,1039,Unf,0,208,1247,GasA,Ex,SBrkr,1247,0,0,1247,1,0,1,1,1,1,Gd,4,Typ,1,Gd,Attchd,2005.0,Fin,2,550,TA,TA,Y,0,84,0,0,0,0,None,0,4,2006,WD,Normal,True,False,False,False,True
1090,1090,1091,90,60.0,8544,None,Reg,Lvl,AllPub,Corner,Gtl,NAmes,Norm,Norm,Duplex,1Story,3,4,1950,1950,Gable,CompShg,BrkFace,BrkFace,None,0.0,TA,TA,Slab,None,None,None,None,0,None,0,0,0,Wall,Fa,FuseA,1040,0,0,1040,0,0,2,0,2,2,TA,6,Typ,0,None,Detchd,1987.0,Unf,2,400,TA,TA,Y,0,0,0,0,0,0,None,0,6,2009,WD,Normal,False,False,True,False,True
1091,1091,1092,160,24.0,2160,Pave,Reg,Lvl,AllPub,Inside,Gtl,Somerst,Norm,Norm,Twnhs,2Story,7,5,1999,2000,Gable,CompShg,MetalSd,MetalSd,BrkFace,212.0,Gd,TA,PConc,Gd,TA,No,BLQ,510,Unf,0,90,600,GasA,Ex,SBrkr,624,628,0,1252,1,0,2,1,2,1,Gd,4,Typ,0,None,Detchd,1999.0,Unf,2,462,TA,TA,Y,0,48,0,0,0,0,None,0,3,2008,WD,Normal,True,False,False,False,True
1092,1092,1093,50,60.0,8400,None,Reg,Bnk,AllPub,Inside,Gtl,SWISU,Norm,Norm,1Fam,1.5Fin,6,5,1925,1950,Gable,CompShg,MetalSd,MetalSd,None,0.0,TA,TA,PConc,TA,TA,No,Rec,423,Unf,0,758,1181,GasA,Fa,SBrkr,1390,304,0,1694,0,0,2,0,4,1,TA,7,Typ,1,Gd,Detchd,1925.0,Unf,2,576,TA,TA,Y,342,0,128,0,0,0,None,0,6,2008,WD,Normal,False,False,True,False,True
1093,1093,1094,20,71.0,9230,None,Reg,Lvl,AllPub,Corner,Gtl,NAmes,Feedr,Norm,1Fam,1Story,5,8,1965,1998,Hip,CompShg,MetalSd,MetalSd,BrkFace,166.0,TA,TA,CBlock,TA,TA,Mn,GLQ,661,Unf,0,203,864,GasA,Gd,SBrkr,1200,0,0,1200,1,0,1,1,1,1,Gd,6,Typ,0,None,Detchd,1977.0,Unf,2,884,TA,TA,Y,0,64,0,0,0,0,MnPrv,0,10,2006,WD,Normal,False,False,True,False,True
1094,1094,1095,20,74.0,5868,None,Reg,Lvl,AllPub,Inside,Gtl,NAmes,Norm,Norm,1Fam,1Story,5,7,1956,2000,Gable,CompShg,MetalSd,MetalSd,None,0.0,TA,TA,CBlock,TA,TA,No,BLQ,248,Rec,240,448,936,GasA,Ex,SBrkr,936,0,0,936,1,0,1,0,2,1,TA,4,Typ,0,None,Attchd,1956.0,Fin,1,308,TA,TA,Y,0,0,80,0,160,0,None,0,5,2010,WD,Normal,False,False,True,False,True
1095,1095,1096,20,78.0,9317,None,IR1,Lvl,AllPub,Inside,Gtl,CollgCr,Norm,Norm,1Fam,1Story,6,5,2006,2006,Gable,CompShg,VinylSd,VinylSd,None,0.0,Gd,TA,PConc,Gd,TA,No,GLQ,24,Unf,0,1290,1314,GasA,Gd,SBrkr,1314,0,0,1314,0,0,2,0,3,1,Gd,6,Typ,1,Gd,Attchd,2006.0,RFn,2,440,TA,TA,Y,0,22,0,0,0,0,None,0,3,2007,WD,Normal,False,False,True,False,True
1096,1096,1097,70,60.0,6882,None,Reg,Lvl,AllPub,Inside,Gtl,IDOTRR,Norm,Norm,1Fam,2Story,6,7,1914,2006,Gable,CompShg,Wd Sdng,Wd Sdng,None,0.0,TA,TA,PConc,TA,TA,No,Unf,0,Unf,0,684,684,GasA,TA,SBrkr,773,582,0,1355,0,0,1,1,3,1,Gd,7,Typ,0,None,None,1980.0,None,0,0,None,None,Y,136,0,115,0,0,0,None,0,3,2007,WD,Normal,False,False,False,True,True
1097,1097,1098,120,69.0,3696,None,Reg,Lvl,AllPub,Inside,Gtl,StoneBr,Norm,Norm,TwnhsE,1Story,8,5,1986,1986,Gable,CompShg,HdBoard,HdBoard,None,0.0,Gd,TA,CBlock,Gd,TA,No,Unf,0,Unf,0,1074,1074,GasA,Ex,SBrkr,1088,0,0,1088,0,0,1,1,2,1,Gd,5,Typ,0,None,Attchd,1987.0,RFn,2,461,TA,TA,Y,0,74,137,0,0,0,None,0,10,2007,WD,Normal,False,False,True,False,True
1098,1098,1099,50,50.0,6000,None,Reg,Lvl,AllPub,Inside,Gtl,BrkSide,Norm,Norm,1Fam,1.5Fin,4,6,1936,1950,Gable,CompShg,MetalSd,MetalSd,None,0.0,TA,TA,BrkTil,TA,TA,No,BLQ,672,Unf,0,0,672,GasA,TA,SBrkr,757,567,0,1324,0,0,1,0,3,1,TA,6,Typ,0,None,Detchd,1936.0,Unf,1,240,TA,TA,Y,0,0,0,0,0,0,None,0,7,2009,WD,Normal,False,False,False,True,True
1099,1099,1100,20,82.0,11880,None,IR1,Lvl,AllPub,Inside,Gtl,NWAmes,RRAn,Norm,1Fam,1Story,7,5,1978,1978,Gable,CompShg,Plywood,Plywood,BrkFace,206.0,TA,TA,CBlock,Gd,TA,No,ALQ,704,Unf,0,567,1271,GasA,TA,SBrkr,1601,0,0,1601,0,0,2,0,3,1,TA,7,Typ,1,TA,Attchd,1978.0,RFn,2,478,TA,TA,Y,0,0,0,0,0,0,None,0,4,2009,COD,Abnorml,False,False,True,False,True
1100,1100,1101,30,60.0,8400,None,Reg,Bnk,AllPub,Inside,Gtl,SWISU,Norm,Norm,1Fam,1Story,2,5,1920,1950,Gable,CompShg,Wd Sdng,Wd Sdng,None,0.0,TA,TA,CBlock,TA,Fa,No,Rec,290,Unf,0,0,290,GasA,TA,FuseF,438,0,0,438,0,0,1,0,1,1,Fa,3,Typ,0,None,Detchd,1930.0,Unf,1,246,TA,TA,N,0,0,0,0,0,0,None,0,1,2009,WD,Normal,False,False,True,False,True
1101,1101,1102,20,61.0,9758,None,IR1,Lvl,AllPub,Inside,Gtl,NAmes,Norm,Norm,1Fam,1Story,5,5,1971,1971,Gable,CompShg,HdBoard,MetalSd,None,0.0,TA,TA,CBlock,TA,TA,No,BLQ,412,LwQ,287,251,950,GasA,TA,SBrkr,950,0,0,950,0,0,1,0,3,1,TA,5,Typ,0,None,Detchd,1981.0,Unf,1,280,TA,TA,Y,0,0,0,0,0,0,None,0,7,2007,WD,Normal,False,False,True,False,True
1102,1102,1103,20,70.0,7000,None,Reg,Lvl,AllPub,Inside,Gtl,NAmes,Norm,Norm,1Fam,1Story,5,7,1960,2002,Gable,CompShg,Wd Sdng,Wd Sdng,BrkFace,45.0,TA,TA,CBlock,TA,TA,No,Rec,588,Unf,0,422,1010,GasA,Ex,SBrkr,1134,0,0,1134,0,0,1,0,2,1,TA,6,Typ,0,None,Attchd,1960.0,RFn,1,254,TA,TA,Y,0,16,0,0,0,0,MnWw,0,4,2007,WD,Family,False,False,True,False,True
1103,1103,1104,20,79.0,8910,None,Reg,Lvl,AllPub,Corner,Gtl,NAmes,Norm,Norm,1Fam,1Story,6,6,1959,1959,Hip,CompShg,BrkFace,BrkFace,None,0.0,TA,TA,CBlock,TA,TA,Mn,ALQ,655,Unf,0,0,655,GasA,Ex,SBrkr,1194,0,0,1194,0,1,1,0,3,1,TA,6,Typ,1,Fa,BuiltIn,1954.0,Fin,2,539,TA,TA,Y,0,0,192,0,0,0,None,0,7,2006,WD,Normal,False,False,True,False,True
1104,1104,1105,160,24.0,2016,None,Reg,Lvl,AllPub,Inside,Gtl,BrDale,Norm,Norm,TwnhsE,2Story,5,5,1970,1970,Gable,CompShg,HdBoard,HdBoard,BrkFace,304.0,TA,TA,CBlock,TA,TA,No,Unf,0,Unf,0,630,630,GasA,TA,SBrkr,630,672,0,1302,0,0,2,1,3,1,TA,6,Typ,0,None,Detchd,1970.0,Unf,2,440,TA,TA,Y,0,0,0,0,0,0,None,0,4,2007,WD,Normal,False,False,False,True,True
1105,1105,1106,60,98.0,12256,None,IR1,Lvl,AllPub,Corner,Gtl,NoRidge,Norm,Norm,1Fam,2Story,8,5,1994,1995,Gable,CompShg,HdBoard,HdBoard,BrkFace,362.0,Gd,TA,PConc,Ex,TA,Av,GLQ,1032,Unf,0,431,1463,GasA,Ex,SBrkr,1500,1122,0,2622,1,0,2,1,3,1,Gd,9,Typ,2,TA,Attchd,1994.0,RFn,2,712,TA,TA,Y,186,32,0,0,0,0,None,0,4,2010,WD,Normal,False,False,True,False,True
1106,1106,1107,20,114.0,10357,None,IR1,Lvl,AllPub,Corner,Gtl,SawyerW,Feedr,Norm,1Fam,1Story,7,5,1990,1991,Hip,CompShg,HdBoard,HdBoard,None,0.0,Gd,TA,PConc,Gd,TA,Mn,GLQ,738,Unf,0,172,910,GasA,Gd,SBrkr,1442,0,0,1442,1,0,2,0,3,1,Gd,6,Typ,1,TA,Attchd,1990.0,Fin,2,719,TA,TA,Y,0,244,0,0,0,0,None,0,5,2007,WD,Normal,False,False,True,False,True
1107,1107,1108,60,168.0,23257,None,IR3,HLS,AllPub,CulDSac,Gtl,Gilbert,Norm,Norm,1Fam,2Story,7,5,2006,2006,Gable,CompShg,VinylSd,VinylSd,None,0.0,Gd,TA,PConc,Ex,Gd,No,Unf,0,Unf,0,868,868,GasA,Ex,SBrkr,887,1134,0,2021,0,0,2,1,3,1,Gd,9,Typ,1,Gd,BuiltIn,2006.0,RFn,2,422,TA,TA,Y,0,100,0,0,0,0,None,0,9,2006,New,Partial,False,False,True,False,True
1108,1108,1109,60,69.0,8063,None,Reg,Lvl,AllPub,Inside,Gtl,Gilbert,Norm,Norm,1Fam,2Story,6,5,2000,2000,Gable,CompShg,VinylSd,VinylSd,None,0.0,TA,TA,PConc,Gd,TA,No,Unf,0,Unf,0,924,924,GasA,Ex,SBrkr,948,742,0,1690,0,0,2,1,3,1,TA,7,Typ,1,TA,Attchd,2000.0,RFn,2,463,TA,TA,Y,100,48,0,0,0,0,None,0,11,2007,WD,Abnorml,False,False,True,False,True
1109,1109,1110,20,107.0,11362,None,IR1,Lvl,AllPub,Inside,Gtl,NridgHt,Norm,Norm,1Fam,1Story,8,5,2004,2005,Gable,CompShg,MetalSd,MetalSd,Stone,42.0,Gd,TA,PConc,Ex,TA,Mn,GLQ,1039,Unf,0,797,1836,GasA,Ex,SBrkr,1836,0,0,1836,1,0,2,0,3,1,Gd,7,Typ,1,Gd,Attchd,2004.0,Fin,3,862,TA,TA,Y,125,185,0,0,0,0,None,0,3,2009,WD,Normal,False,False,True,False,True
1110,1110,1111,60,69.0,8000,None,Reg,Lvl,AllPub,Inside,Gtl,Gilbert,Norm,Norm,1Fam,2Story,6,5,1995,1996,Gable,CompShg,HdBoard,HdBoard,None,0.0,TA,TA,PConc,Gd,TA,No,GLQ,219,Unf,0,554,773,GasA,Gd,SBrkr,773,885,0,1658,1,0,2,1,3,1,TA,8,Typ,1,TA,Attchd,1995.0,Fin,2,431,TA,TA,Y,224,84,0,0,0,0,None,0,6,2008,WD,Normal,False,False,True,False,True
1111,1111,1112,60,80.0,10480,None,Reg,Lvl,AllPub,Inside,Gtl,NWAmes,Norm,Norm,1Fam,2Story,7,6,1976,1976,Hip,CompShg,Plywood,Plywood,BrkFace,660.0,TA,TA,CBlock,TA,TA,No,ALQ,403,Unf,0,400,803,GasA,TA,SBrkr,1098,866,0,1964,0,0,2,1,4,1,TA,8,Typ,1,Gd,Attchd,1976.0,RFn,2,483,TA,TA,Y,0,69,0,0,0,0,None,0,9,2008,WD,Normal,False,False,True,False,True
1112,1112,1113,20,73.0,7100,None,IR1,Lvl,AllPub,Corner,Gtl,NAmes,Norm,Norm,1Fam,1Story,5,7,1957,1957,Gable,CompShg,WdShing,Wd Shng,None,0.0,TA,TA,CBlock,TA,TA,No,GLQ,708,Unf,0,108,816,GasA,TA,FuseA,816,0,0,816,1,0,1,0,2,1,TA,5,Typ,0,None,Detchd,1957.0,Unf,1,308,TA,TA,Y,0,0,0,0,0,0,None,0,7,2006,WD,Normal,False,False,True,False,True
1113,1113,1114,20,66.0,8923,None,Reg,Lvl,AllPub,Inside,Gtl,NAmes,Norm,Norm,1Fam,1Story,5,7,1953,2006,Gable,CompShg,Wd Sdng,Wd Sdng,None,0.0,TA,TA,CBlock,TA,TA,No,BLQ,643,Unf,0,365,1008,GasA,Gd,SBrkr,1008,0,0,1008,1,0,1,0,2,1,Gd,6,Typ,0,None,Attchd,1953.0,Unf,1,240,TA,TA,Y,0,18,0,0,0,0,None,0,5,2007,WD,Normal,False,False,True,False,True
1114,1114,1115,20,90.0,5400,None,Reg,Lvl,AllPub,Inside,Gtl,OldTown,Norm,Norm,1Fam,1Story,5,7,1954,2000,Gable,CompShg,MetalSd,MetalSd,None,0.0,TA,Gd,CBlock,TA,TA,No,Rec,415,Unf,0,418,833,GasA,Ex,SBrkr,833,0,0,833,0,0,1,0,2,1,Gd,4,Typ,0,None,Detchd,1955.0,Unf,1,326,TA,TA,Y,0,0,0,0,0,0,MnPrv,0,8,2006,WD,Normal,False,False,True,False,True
1115,1115,1116,20,93.0,12085,None,Reg,Lvl,AllPub,Inside,Gtl,NridgHt,Norm,Norm,1Fam,1Story,8,5,2007,2007,Hip,CompShg,VinylSd,VinylSd,Stone,328.0,Gd,TA,PConc,Ex,TA,No,GLQ,1004,Unf,0,730,1734,GasA,Ex,SBrkr,1734,0,0,1734,1,0,2,0,3,1,Ex,7,Typ,1,Gd,Attchd,2007.0,RFn,3,928,TA,TA,Y,0,0,0,0,0,0,None,0,11,2007,New,Partial,False,False,True,False,True
1116,1116,1117,80,69.0,7750,None,Reg,Lvl,AllPub,Inside,Gtl,Gilbert,Norm,Norm,1Fam,SLvl,8,5,2002,2002,Hip,CompShg,VinylSd,VinylSd,None,0.0,Gd,TA,PConc,Gd,TA,No,GLQ,353,Unf,0,55,408,GasA,Ex,SBrkr,779,640,0,1419,1,0,2,1,3,1,Gd,7,Typ,1,TA,BuiltIn,2002.0,Fin,2,527,TA,TA,Y,120,0,0,0,0,0,None,0,3,2009,WD,Normal,False,False,True,False,True
1117,1117,1118,20,57.0,9764,None,IR1,Lvl,AllPub,FR2,Gtl,Sawyer,Feedr,Norm,1Fam,1Story,5,7,1967,2003,Gable,CompShg,VinylSd,VinylSd,None,0.0,TA,TA,CBlock,TA,TA,No,BLQ,702,Unf,0,192,894,GasA,Ex,SBrkr,894,0,0,894,1,0,1,0,3,1,Gd,5,Typ,0,None,Attchd,1967.0,RFn,2,450,TA,TA,Y,0,0,0,0,0,0,None,0,5,2008,WD,Normal,False,False,True,False,True
1118,1118,1119,80,85.0,13825,None,Reg,Lvl,AllPub,Inside,Gtl,Sawyer,Norm,Norm,1Fam,SLvl,5,6,1958,1987,Gable,CompShg,MetalSd,MetalSd,None,0.0,TA,Gd,CBlock,TA,TA,No,Unf,0,Unf,0,533,533,GasA,TA,SBrkr,1021,580,0,1601,0,1,1,0,3,1,TA,6,Min2,0,None,BuiltIn,1958.0,RFn,1,300,TA,TA,Y,280,34,0,0,0,0,None,0,12,2008,WD,Normal,False,False,True,False,True
1119,1119,1120,20,70.0,7560,None,Reg,Lvl,AllPub,Inside,Gtl,NAmes,Norm,Norm,1Fam,1Story,5,5,1959,1959,Gable,CompShg,BrkFace,Wd Sdng,None,0.0,TA,TA,CBlock,TA,TA,No,LwQ,369,Unf,0,671,1040,GasA,TA,FuseA,1040,0,0,1040,0,0,1,0,3,1,TA,6,Typ,0,None,Attchd,1959.0,RFn,1,286,TA,TA,Y,140,0,252,0,0,0,GdWo,0,7,2006,WD,Normal,False,False,True,False,True
1120,1120,1121,30,59.0,8263,None,Reg,Bnk,AllPub,Inside,Mod,IDOTRR,Norm,Norm,1Fam,1Story,6,5,1920,1950,Gable,CompShg,BrkFace,BrkFace,None,0.0,TA,TA,BrkTil,TA,TA,No,Unf,0,Unf,0,1012,1012,GasA,TA,FuseA,1012,0,0,1012,0,0,1,0,2,1,TA,6,Typ,1,Gd,Detchd,1920.0,Unf,1,308,TA,TA,Y,0,22,112,0,0,0,MnPrv,0,5,2007,WD,Normal,False,False,False,True,True
1121,1121,1122,20,84.0,10084,None,Reg,Lvl,AllPub,Inside,Gtl,CollgCr,Norm,Norm,1Fam,1Story,7,5,2005,2006,Gable,CompShg,VinylSd,VinylSd,BrkFace,196.0,Gd,TA,PConc,Gd,TA,Av,GLQ,24,Unf,0,1528,1552,GasA,Ex,SBrkr,1552,0,0,1552,0,0,2,0,3,1,Gd,7,Typ,0,None,Attchd,2005.0,RFn,3,782,TA,TA,Y,144,20,0,0,0,0,None,0,7,2006,New,Partial,False,False,True,False,True
1122,1122,1123,20,69.0,8926,None,IR1,Lvl,AllPub,Corner,Gtl,Edwards,Norm,Norm,1Fam,1Story,4,3,1956,1956,Gable,CompShg,AsbShng,AsbShng,None,0.0,TA,TA,CBlock,TA,TA,No,Unf,0,Unf,0,672,672,GasA,Ex,FuseA,960,0,0,960,0,0,1,0,3,1,TA,5,Typ,0,None,Basment,1956.0,Unf,1,288,TA,TA,Y,64,0,0,0,160,0,MnPrv,0,10,2009,COD,Abnorml,False,False,True,False,True
1123,1123,1124,20,50.0,9405,None,Reg,Lvl,AllPub,Inside,Gtl,Edwards,Norm,Norm,1Fam,1Story,5,9,1947,2008,Hip,CompShg,VinylSd,VinylSd,None,0.0,TA,Ex,CBlock,TA,TA,No,Unf,0,Unf,0,698,698,GasA,Ex,SBrkr,698,0,0,698,0,1,1,0,2,1,TA,4,Typ,0,None,None,1980.0,None,0,0,None,None,Y,0,200,0,0,0,0,None,0,6,2009,WD,Normal,False,False,True,False,True
1124,1124,1125,80,69.0,9125,None,IR1,Lvl,AllPub,Inside,Gtl,Gilbert,Norm,Norm,1Fam,SLvl,7,5,1992,1992,Gable,CompShg,HdBoard,HdBoard,BrkFace,170.0,TA,TA,PConc,Gd,TA,No,Unf,0,Unf,0,384,384,GasA,Gd,SBrkr,812,670,0,1482,0,0,2,1,3,1,Gd,7,Typ,1,TA,Attchd,1992.0,Fin,2,392,TA,TA,Y,100,25,0,0,0,0,None,0,7,2007,WD,Normal,False,False,True,False,True
1125,1125,1126,20,60.0,10434,None,Reg,Lvl,AllPub,Inside,Gtl,NAmes,Norm,Norm,1Fam,1Story,4,5,1955,1955,Gable,CompShg,Plywood,Plywood,None,0.0,TA,TA,CBlock,TA,TA,No,Unf,0,Unf,0,1005,1005,GasA,TA,SBrkr,1005,0,0,1005,0,0,1,0,2,1,Fa,5,Typ,1,TA,Detchd,1977.0,Unf,2,672,Fa,Fa,Y,0,0,0,0,0,0,None,0,11,2009,WD,Normal,False,False,True,False,True
1126,1126,1127,120,53.0,3684,None,Reg,Lvl,AllPub,Inside,Gtl,Blmngtn,Norm,Norm,TwnhsE,1Story,7,5,2007,2007,Hip,CompShg,VinylSd,VinylSd,BrkFace,130.0,Gd,TA,PConc,Gd,TA,No,Unf,0,Unf,0,1373,1373,GasA,Ex,SBrkr,1555,0,0,1555,0,0,2,0,2,1,Gd,7,Typ,1,TA,Attchd,2007.0,Fin,3,660,TA,TA,Y,143,20,0,0,0,0,None,0,6,2009,WD,Normal,False,False,True,False,True
1127,1127,1128,20,182.0,14572,None,IR3,Lvl,AllPub,Corner,Gtl,Gilbert,Norm,Norm,1Fam,1Story,7,5,2004,2004,Hip,CompShg,VinylSd,VinylSd,None,0.0,Gd,TA,PConc,Gd,TA,Av,GLQ,1300,Unf,0,230,1530,GasA,Ex,SBrkr,1530,0,0,1530,1,0,2,0,3,1,Gd,7,Typ,1,Gd,Attchd,2004.0,Fin,3,630,TA,TA,Y,144,36,0,0,0,0,None,0,11,2007,WD,Family,False,False,True,False,True
1128,1128,1129,60,59.0,11796,None,IR1,Lvl,AllPub,Inside,Gtl,Gilbert,Norm,Norm,1Fam,2Story,7,5,2004,2005,Gable,CompShg,VinylSd,VinylSd,None,0.0,Gd,TA,PConc,Gd,TA,Av,Unf,0,Unf,0,847,847,GasA,Ex,SBrkr,847,1112,0,1959,0,0,2,1,4,1,Gd,8,Typ,1,Gd,BuiltIn,2004.0,Fin,2,434,TA,TA,Y,100,48,0,0,0,0,None,0,7,2007,WD,Normal,False,False,True,False,True
1129,1129,1130,90,60.0,7200,Grvl,Reg,Lvl,AllPub,Inside,Gtl,OldTown,Norm,Norm,Duplex,SFoyer,5,5,1980,1980,Gable,CompShg,MetalSd,MetalSd,BrkFace,180.0,TA,TA,CBlock,Gd,TA,Gd,GLQ,936,Unf,0,0,936,GasA,TA,SBrkr,936,0,0,936,1,0,1,0,2,1,TA,4,Typ,0,None,Detchd,1980.0,Unf,2,672,TA,TA,Y,49,0,0,0,0,0,None,0,8,2007,WD,Normal,False,False,False,True,True
1130,1130,1131,50,65.0,7804,None,Reg,Lvl,AllPub,Inside,Gtl,SWISU,Norm,Norm,1Fam,1.5Fin,4,3,1928,1950,Gable,CompShg,WdShing,Plywood,None,0.0,TA,TA,BrkTil,TA,TA,No,BLQ,622,Unf,0,500,1122,GasA,TA,SBrkr,1328,653,0,1981,1,0,2,0,4,1,Gd,7,Min2,2,TA,Detchd,1981.0,Unf,2,576,TA,TA,Y,431,44,0,0,0,0,MnPrv,0,12,2009,WD,Normal,False,False,True,False,True
1131,1131,1132,20,63.0,10712,None,Reg,Lvl,AllPub,Inside,Gtl,Mitchel,Norm,Norm,1Fam,1Story,5,5,1991,1992,Gable,CompShg,HdBoard,HdBoard,None,0.0,TA,TA,PConc,Gd,TA,Mn,BLQ,212,Unf,0,762,974,GasA,TA,SBrkr,974,0,0,974,0,0,1,0,3,1,TA,5,Typ,0,None,None,1980.0,None,0,0,None,None,Y,0,28,0,0,0,0,MnPrv,0,9,2007,Oth,Abnorml,False,False,True,False,True
1132,1132,1133,70,90.0,9900,None,Reg,Lvl,AllPub,Inside,Gtl,OldTown,Norm,Norm,1Fam,2Story,6,4,1880,1950,Gable,CompShg,Wd Sdng,Wd Sdng,None,0.0,TA,TA,BrkTil,TA,TA,Mn,Unf,0,Unf,0,1008,1008,GasW,TA,SBrkr,1178,1032,0,2210,0,0,2,0,5,1,Fa,8,Typ,0,None,Detchd,1930.0,Unf,1,205,Fa,TA,N,0,48,0,0,0,0,None,0,5,2007,WD,Normal,False,False,False,True,True
1133,1133,1134,60,80.0,9828,None,IR1,Lvl,AllPub,Inside,Gtl,SawyerW,Norm,Norm,1Fam,2Story,8,5,1995,1995,Gable,CompShg,VinylSd,VinylSd,None,0.0,Gd,TA,PConc,Gd,TA,No,GLQ,584,Unf,0,544,1128,GasA,Ex,SBrkr,1142,878,0,2020,0,0,2,1,3,1,Gd,8,Typ,1,TA,Attchd,1995.0,RFn,2,466,TA,TA,Y,0,155,0,0,0,0,None,0,6,2009,WD,Normal,False,False,True,False,True
1134,1134,1135,60,57.0,8773,None,IR1,HLS,AllPub,Inside,Gtl,Gilbert,Norm,Norm,1Fam,2Story,6,5,1997,1997,Gable,CompShg,VinylSd,VinylSd,None,0.0,TA,TA,PConc,Gd,TA,Av,Unf,0,Unf,0,916,916,GasA,Gd,SBrkr,916,684,0,1600,0,0,2,1,3,1,TA,7,Typ,1,TA,Attchd,1997.0,Fin,2,460,TA,TA,Y,100,38,0,0,0,0,None,0,8,2007,WD,Normal,False,False,True,False,True
1135,1135,1136,30,60.0,6180,None,Reg,Lvl,AllPub,Corner,Gtl,BrkSide,Norm,Norm,1Fam,1Story,6,5,1926,1950,Gable,CompShg,Wd Sdng,Wd Sdng,None,0.0,TA,TA,BrkTil,TA,TA,No,Unf,0,Unf,0,960,960,GasA,TA,SBrkr,986,0,0,986,0,0,1,0,2,1,TA,5,Typ,1,Gd,Detchd,1926.0,Unf,1,180,TA,TA,Y,0,128,0,0,0,0,None,0,5,2007,WD,Normal,False,False,False,True,True
1136,1136,1137,50,80.0,9600,None,Reg,Lvl,AllPub,Inside,Gtl,NAmes,Norm,Norm,1Fam,1.5Fin,6,5,1950,1950,Gable,CompShg,VinylSd,VinylSd,None,0.0,TA,TA,CBlock,TA,TA,No,BLQ,280,Unf,0,752,1032,GasA,TA,FuseA,1032,220,0,1252,0,0,1,0,3,1,TA,6,Typ,0,None,Attchd,1950.0,Unf,1,288,TA,TA,Y,0,0,96,0,0,0,None,0,4,2008,WD,Abnorml,False,False,True,False,True
1137,1137,1138,50,54.0,6342,None,Reg,Lvl,AllPub,Inside,Gtl,Sawyer,Feedr,Norm,1Fam,1.5Fin,5,8,1875,1996,Gable,CompShg,VinylSd,VinylSd,None,0.0,TA,Gd,CBlock,TA,TA,No,Unf,0,Unf,0,780,780,GasA,Gd,SBrkr,780,240,0,1020,0,0,1,0,2,1,TA,6,Typ,0,None,None,1980.0,None,0,0,None,None,N,0,0,176,0,0,0,None,0,5,2010,WD,Normal,False,False,True,False,True
1138,1138,1139,20,69.0,9819,None,IR1,Lvl,AllPub,Inside,Mod,Mitchel,Norm,Norm,1Fam,1Story,6,5,1977,1977,Gable,CompShg,Plywood,ImStucc,None,0.0,TA,TA,PConc,TA,TA,Gd,ALQ,1567,Unf,0,0,1567,GasA,TA,SBrkr,1567,0,0,1567,1,0,2,0,2,1,Gd,5,Typ,2,TA,Attchd,1977.0,RFn,2,714,TA,TA,Y,264,32,0,0,0,0,None,0,5,2009,WD,Normal,False,False,True,False,True
1139,1139,1140,30,98.0,8731,None,IR1,Lvl,AllPub,Inside,Gtl,BrkSide,Norm,Norm,1Fam,1Story,5,5,1920,1950,Gable,CompShg,Stucco,Stucco,None,0.0,TA,Fa,BrkTil,TA,TA,No,BLQ,645,Unf,0,270,915,GasA,TA,SBrkr,1167,0,0,1167,0,0,1,0,3,1,TA,6,Maj1,1,Gd,Detchd,1972.0,Unf,2,495,TA,TA,Y,0,0,216,0,126,0,None,0,5,2007,WD,Normal,False,False,True,False,True
1140,1140,1141,20,60.0,7350,None,Reg,Lvl,AllPub,Corner,Gtl,NAmes,Norm,Norm,1Fam,1Story,5,7,1951,1951,Gable,CompShg,HdBoard,HdBoard,None,0.0,TA,TA,CBlock,TA,TA,Mn,ALQ,852,Unf,0,100,952,GasA,TA,SBrkr,952,0,0,952,1,0,1,0,2,1,TA,4,Typ,0,None,Detchd,1988.0,Unf,2,840,TA,TA,Y,0,0,0,0,0,0,None,0,6,2008,COD,Abnorml,False,False,True,False,True
1141,1141,1142,60,69.0,10304,None,IR1,Lvl,AllPub,CulDSac,Gtl,NWAmes,PosN,Norm,1Fam,2Story,5,7,1976,1976,Gable,CompShg,Plywood,Plywood,BrkFace,44.0,TA,Gd,CBlock,TA,TA,No,ALQ,381,Unf,0,399,780,GasA,Ex,SBrkr,1088,780,0,1868,1,0,2,1,4,1,Gd,9,Typ,1,TA,Attchd,1976.0,Unf,2,484,TA,TA,Y,448,96,0,0,0,0,None,0,10,2009,WD,Normal,False,False,True,False,True
1142,1142,1143,60,77.0,9965,None,Reg,Lvl,AllPub,Inside,Gtl,CollgCr,Norm,Norm,1Fam,2Story,8,5,2006,2007,Hip,CompShg,VinylSd,VinylSd,Stone,340.0,Gd,TA,PConc,Ex,TA,Gd,GLQ,1150,Unf,0,316,1466,GasA,Ex,SBrkr,1466,1362,0,2828,1,0,3,0,4,1,Gd,11,Typ,1,TA,BuiltIn,2006.0,RFn,3,1052,TA,TA,Y,125,144,0,0,0,0,None,0,4,2007,New,Partial,False,False,True,False,True
1143,1143,1144,20,69.0,9000,None,Reg,Lvl,AllPub,Inside,Gtl,Sawyer,Norm,Norm,1Fam,1Story,5,3,1959,1959,Gable,CompShg,Wd Sdng,Plywood,None,0.0,TA,TA,CBlock,TA,TA,No,GLQ,288,Unf,0,718,1006,GasA,TA,SBrkr,1006,0,0,1006,0,0,1,0,3,1,TA,5,Typ,0,None,None,1980.0,None,0,0,None,None,Y,0,24,0,0,0,0,None,0,7,2008,WD,Normal,False,False,True,False,True
1144,1144,1145,190,60.0,12180,None,Reg,Lvl,AllPub,Inside,Gtl,Edwards,Norm,Norm,2fmCon,1.5Fin,4,4,1941,1950,Gable,CompShg,MetalSd,MetalSd,None,0.0,TA,Fa,BrkTil,Gd,TA,No,BLQ,348,Unf,0,324,672,Grav,Fa,FuseA,672,252,0,924,1,0,1,0,2,1,Fa,5,Typ,0,None,Detchd,1941.0,Unf,1,280,TA,TA,Y,0,0,0,0,0,0,MnPrv,0,7,2010,WD,Normal,False,False,True,False,True
1145,1145,1146,50,52.0,6240,None,Reg,Lvl,AllPub,Inside,Gtl,BrkSide,Norm,Norm,1Fam,1.5Fin,5,6,1928,1950,Gable,CompShg,MetalSd,MetalSd,None,0.0,TA,TA,BrkTil,TA,TA,No,Unf,0,Unf,0,1042,1042,GasA,Ex,SBrkr,1042,534,0,1576,0,0,1,0,3,1,TA,8,Typ,1,Gd,Detchd,1928.0,Unf,1,225,TA,TA,Y,0,0,0,0,0,0,None,0,8,2006,WD,Family,False,False,False,True,True
1146,1146,1147,20,69.0,11200,None,Reg,Lvl,AllPub,Inside,Gtl,SawyerW,Norm,Norm,1Fam,1Story,6,5,1985,1985,Gable,CompShg,Wd Sdng,Wd Shng,BrkFace,85.0,Gd,TA,CBlock,Gd,TA,No,GLQ,1258,Unf,0,40,1298,GasA,TA,SBrkr,1298,0,0,1298,1,0,2,0,3,1,Gd,5,Typ,1,TA,Attchd,1985.0,Unf,2,403,TA,TA,Y,165,26,0,0,0,0,None,0,5,2006,WD,Normal,False,False,True,False,True
1147,1147,1148,70,75.0,12000,None,Reg,Bnk,AllPub,Inside,Gtl,Crawfor,Norm,Norm,1Fam,2Story,7,7,1941,1950,Gable,CompShg,MetalSd,MetalSd,None,0.0,TA,TA,CBlock,TA,TA,No,Rec,275,Unf,0,429,704,GasA,Ex,SBrkr,860,704,0,1564,0,0,1,1,3,1,Fa,7,Typ,1,Gd,Attchd,1941.0,Unf,1,234,TA,TA,Y,0,0,0,0,0,0,None,0,7,2009,WD,Normal,False,False,True,False,True
1148,1148,1149,50,69.0,5700,None,Reg,Lvl,AllPub,Inside,Gtl,OldTown,Norm,Norm,1Fam,1.5Fin,7,7,1926,1950,Gable,CompShg,Wd Sdng,Wd Sdng,None,0.0,TA,TA,PConc,TA,TA,No,Unf,0,Unf,0,572,572,GasA,TA,SBrkr,572,539,0,1111,0,0,1,0,2,1,TA,5,Typ,1,Gd,Detchd,1982.0,Unf,1,288,TA,TA,Y,0,0,176,0,0,0,None,0,8,2008,WD,Normal,False,False,False,True,True
1149,1149,1150,70,50.0,9000,None,Reg,Lvl,AllPub,Inside,Gtl,OldTown,Artery,Norm,1Fam,2Story,7,9,1920,1988,Hip,CompShg,VinylSd,VinylSd,None,0.0,TA,Gd,PConc,TA,TA,No,ALQ,624,Unf,0,26,650,GasA,Ex,SBrkr,832,650,0,1482,0,1,1,0,3,1,TA,7,Typ,0,None,Detchd,1930.0,Unf,2,324,TA,TA,Y,0,0,0,0,0,0,None,0,7,2009,WD,Normal,False,False,False,True,True
1150,1150,1151,20,57.0,8280,None,IR1,Lvl,AllPub,Inside,Gtl,NAmes,Norm,Norm,1Fam,1Story,6,5,1950,1950,Gable,CompShg,BrkFace,BrkFace,None,0.0,TA,TA,CBlock,TA,TA,No,Unf,0,Unf,0,932,932,GasA,Ex,FuseA,932,0,0,932,0,0,1,0,2,1,Gd,4,Typ,1,Gd,Attchd,1950.0,Unf,1,306,TA,TA,Y,0,0,214,0,0,0,GdPrv,0,11,2007,WD,Normal,False,False,True,False,True
1151,1151,1152,20,134.0,17755,None,Reg,Lvl,AllPub,Inside,Gtl,Edwards,Norm,Norm,1Fam,1Story,5,4,1959,1959,Gable,CompShg,HdBoard,Plywood,BrkFace,132.0,TA,TA,CBlock,TA,TA,No,BLQ,176,Unf,0,1290,1466,GasA,TA,SBrkr,1466,0,0,1466,0,0,1,1,3,1,Fa,6,Typ,2,Gd,Attchd,1959.0,Fin,2,528,TA,TA,Y,0,140,0,0,100,0,None,0,11,2006,WD,Normal,False,False,True,False,True
1152,1152,1153,20,90.0,14115,None,IR1,Lvl,AllPub,Inside,Gtl,Crawfor,Norm,Norm,1Fam,1Story,6,7,1956,2004,Gable,CompShg,Stone,Stone,None,0.0,TA,TA,PConc,TA,TA,No,ALQ,296,GLQ,547,230,1073,GasA,Ex,SBrkr,1811,0,0,1811,0,0,1,0,2,1,Ex,6,Typ,1,Gd,Attchd,1956.0,Fin,2,470,TA,TA,Y,0,0,280,0,0,0,None,0,7,2006,WD,Abnorml,False,False,True,False,True
1153,1153,1154,30,69.0,5890,None,Reg,Lvl,AllPub,Corner,Gtl,IDOTRR,Norm,Norm,1Fam,1Story,6,8,1930,2007,Gable,CompShg,Wd Sdng,Wd Sdng,None,0.0,Gd,Gd,BrkTil,TA,TA,Av,ALQ,538,Unf,0,278,816,GasA,Ex,SBrkr,816,0,0,816,0,0,1,0,2,1,TA,5,Typ,0,None,Detchd,2002.0,Unf,1,432,TA,TA,Y,0,0,96,0,0,0,None,0,6,2008,WD,Normal,False,False,False,True,True
1154,1154,1155,60,69.0,13700,None,IR1,Lvl,AllPub,Inside,Gtl,NAmes,Norm,Norm,1Fam,2Story,7,6,1965,1988,Gable,CompShg,VinylSd,VinylSd,Stone,288.0,TA,TA,CBlock,TA,TA,Gd,ALQ,454,Unf,0,410,864,GasA,TA,SBrkr,902,918,0,1820,0,0,1,2,4,1,Gd,8,Typ,2,Gd,Attchd,1965.0,Unf,2,492,TA,TA,Y,60,84,0,0,273,0,GdPrv,0,5,2008,WD,Normal,False,False,True,False,True
1155,1155,1156,20,90.0,10768,None,IR1,Lvl,AllPub,Corner,Gtl,Veenker,Norm,Norm,1Fam,1Story,5,8,1976,2004,Gable,CompShg,Plywood,Plywood,None,0.0,Gd,Gd,CBlock,Gd,TA,Gd,ALQ,1157,Unf,0,280,1437,GasA,TA,SBrkr,1437,0,0,1437,1,0,2,0,3,1,Gd,6,Typ,1,Fa,Attchd,1976.0,RFn,2,528,TA,TA,Y,0,21,0,0,180,0,None,0,7,2007,WD,Normal,False,False,True,False,True
1156,1156,1157,80,85.0,9350,None,Reg,Lvl,AllPub,Inside,Gtl,NAmes,Norm,Norm,1Fam,SLvl,5,8,1965,1999,Gable,CompShg,BrkFace,BrkFace,None,0.0,TA,Gd,PConc,TA,TA,Gd,ALQ,633,Unf,0,586,1219,GasA,Gd,SBrkr,1265,0,0,1265,0,1,2,0,3,1,Gd,6,Typ,1,Gd,Attchd,1965.0,RFn,2,502,TA,TA,Y,0,92,0,96,0,0,MnPrv,0,10,2008,WD,Normal,False,False,True,False,True
1157,1157,1158,120,34.0,5001,None,IR1,Lvl,AllPub,Inside,Gtl,NridgHt,Norm,Norm,Twnhs,1Story,7,5,2007,2008,Gable,CompShg,VinylSd,VinylSd,Stone,166.0,Gd,TA,PConc,Gd,TA,No,GLQ,904,Unf,0,410,1314,GasA,Ex,SBrkr,1314,0,0,1314,1,0,2,0,2,1,Gd,6,Typ,1,Gd,Attchd,2008.0,RFn,2,626,TA,TA,Y,172,62,0,0,0,0,None,0,7,2009,WD,Normal,False,False,True,False,True
1158,1158,1159,20,92.0,11932,None,Reg,Lvl,AllPub,FR2,Gtl,Somerst,Feedr,Norm,1Fam,1Story,8,5,2007,2008,Gable,CompShg,VinylSd,VinylSd,Stone,186.0,Gd,TA,PConc,Gd,TA,No,Unf,0,Unf,0,1580,1580,GasA,Ex,SBrkr,1580,0,0,1580,0,0,2,0,3,1,Gd,7,Typ,0,None,Attchd,2008.0,RFn,3,830,TA,TA,Y,0,24,0,0,0,0,None,0,6,2008,ConLD,Partial,False,False,True,False,True
1159,1159,1160,60,76.0,9120,None,Reg,Lvl,AllPub,Inside,Gtl,NWAmes,Norm,Norm,1Fam,2Story,6,6,1974,1974,Hip,CompShg,HdBoard,HdBoard,BrkFace,270.0,Gd,TA,CBlock,TA,TA,No,ALQ,442,Unf,0,459,901,GasA,TA,SBrkr,943,933,0,1876,0,0,2,1,4,1,Gd,8,Typ,1,TA,Attchd,1974.0,RFn,2,540,Gd,TA,Y,0,69,0,0,0,0,None,0,7,2008,WD,Normal,False,False,True,False,True
1160,1160,1161,160,24.0,2280,None,Reg,Lvl,AllPub,Inside,Gtl,NPkVill,Norm,Norm,Twnhs,2Story,6,5,1978,1978,Gable,CompShg,Plywood,Brk Cmn,None,0.0,TA,TA,CBlock,Gd,TA,No,ALQ,311,Unf,0,544,855,GasA,Fa,SBrkr,855,601,0,1456,0,0,2,1,3,1,TA,7,Typ,1,TA,Attchd,1978.0,Unf,2,440,TA,TA,Y,26,0,0,0,0,0,None,0,7,2010,WD,Normal,False,False,True,False,True
1161,1161,1162,20,69.0,14778,None,IR1,Low,AllPub,CulDSac,Gtl,Crawfor,PosN,Norm,1Fam,1Story,6,7,1954,2006,Hip,CompShg,HdBoard,HdBoard,BrkFace,72.0,Gd,TA,CBlock,TA,TA,No,BLQ,728,Unf,0,568,1296,GasA,Ex,SBrkr,1640,0,0,1640,1,0,1,0,3,1,Gd,7,Typ,1,Gd,Detchd,1993.0,Unf,2,924,TA,TA,Y,108,0,0,216,0,0,None,0,11,2008,WD,Normal,False,False,True,False,True
1162,1162,1163,20,109.0,8724,None,Reg,Lvl,AllPub,Inside,Gtl,Sawyer,Norm,Norm,1Fam,1Story,5,5,1968,1968,Gable,CompShg,VinylSd,VinylSd,None,0.0,TA,TA,CBlock,Gd,TA,No,BLQ,492,Unf,0,402,894,GasA,Gd,SBrkr,894,0,0,894,0,0,1,0,3,1,TA,5,Typ,1,Po,Attchd,1968.0,Fin,2,450,TA,TA,Y,0,0,0,0,0,0,None,0,5,2007,WD,Normal,False,False,True,False,True
1163,1163,1164,90,60.0,12900,None,Reg,Lvl,AllPub,Inside,Gtl,Sawyer,Feedr,Norm,Duplex,SFoyer,4,4,1969,1969,Gable,CompShg,Plywood,Plywood,None,0.0,TA,TA,CBlock,Gd,TA,Av,GLQ,1198,Unf,0,0,1198,GasA,TA,SBrkr,1258,0,0,1258,2,0,0,2,0,2,TA,6,Typ,0,None,CarPort,1969.0,Unf,2,400,Fa,TA,Y,120,0,0,0,0,0,None,0,1,2008,WD,Alloca,False,False,True,False,True
1164,1164,1165,80,69.0,16157,None,IR1,Lvl,AllPub,FR2,Gtl,Veenker,Feedr,Norm,1Fam,SLvl,5,7,1978,1978,Gable,CompShg,Plywood,Plywood,None,0.0,TA,TA,PConc,Gd,TA,Gd,ALQ,680,Rec,391,289,1360,GasA,Ex,SBrkr,1432,0,0,1432,1,0,1,1,2,1,Gd,5,Typ,1,TA,Attchd,1978.0,Unf,2,588,TA,TA,Y,168,180,0,0,0,0,None,0,6,2007,WD,Normal,False,False,True,False,True
1165,1165,1166,20,79.0,9541,None,IR1,Lvl,AllPub,Inside,Gtl,NridgHt,Norm,Norm,1Fam,1Story,7,5,2009,2009,Gable,CompShg,VinylSd,VinylSd,Stone,268.0,Gd,TA,PConc,Gd,TA,No,Unf,0,Unf,0,1502,1502,GasA,Ex,SBrkr,1502,0,0,1502,0,0,2,0,3,1,Gd,7,Typ,0,None,Attchd,2009.0,RFn,2,644,TA,TA,Y,0,114,0,0,0,0,None,0,9,2009,New,Partial,False,False,True,False,True
1166,1166,1167,20,64.0,10475,None,IR1,Lvl,AllPub,Corner,Gtl,CollgCr,Norm,Norm,1Fam,1Story,8,5,2008,2008,Gable,CompShg,VinylSd,VinylSd,Stone,72.0,Gd,TA,PConc,Gd,TA,Av,Unf,0,Unf,0,1694,1694,GasA,Ex,SBrkr,1694,0,0,1694,0,0,2,0,3,1,Gd,7,Typ,0,None,Attchd,2008.0,RFn,3,776,TA,TA,Y,160,33,0,0,0,0,None,0,2,2010,WD,Normal,False,False,True,False,True
1167,1167,1168,60,58.0,10852,None,IR1,Lvl,AllPub,Inside,Gtl,Gilbert,RRAn,Norm,1Fam,2Story,6,5,2000,2000,Gable,CompShg,VinylSd,VinylSd,None,0.0,TA,TA,PConc,Gd,TA,No,GLQ,786,Unf,0,173,959,GasA,Ex,SBrkr,959,712,0,1671,1,0,2,1,3,1,TA,7,Typ,1,TA,Attchd,2000.0,Fin,2,472,TA,TA,Y,0,38,0,0,0,0,None,0,2,2006,WD,Normal,False,False,True,False,True
1168,1168,1169,70,120.0,13728,None,Reg,Lvl,AllPub,Corner,Gtl,Edwards,Norm,Norm,1Fam,2Story,6,7,1935,1986,Hip,CompShg,Stucco,Stucco,None,0.0,TA,TA,CBlock,TA,TA,No,Rec,626,Unf,0,501,1127,GasA,Ex,SBrkr,1236,872,0,2108,0,0,2,0,4,1,Gd,7,Typ,2,TA,Basment,1935.0,Unf,2,540,TA,TA,Y,0,0,0,0,90,0,None,0,7,2008,WD,Normal,False,False,True,False,True
1169,1169,1170,60,118.0,35760,None,IR1,Lvl,AllPub,CulDSac,Gtl,NoRidge,Norm,Norm,1Fam,2Story,10,5,1995,1996,Hip,CompShg,HdBoard,HdBoard,BrkFace,1378.0,Gd,Gd,PConc,Ex,TA,Gd,GLQ,1387,Unf,0,543,1930,GasA,Ex,SBrkr,1831,1796,0,3627,1,0,3,1,4,1,Gd,10,Typ,1,TA,Attchd,1995.0,Fin,3,807,TA,TA,Y,361,76,0,0,0,0,None,0,7,2006,WD,Normal,False,False,True,False,True
1170,1170,1171,80,76.0,9880,None,Reg,Lvl,AllPub,Inside,Gtl,Mitchel,Norm,Norm,1Fam,SLvl,6,6,1977,1977,Gable,CompShg,Plywood,Plywood,None,0.0,TA,TA,CBlock,TA,TA,Av,ALQ,522,Unf,0,574,1096,GasA,TA,SBrkr,1118,0,0,1118,1,0,1,0,3,1,TA,6,Typ,1,Po,Attchd,1977.0,Fin,1,358,TA,TA,Y,203,0,0,0,0,576,GdPrv,0,7,2008,WD,Normal,False,False,True,False,True
1171,1171,1172,20,76.0,9120,None,Reg,Lvl,AllPub,Inside,Gtl,NAmes,Norm,Norm,1Fam,1Story,6,6,1958,1958,Hip,CompShg,MetalSd,MetalSd,None,0.0,TA,TA,CBlock,TA,TA,No,ALQ,662,Unf,0,599,1261,GasA,Ex,SBrkr,1261,0,0,1261,1,0,1,0,3,1,TA,6,Typ,1,TA,Attchd,1958.0,RFn,2,433,TA,TA,Y,0,0,0,0,288,0,None,1400,11,2008,WD,Normal,False,False,True,False,True
1172,1172,1173,160,35.0,4017,Pave,IR1,Lvl,AllPub,Inside,Gtl,Somerst,Norm,Norm,TwnhsE,2Story,7,5,2006,2007,Gable,CompShg,MetalSd,MetalSd,None,0.0,Gd,TA,PConc,Gd,TA,No,Unf,0,Unf,0,625,625,GasA,Ex,SBrkr,625,625,0,1250,0,0,2,1,2,1,Gd,5,Typ,0,None,Detchd,2006.0,Fin,2,625,TA,TA,Y,0,54,0,0,0,0,None,0,3,2008,WD,Normal,True,False,False,False,True
1173,1173,1174,50,138.0,18030,None,IR1,Bnk,AllPub,Inside,Gtl,ClearCr,Norm,Norm,1Fam,1.5Fin,5,6,1946,1994,Gable,CompShg,MetalSd,MetalSd,None,0.0,TA,TA,CBlock,TA,TA,No,Rec,152,BLQ,469,977,1598,GasA,TA,SBrkr,1636,971,479,3086,0,0,3,0,3,1,Ex,12,Maj1,1,Gd,None,1980.0,None,0,0,None,None,Y,122,0,0,0,0,0,MnPrv,0,3,2007,WD,Normal,False,False,True,False,True
1174,1174,1175,70,80.0,16560,None,IR1,Lvl,AllPub,Inside,Gtl,Crawfor,Norm,Norm,1Fam,2Story,6,8,1932,1950,Gable,CompShg,Wd Sdng,Wd Sdng,None,0.0,TA,TA,BrkTil,Gd,TA,No,Rec,503,Unf,0,449,952,GasA,TA,SBrkr,1170,1175,0,2345,0,0,2,1,4,1,TA,9,Typ,1,Gd,Detchd,1932.0,Unf,2,360,TA,TA,Y,0,0,0,0,0,0,None,0,7,2006,WD,Normal,False,False,True,False,True
1175,1175,1176,50,85.0,10678,None,Reg,Lvl,AllPub,Inside,Gtl,NoRidge,Norm,Norm,1Fam,1.5Fin,8,5,1992,2000,Hip,CompShg,HdBoard,HdBoard,BrkFace,337.0,Gd,TA,PConc,Gd,TA,No,GLQ,700,Unf,0,983,1683,GasA,Ex,SBrkr,2129,743,0,2872,0,0,2,1,4,1,Gd,9,Typ,1,TA,Attchd,1992.0,Fin,2,541,TA,TA,Y,0,33,0,0,0,0,None,0,4,2007,WD,Normal,False,False,True,False,True
1176,1176,1177,20,37.0,6951,None,IR1,Lvl,AllPub,CulDSac,Gtl,Mitchel,Norm,Norm,1Fam,1Story,5,5,1984,1985,Gable,CompShg,HdBoard,Plywood,None,0.0,TA,TA,CBlock,TA,TA,No,ALQ,658,Unf,0,218,876,GasA,TA,SBrkr,923,0,0,923,1,0,1,0,3,1,TA,5,Typ,0,None,Attchd,1984.0,Unf,1,264,TA,TA,Y,362,0,0,0,0,0,MnPrv,0,10,2008,WD,Normal,False,False,True,False,True
1177,1177,1178,50,69.0,3950,Grvl,Reg,Bnk,AllPub,Inside,Gtl,OldTown,Artery,Norm,1Fam,1.5Fin,6,8,1926,2004,Gable,CompShg,MetalSd,MetalSd,None,0.0,TA,TA,CBlock,TA,TA,No,Rec,468,Unf,0,350,818,GasA,TA,SBrkr,818,406,0,1224,0,0,1,0,3,1,TA,5,Typ,0,None,Detchd,1926.0,Unf,1,210,TA,TA,N,0,0,116,0,0,0,None,0,12,2009,WD,Normal,False,False,False,True,True
1178,1178,1179,50,54.0,7681,None,IR1,Lvl,AllPub,FR2,Gtl,Crawfor,Norm,Norm,1Fam,1.5Fin,5,6,1921,1950,Gable,CompShg,Wd Sdng,Wd Sdng,None,0.0,TA,TA,BrkTil,TA,TA,No,Unf,0,Unf,0,731,731,GasA,Ex,SBrkr,820,523,0,1343,0,0,1,1,3,1,TA,7,Typ,1,Gd,Detchd,1921.0,Unf,1,186,Fa,TA,Y,192,0,102,0,0,0,None,0,7,2009,WD,Normal,False,False,True,False,True
1179,1179,1180,20,77.0,8335,None,Reg,Lvl,AllPub,Corner,Gtl,Edwards,Norm,Norm,1Fam,1Story,5,5,1954,1954,Gable,CompShg,Wd Sdng,Wd Sdng,None,0.0,TA,TA,Slab,None,None,None,None,0,None,0,0,0,GasA,Gd,SBrkr,1124,0,0,1124,0,0,1,0,3,1,TA,5,Min2,1,Gd,None,1980.0,None,0,0,None,None,N,0,36,190,0,0,0,None,0,4,2006,WD,Normal,False,False,True,False,True
1180,1180,1181,60,69.0,11170,None,IR2,Lvl,AllPub,Corner,Gtl,Timber,Norm,Norm,1Fam,2Story,7,5,1990,1991,Gable,CompShg,MetalSd,MetalSd,None,0.0,TA,TA,Wood,Gd,TA,No,LwQ,1216,Unf,0,0,1216,GasA,Ex,SBrkr,1298,1216,0,2514,0,0,2,1,4,1,TA,8,Typ,0,None,Attchd,1990.0,Fin,2,693,TA,TA,Y,0,0,0,0,0,0,GdPrv,0,4,2006,WD,Normal,False,False,True,False,True
1181,1181,1182,120,64.0,5587,None,IR1,HLS,AllPub,Inside,Mod,Crawfor,Norm,Norm,TwnhsE,1Story,8,5,2008,2008,Hip,CompShg,CemntBd,CmentBd,Stone,186.0,Ex,TA,PConc,Ex,TA,Gd,GLQ,1480,Unf,0,120,1600,GasA,Ex,SBrkr,1652,0,0,1652,1,1,2,0,2,1,Gd,5,Typ,1,Gd,Attchd,2008.0,Fin,2,482,TA,TA,Y,162,53,0,153,0,0,None,0,11,2008,New,Partial,False,False,False,True,True
1182,1182,1183,60,160.0,15623,None,IR1,Lvl,AllPub,Corner,Gtl,NoRidge,Norm,Norm,1Fam,2Story,10,5,1996,1996,Hip,CompShg,Wd Sdng,ImStucc,None,0.0,Gd,TA,PConc,Ex,TA,Av,GLQ,2096,Unf,0,300,2396,GasA,Ex,SBrkr,2411,2065,0,4476,1,0,3,1,4,1,Ex,10,Typ,2,TA,Attchd,1996.0,Fin,3,813,TA,TA,Y,171,78,0,0,0,555,MnPrv,0,7,2007,WD,Abnorml,False,False,True,False,True
1183,1183,1184,30,60.0,10800,Grvl,Reg,Lvl,AllPub,Inside,Gtl,OldTown,Norm,Norm,1Fam,1Story,5,6,1920,1950,Hip,CompShg,Stucco,Stucco,None,0.0,TA,TA,BrkTil,TA,TA,No,Rec,821,Unf,0,299,1120,GasA,Ex,SBrkr,1130,0,0,1130,1,0,1,0,2,1,TA,5,Typ,1,Gd,Detchd,1970.0,Unf,2,720,TA,TA,Y,229,0,0,0,0,0,None,0,6,2006,WD,Normal,False,False,True,False,True
1184,1184,1185,20,50.0,35133,None,Reg,Lvl,AllPub,Inside,Mod,Timber,Norm,Norm,1Fam,1Story,5,4,1963,1963,Hip,CompShg,MetalSd,MetalSd,BrkFace,226.0,TA,TA,CBlock,TA,TA,Gd,Rec,1159,Unf,0,413,1572,GasA,Gd,SBrkr,1572,0,0,1572,1,0,1,1,3,1,TA,5,Typ,2,TA,2Types,1963.0,RFn,3,995,TA,TA,Y,0,263,0,0,263,0,None,0,5,2007,WD,Normal,False,False,True,False,False
1185,1185,1186,50,60.0,9738,None,Reg,Lvl,AllPub,Inside,Gtl,Edwards,Norm,Norm,1Fam,1.5Fin,5,7,1924,1950,Gable,CompShg,AsbShng,AsbShng,None,0.0,TA,Gd,BrkTil,TA,TA,No,BLQ,392,Unf,0,392,784,GasA,Gd,SBrkr,949,272,0,1221,1,0,1,0,4,1,TA,7,Typ,0,None,Attchd,1965.0,Unf,1,392,TA,TA,Y,0,0,236,0,0,0,None,0,3,2006,WD,Normal,False,False,True,False,True
1186,1186,1187,190,107.0,10615,None,IR1,Bnk,AllPub,Corner,Mod,OldTown,Artery,Artery,2fmCon,2Story,3,5,1900,1970,Gable,CompShg,HdBoard,HdBoard,None,0.0,TA,TA,CBlock,Fa,TA,Mn,BLQ,440,Unf,0,538,978,GasA,TA,SBrkr,1014,685,0,1699,1,0,2,0,3,2,TA,7,Typ,0,None,CarPort,1920.0,Unf,2,420,Fa,Fa,Y,0,74,0,0,0,0,None,0,8,2009,WD,Abnorml,False,False,True,False,True
1187,1187,1188,20,89.0,12461,None,Reg,Lvl,AllPub,Corner,Gtl,NoRidge,Norm,Norm,1Fam,1Story,8,5,1994,1995,Gable,CompShg,ImStucc,ImStucc,None,0.0,Gd,TA,PConc,Gd,TA,No,GLQ,1456,Unf,0,168,1624,GasA,Ex,SBrkr,1624,0,0,1624,1,0,2,0,2,1,Gd,5,Typ,1,Fa,Attchd,1994.0,RFn,3,757,TA,TA,Y,0,114,192,0,0,0,GdPrv,0,7,2006,WD,Normal,False,False,True,False,True
1188,1188,1189,60,68.0,8935,None,IR1,Lvl,AllPub,Inside,Gtl,CollgCr,Norm,Norm,1Fam,2Story,7,5,2002,2002,Gable,CompShg,VinylSd,VinylSd,BrkFace,95.0,Gd,TA,PConc,Gd,TA,No,Unf,0,Unf,0,831,831,GasA,Ex,SBrkr,831,829,0,1660,0,0,2,1,3,1,Gd,7,Typ,0,None,Attchd,2002.0,RFn,2,493,TA,TA,Y,144,68,0,0,0,0,None,0,7,2009,WD,Normal,False,False,True,False,True
1189,1189,1190,60,60.0,7500,None,Reg,Lvl,AllPub,Inside,Gtl,Gilbert,Norm,Norm,1Fam,2Story,7,5,1999,1999,Gable,CompShg,VinylSd,VinylSd,None,0.0,TA,TA,PConc,TA,TA,No,Unf,0,Unf,0,994,994,GasA,Gd,SBrkr,1028,776,0,1804,0,0,2,1,3,1,Gd,7,Typ,1,TA,Attchd,1999.0,Fin,2,442,TA,TA,Y,140,60,0,0,0,0,None,0,6,2010,WD,Normal,False,False,True,False,True
1190,1190,1191,190,69.0,32463,None,Reg,Low,AllPub,Inside,Mod,Mitchel,Norm,Norm,2fmCon,1Story,4,4,1961,1975,Gable,CompShg,MetalSd,MetalSd,Stone,149.0,TA,Gd,CBlock,TA,TA,Av,BLQ,1159,Unf,0,90,1249,GasA,Ex,SBrkr,1622,0,0,1622,1,0,1,0,3,1,TA,7,Typ,1,TA,2Types,1975.0,Fin,4,1356,TA,TA,Y,439,0,0,0,0,0,None,0,3,2007,WD,Normal,False,False,True,False,True
1191,1191,1192,160,24.0,2645,Pave,Reg,Lvl,AllPub,Inside,Gtl,Somerst,Norm,Norm,Twnhs,2Story,8,5,1999,2000,Gable,CompShg,MetalSd,MetalSd,BrkFace,456.0,Gd,TA,PConc,Gd,TA,No,Unf,0,Unf,0,776,776,GasA,Ex,SBrkr,764,677,0,1441,0,0,2,1,2,1,Gd,5,Typ,0,None,Detchd,1999.0,Unf,2,492,TA,TA,Y,206,0,0,0,0,0,None,0,11,2007,WD,Normal,True,False,False,False,True
1192,1192,1193,50,60.0,9600,Grvl,Reg,Lvl,AllPub,Inside,Gtl,OldTown,Norm,Norm,1Fam,1.5Fin,5,8,1925,1994,Gambrel,CompShg,VinylSd,VinylSd,None,0.0,TA,TA,PConc,TA,TA,Mn,Unf,0,Unf,0,702,702,GasA,Gd,SBrkr,842,630,0,1472,0,0,1,0,3,1,Gd,6,Typ,0,None,Detchd,1925.0,Unf,1,250,TA,Fa,P,0,0,84,0,0,0,GdWo,0,7,2007,WD,Normal,False,False,False,True,True
1193,1193,1194,120,69.0,4500,None,Reg,Lvl,AllPub,FR2,Gtl,Mitchel,Norm,Norm,TwnhsE,1Story,6,5,1999,1999,Hip,CompShg,VinylSd,VinylSd,BrkFace,425.0,TA,TA,PConc,Ex,TA,No,GLQ,883,Unf,0,341,1224,GasA,Ex,SBrkr,1224,0,0,1224,1,0,2,0,2,1,TA,5,Typ,0,None,Attchd,1999.0,Fin,2,402,TA,TA,Y,0,304,0,0,0,0,None,0,6,2009,WD,Normal,False,False,False,True,True
1194,1194,1195,60,80.0,9364,None,Reg,Lvl,AllPub,Corner,Gtl,Sawyer,Norm,Norm,1Fam,2Story,6,7,1969,1969,Gable,CompShg,HdBoard,HdBoard,Stone,143.0,TA,TA,CBlock,TA,TA,No,ALQ,371,Unf,0,292,663,GasA,TA,SBrkr,663,689,0,1352,0,0,1,1,4,1,TA,7,Typ,0,None,Attchd,1969.0,Fin,1,299,TA,TA,Y,379,36,0,0,0,0,MnPrv,0,3,2010,WD,Normal,False,False,True,False,True
1195,1195,1196,60,51.0,8029,None,IR1,Lvl,AllPub,Inside,Gtl,Gilbert,Norm,Norm,1Fam,2Story,6,5,2005,2005,Gable,CompShg,VinylSd,VinylSd,None,0.0,TA,TA,PConc,Gd,TA,No,Unf,0,Unf,0,728,728,GasA,Ex,SBrkr,728,728,0,1456,0,0,2,1,3,1,Gd,8,Typ,0,None,Attchd,2005.0,Fin,2,400,TA,TA,Y,100,24,0,0,0,0,None,0,7,2008,WD,Normal,False,False,True,False,True
1196,1196,1197,60,58.0,14054,None,IR1,Lvl,AllPub,Inside,Gtl,Gilbert,Norm,Norm,1Fam,2Story,7,5,2006,2006,Gable,CompShg,VinylSd,VinylSd,None,0.0,Gd,TA,PConc,Gd,TA,Av,Unf,0,Unf,0,879,879,GasA,Ex,SBrkr,879,984,0,1863,0,0,2,1,4,1,Gd,9,Typ,1,Gd,BuiltIn,2006.0,Fin,3,660,TA,TA,Y,100,17,0,0,0,0,None,0,11,2006,New,Partial,False,False,True,False,True
1197,1197,1198,75,65.0,8850,None,IR1,Bnk,AllPub,Corner,Gtl,OldTown,Norm,Norm,1Fam,2.5Unf,7,6,1916,1950,Gable,CompShg,MetalSd,MetalSd,None,0.0,TA,TA,BrkTil,TA,TA,No,Unf,0,Unf,0,815,815,GasA,Ex,SBrkr,815,875,0,1690,0,0,1,0,3,1,TA,7,Typ,1,Gd,Detchd,1916.0,Unf,1,225,TA,TA,Y,0,0,330,0,0,0,None,0,7,2006,ConLw,Normal,False,False,False,True,True
1198,1198,1199,20,70.0,9100,None,Reg,Lvl,AllPub,Inside,Gtl,CollgCr,Norm,Norm,1Fam,1Story,7,5,2001,2001,Gable,CompShg,VinylSd,VinylSd,None,0.0,Gd,TA,PConc,Gd,TA,No,Unf,0,Unf,0,1212,1212,GasA,Ex,SBrkr,1212,0,0,1212,0,0,2,0,3,1,Gd,6,Typ,0,None,Attchd,2001.0,RFn,2,573,TA,TA,Y,356,0,0,0,0,0,None,0,6,2009,WD,Normal,False,False,True,False,True
1199,1199,1200,20,75.0,11235,None,Reg,Lvl,AllPub,Inside,Gtl,Sawyer,Norm,Norm,1Fam,1Story,4,5,1963,1979,Gable,CompShg,HdBoard,HdBoard,BrkFace,51.0,TA,TA,CBlock,TA,TA,No,Rec,547,Unf,0,504,1051,GasA,Gd,SBrkr,1382,0,0,1382,0,0,1,1,3,1,TA,6,Typ,1,Po,Attchd,1974.0,Unf,2,459,TA,TA,Y,0,82,0,0,0,0,None,0,10,2006,WD,Normal,False,False,True,False,True
1200,1200,1201,20,71.0,9353,None,Reg,Lvl,AllPub,Inside,Gtl,NAmes,Norm,Norm,1Fam,1Story,4,5,1970,1970,Gable,CompShg,MetalSd,MetalSd,None,0.0,TA,TA,CBlock,TA,TA,No,Unf,0,Unf,0,864,864,GasA,Gd,SBrkr,864,0,0,864,0,0,1,0,3,1,TA,5,Typ,0,None,Attchd,1972.0,Unf,1,280,TA,TA,Y,0,0,0,0,0,0,None,0,7,2006,Oth,Abnorml,False,False,True,False,True
1201,1201,1202,60,80.0,10400,None,Reg,Lvl,AllPub,Corner,Gtl,CollgCr,Norm,Norm,1Fam,2Story,7,5,1998,1998,Gable,CompShg,VinylSd,VinylSd,None,0.0,TA,TA,PConc,Gd,TA,Av,Unf,0,Unf,0,866,866,GasA,Ex,SBrkr,866,913,0,1779,0,0,2,1,3,1,Gd,6,Typ,0,None,Attchd,1998.0,RFn,2,546,TA,TA,Y,198,36,0,0,0,0,None,0,3,2009,WD,Normal,False,False,True,False,True
1202,1202,1203,50,50.0,6000,None,Reg,Lvl,AllPub,Corner,Gtl,BrkSide,Norm,Norm,1Fam,1.5Fin,5,8,1925,1997,Gable,CompShg,Wd Sdng,Wd Sdng,None,0.0,TA,TA,BrkTil,TA,TA,No,Unf,0,Unf,0,884,884,GasA,Ex,SBrkr,884,464,0,1348,1,0,1,0,3,1,TA,5,Typ,1,Fa,Detchd,1960.0,Unf,1,216,TA,TA,N,0,0,208,0,0,0,None,0,5,2009,WD,Normal,False,False,False,True,True
1203,1203,1204,20,75.0,9750,None,Reg,Lvl,AllPub,Inside,Gtl,CollgCr,Norm,Norm,1Fam,1Story,7,5,2000,2001,Gable,CompShg,VinylSd,VinylSd,BrkFace,171.0,Gd,TA,PConc,Gd,TA,No,Unf,0,Unf,0,1630,1630,GasA,Ex,SBrkr,1630,0,0,1630,0,0,2,0,3,1,Gd,6,Typ,1,TA,Attchd,2000.0,Unf,2,451,TA,TA,Y,74,234,0,0,0,0,None,0,10,2009,WD,Normal,False,False,True,False,True
1204,1204,1205,20,78.0,10140,None,Reg,Lvl,AllPub,Inside,Gtl,NWAmes,Norm,Norm,1Fam,1Story,5,6,1975,1975,Gable,CompShg,HdBoard,HdBoard,None,0.0,TA,TA,CBlock,Gd,TA,No,ALQ,788,Unf,0,268,1056,GasA,Ex,SBrkr,1074,0,0,1074,1,0,1,1,3,1,TA,6,Typ,0,None,Attchd,1975.0,RFn,2,495,TA,TA,Y,0,88,0,0,0,0,MnPrv,0,7,2006,WD,Normal,False,False,True,False,True
1205,1205,1206,20,90.0,14684,None,IR1,Lvl,AllPub,CulDSac,Gtl,SawyerW,Norm,Norm,1Fam,1Story,7,7,1990,1991,Hip,CompShg,HdBoard,HdBoard,BrkFace,234.0,Gd,TA,CBlock,Gd,TA,Mn,ALQ,485,BLQ,177,1496,2158,GasA,Gd,SBrkr,2196,0,0,2196,0,0,2,0,3,1,Gd,7,Typ,1,TA,Attchd,1990.0,RFn,3,701,TA,TA,Y,84,70,0,0,0,0,None,0,6,2009,WD,Normal,False,False,True,False,True
1206,1206,1207,20,69.0,8900,None,Reg,Lvl,AllPub,Inside,Gtl,SawyerW,Norm,Norm,1Fam,1Story,4,4,1966,1966,Gable,CompShg,HdBoard,HdBoard,None,0.0,TA,TA,CBlock,TA,TA,No,Rec,1056,Unf,0,0,1056,GasA,TA,SBrkr,1056,0,0,1056,1,0,1,0,2,1,TA,5,Typ,0,None,Detchd,1966.0,Unf,1,384,TA,TA,Y,0,42,0,0,0,0,MnPrv,0,11,2006,WD,Normal,False,True,False,False,True
1207,1207,1208,20,70.0,9135,None,Reg,Lvl,AllPub,Inside,Gtl,CollgCr,Norm,Norm,1Fam,1Story,6,5,2003,2003,Gable,CompShg,VinylSd,VinylSd,BrkFace,120.0,Gd,TA,PConc,Gd,TA,Av,GLQ,340,Unf,0,1342,1682,GasA,Ex,SBrkr,1700,0,0,1700,1,0,2,0,3,1,Gd,7,Typ,0,None,Attchd,2003.0,RFn,2,544,TA,TA,Y,192,23,0,0,0,0,None,0,5,2006,WD,Normal,False,False,True,False,True
1208,1208,1209,20,70.0,7763,None,Reg,Lvl,AllPub,Inside,Gtl,NAmes,Norm,Norm,1Fam,1Story,5,7,1962,1980,Gable,CompShg,MetalSd,MetalSd,None,0.0,TA,Gd,CBlock,TA,TA,No,Rec,504,BLQ,108,319,931,GasA,TA,SBrkr,1283,0,0,1283,1,0,1,0,3,1,TA,6,Typ,0,None,Detchd,1980.0,Unf,2,506,TA,TA,Y,0,0,0,0,0,0,None,0,10,2008,WD,Normal,False,False,True,False,True
1209,1209,1210,20,85.0,10182,None,IR1,Lvl,AllPub,CulDSac,Gtl,Somerst,RRNn,Norm,1Fam,1Story,8,5,2006,2006,Hip,CompShg,VinylSd,VinylSd,Stone,420.0,Gd,TA,PConc,Ex,TA,Mn,GLQ,1220,Unf,0,440,1660,GasA,Ex,SBrkr,1660,0,0,1660,1,0,2,0,3,1,Gd,8,Typ,1,Gd,Attchd,2006.0,RFn,2,500,TA,TA,Y,322,50,0,0,0,0,None,0,5,2006,New,Partial,False,False,True,False,True
1210,1210,1211,60,70.0,11218,None,Reg,Lvl,AllPub,Inside,Gtl,SawyerW,Norm,Norm,1Fam,2Story,6,5,1992,1992,Gable,CompShg,Wd Sdng,Wd Sdng,None,0.0,Gd,TA,PConc,Gd,TA,No,Unf,0,Unf,0,1055,1055,GasA,Ex,SBrkr,1055,790,0,1845,0,0,2,1,3,1,Gd,8,Typ,1,TA,Attchd,1992.0,RFn,2,462,TA,TA,Y,635,104,0,0,0,0,GdPrv,400,5,2010,WD,Normal,False,False,True,False,True
1211,1211,1212,50,152.0,12134,None,IR1,Bnk,AllPub,Inside,Mod,Gilbert,Norm,Norm,1Fam,1.5Fin,8,7,1988,2005,Gable,CompShg,Wd Sdng,Wd Sdng,None,0.0,Gd,TA,Wood,Gd,TA,Av,GLQ,427,Unf,0,132,559,GasA,Gd,SBrkr,1080,672,0,1752,0,0,2,0,4,1,TA,8,Typ,0,None,Basment,1988.0,RFn,2,492,TA,TA,Y,325,12,0,0,0,0,None,0,6,2010,WD,Normal,False,False,True,False,True
1212,1212,1213,30,50.0,9340,None,Reg,Lvl,AllPub,Inside,Gtl,Edwards,Norm,Norm,1Fam,1Story,4,6,1941,1950,Hip,CompShg,MetalSd,MetalSd,None,0.0,TA,TA,CBlock,TA,TA,No,Rec,344,Unf,0,328,672,GasA,TA,SBrkr,672,0,0,672,1,0,1,0,2,1,TA,4,Typ,0,None,Attchd,1941.0,Unf,1,234,TA,TA,N,0,113,0,0,0,0,None,0,8,2009,WD,Normal,False,False,True,False,True
1213,1213,1214,80,69.0,10246,None,IR1,Lvl,AllPub,CulDSac,Gtl,Sawyer,Norm,Norm,1Fam,SLvl,4,9,1965,2001,Gable,CompShg,VinylSd,VinylSd,None,0.0,TA,Gd,CBlock,TA,Gd,Av,GLQ,648,Unf,0,0,648,GasA,Ex,SBrkr,960,0,0,960,1,1,0,0,0,1,TA,3,Typ,0,None,Attchd,1965.0,Unf,1,364,TA,TA,Y,88,0,0,0,0,0,None,0,5,2006,WD,Normal,False,False,True,False,True
1214,1214,1215,85,69.0,10205,None,IR1,Lvl,AllPub,Inside,Gtl,NAmes,Norm,Norm,1Fam,SFoyer,5,5,1962,1962,Gable,CompShg,MetalSd,MetalSd,None,0.0,TA,TA,CBlock,TA,TA,Av,BLQ,784,Unf,0,141,925,GasA,TA,SBrkr,999,0,0,999,1,0,1,0,3,1,TA,6,Typ,0,None,Attchd,1962.0,Unf,1,300,TA,TA,Y,150,72,0,0,0,0,None,0,5,2006,WD,Normal,False,False,True,False,True
1215,1215,1216,20,99.0,7094,None,IR1,Lvl,AllPub,Inside,Gtl,Sawyer,Norm,Norm,1Fam,1Story,5,5,1966,1966,Gable,CompShg,VinylSd,VinylSd,None,0.0,TA,TA,CBlock,TA,TA,No,Rec,180,LwQ,374,340,894,GasA,TA,SBrkr,894,0,0,894,0,0,1,0,3,1,TA,5,Typ,0,None,Detchd,1966.0,RFn,1,384,TA,TA,Y,0,0,0,0,0,0,MnPrv,0,5,2007,WD,Normal,False,False,True,False,True
1216,1216,1217,90,68.0,8930,None,Reg,Lvl,AllPub,Inside,Gtl,Sawyer,RRAe,Norm,Duplex,1.5Fin,6,5,1978,1978,Gable,CompShg,VinylSd,VinylSd,None,0.0,TA,TA,Slab,None,None,None,None,0,None,0,0,0,GasA,TA,SBrkr,1318,584,0,1902,0,0,2,0,4,2,TA,8,Typ,0,None,Attchd,1978.0,Unf,2,539,TA,TA,Y,0,0,0,0,0,0,None,0,4,2010,WD,Normal,False,False,False,True,True
1217,1217,1218,20,72.0,8640,None,Reg,Lvl,AllPub,Inside,Gtl,Somerst,Norm,Norm,1Fam,1Story,8,5,2009,2009,Gable,CompShg,CemntBd,CmentBd,Stone,72.0,Gd,TA,PConc,Gd,TA,Mn,GLQ,936,Unf,0,364,1300,GasA,Ex,SBrkr,1314,0,0,1314,1,0,2,0,3,1,Gd,6,Typ,0,None,Attchd,2009.0,RFn,2,552,TA,TA,Y,135,112,0,0,0,0,None,0,9,2009,New,Partial,True,False,False,False,True
1218,1218,1219,50,52.0,6240,None,Reg,Lvl,AllPub,Inside,Gtl,BrkSide,Norm,Norm,1Fam,1.5Fin,4,5,1947,1950,Gable,CompShg,AsbShng,AsbShng,None,0.0,TA,TA,Slab,None,None,None,None,0,None,0,0,0,GasA,Gd,SBrkr,672,240,0,912,0,0,1,0,2,1,TA,3,Typ,0,None,None,1980.0,None,0,0,None,None,N,0,0,0,0,0,0,None,0,7,2006,WD,Normal,False,False,False,True,True
1219,1219,1220,160,21.0,1680,None,Reg,Lvl,AllPub,Inside,Gtl,BrDale,Norm,Norm,Twnhs,2Story,6,5,1971,1971,Gable,CompShg,CemntBd,CmentBd,BrkFace,236.0,TA,TA,CBlock,TA,TA,No,Unf,0,Unf,0,672,672,GasA,TA,SBrkr,672,546,0,1218,0,0,1,1,3,1,TA,7,Typ,0,None,None,1980.0,None,0,0,None,None,N,201,0,0,0,0,0,None,0,4,2006,WD,Abnorml,False,False,False,True,True
1220,1220,1221,20,66.0,7800,None,IR1,Lvl,AllPub,Inside,Gtl,NAmes,Norm,Norm,1Fam,1Story,5,5,1964,1964,Gable,CompShg,Wd Sdng,Wd Sdng,None,0.0,TA,TA,CBlock,TA,TA,No,Rec,312,LwQ,600,0,912,GasA,TA,SBrkr,912,0,0,912,0,0,1,0,2,1,TA,5,Typ,0,None,Attchd,1964.0,Unf,1,288,TA,TA,Y,0,0,0,0,0,0,None,0,11,2006,WD,Abnorml,False,False,True,False,True
1221,1221,1222,20,55.0,8250,None,Reg,Lvl,AllPub,Inside,Gtl,Sawyer,Feedr,Norm,1Fam,1Story,5,5,1968,1968,Hip,CompShg,HdBoard,HdBoard,None,0.0,TA,TA,CBlock,TA,TA,No,BLQ,250,LwQ,492,210,952,GasA,Ex,SBrkr,1211,0,0,1211,0,0,1,0,3,1,TA,5,Typ,1,TA,Attchd,1968.0,Unf,1,322,TA,TA,Y,0,63,0,0,0,0,None,0,8,2008,WD,Normal,False,False,True,False,True
1222,1222,1223,50,78.0,10496,None,Reg,Lvl,AllPub,Inside,Gtl,NAmes,Artery,Norm,1Fam,1.5Fin,6,6,1949,1950,Gable,CompShg,Wd Sdng,Wd Sdng,BrkFace,320.0,TA,TA,CBlock,TA,TA,Mn,Rec,196,Unf,0,844,1040,GasA,Ex,SBrkr,1168,678,0,1846,0,0,2,0,3,1,TA,7,Typ,1,Gd,Attchd,1949.0,Unf,1,315,TA,TA,Y,0,0,0,0,0,0,GdWo,0,1,2007,WD,Normal,False,False,True,False,True
1223,1223,1224,20,89.0,10680,None,Reg,Lvl,AllPub,Inside,Gtl,NAmes,Norm,Norm,1Fam,1Story,5,3,1951,1951,Hip,CompShg,Wd Sdng,Wd Sdng,BrkFace,44.0,TA,TA,CBlock,TA,Fa,No,LwQ,756,Unf,0,1380,2136,GasA,TA,FuseA,2136,0,0,2136,0,0,2,0,4,1,TA,7,Mod,0,None,Detchd,1951.0,Unf,2,528,TA,TA,Y,0,30,0,0,0,0,MnPrv,0,10,2006,WD,Normal,False,False,True,False,True
1224,1224,1225,60,60.0,15384,None,IR1,Lvl,AllPub,Inside,Gtl,Gilbert,RRAn,Norm,1Fam,2Story,7,5,2004,2005,Gable,CompShg,VinylSd,VinylSd,None,0.0,Gd,TA,PConc,Gd,TA,Av,GLQ,724,Unf,0,64,788,GasA,Ex,SBrkr,788,702,0,1490,1,0,2,1,3,1,Gd,8,Typ,1,Gd,Attchd,2004.0,Fin,2,388,TA,TA,Y,100,75,0,0,0,0,None,0,2,2008,WD,Normal,False,False,True,False,True
1225,1225,1226,80,65.0,10482,None,Reg,Lvl,AllPub,Inside,Gtl,NAmes,Norm,Norm,1Fam,SLvl,6,8,1958,1958,Hip,CompShg,VinylSd,VinylSd,BrkFace,63.0,TA,Gd,CBlock,TA,TA,Av,GLQ,507,Unf,0,81,588,GasA,Ex,SBrkr,1138,0,0,1138,0,1,1,0,3,1,TA,6,Typ,0,None,Attchd,1958.0,RFn,1,264,TA,TA,Y,224,0,0,0,0,0,MnWw,0,6,2007,WD,Normal,False,False,True,False,True
1226,1226,1227,60,86.0,14598,None,IR1,Lvl,AllPub,CulDSac,Gtl,Somerst,Feedr,Norm,1Fam,2Story,6,5,2007,2007,Gable,CompShg,VinylSd,VinylSd,Stone,74.0,Gd,TA,PConc,Gd,TA,Mn,Unf,0,Unf,0,894,894,GasA,Ex,SBrkr,894,1039,0,1933,0,0,2,1,4,1,Gd,9,Typ,1,Gd,BuiltIn,2007.0,Fin,3,668,TA,TA,Y,100,18,0,0,0,0,None,0,1,2008,WD,Normal,False,False,True,False,True
1227,1227,1228,20,72.0,8872,None,Reg,Lvl,AllPub,Corner,Gtl,NAmes,Norm,Norm,1Fam,1Story,5,8,1965,2008,Gable,CompShg,VinylSd,VinylSd,BrkFace,300.0,TA,TA,CBlock,TA,TA,No,ALQ,595,Unf,0,317,912,GasA,Ex,SBrkr,912,0,0,912,1,0,1,0,2,1,Gd,5,Typ,0,None,Detchd,1992.0,Unf,2,576,TA,TA,Y,0,240,0,0,0,0,None,0,12,2008,WD,Normal,False,False,True,False,True
1228,1228,1229,120,65.0,8769,None,Reg,Lvl,AllPub,Corner,Gtl,NridgHt,Norm,Norm,TwnhsE,1Story,9,5,2008,2008,Hip,CompShg,MetalSd,MetalSd,BrkFace,766.0,Ex,TA,PConc,Ex,TA,No,GLQ,1540,Unf,0,162,1702,GasA,Ex,SBrkr,1702,0,0,1702,1,0,1,1,1,1,Ex,7,Typ,1,Gd,Attchd,2008.0,Fin,3,1052,TA,TA,Y,0,72,0,0,224,0,None,0,10,2008,New,Partial,False,False,True,False,True
1229,1229,1230,80,70.0,7910,None,Reg,Lvl,AllPub,Inside,Gtl,NAmes,Norm,Norm,1Fam,SLvl,5,5,1960,1960,Hip,CompShg,BrkFace,HdBoard,None,0.0,TA,TA,CBlock,TA,TA,No,ALQ,666,Unf,0,409,1075,GasA,Gd,SBrkr,1507,0,0,1507,0,0,2,0,4,1,TA,7,Maj1,0,None,Basment,1960.0,Unf,1,404,TA,TA,Y,0,0,0,0,0,0,GdWo,0,8,2008,WD,Normal,False,False,True,False,True
1230,1230,1231,90,69.0,18890,None,IR1,Lvl,AllPub,Inside,Gtl,Sawyer,Feedr,RRAe,Duplex,1.5Fin,5,5,1977,1977,Shed,CompShg,Plywood,Plywood,None,1.0,TA,TA,CBlock,Gd,TA,No,GLQ,498,Rec,211,652,1361,GasA,Ex,SBrkr,1361,1259,0,2620,0,0,2,2,4,2,TA,12,Typ,1,TA,BuiltIn,1977.0,RFn,2,600,TA,TA,N,155,24,145,0,0,0,None,8300,8,2007,WD,Normal,False,False,True,False,True
1231,1231,1232,90,70.0,7728,None,Reg,Lvl,AllPub,Inside,Gtl,NAmes,Norm,Norm,Duplex,SLvl,5,6,1962,1962,Hip,CompShg,Wd Sdng,Wd Sdng,BrkFace,120.0,TA,TA,CBlock,TA,TA,Av,ALQ,803,Unf,0,303,1106,GasA,TA,SBrkr,1190,0,0,1190,1,0,1,0,3,1,TA,6,Typ,0,None,Attchd,1962.0,Unf,2,540,TA,TA,Y,0,18,0,0,0,0,GdWo,0,5,2006,WD,Normal,False,False,True,False,True
1232,1232,1233,90,70.0,9842,None,Reg,Lvl,AllPub,FR2,Gtl,NAmes,Norm,Norm,Duplex,1Story,4,5,1962,1962,Gable,CompShg,HdBoard,HdBoard,None,0.0,TA,TA,Slab,None,None,None,None,0,None,0,0,0,GasA,TA,SBrkr,1224,0,0,1224,0,0,2,0,2,2,TA,6,Typ,0,None,CarPort,1962.0,Unf,2,462,TA,TA,Y,0,0,0,0,0,0,None,0,3,2007,WD,Normal,False,False,True,False,True
1233,1233,1234,20,69.0,12160,None,IR1,Lvl,AllPub,Inside,Gtl,NAmes,Norm,Norm,1Fam,1Story,5,5,1959,1959,Hip,CompShg,Plywood,Plywood,BrkFace,180.0,TA,TA,CBlock,TA,TA,No,Rec,1000,Unf,0,188,1188,GasA,Fa,SBrkr,1188,0,0,1188,1,0,1,0,3,1,TA,6,Typ,0,None,Attchd,1959.0,RFn,2,531,TA,TA,Y,0,0,0,0,0,0,MnPrv,0,5,2010,COD,Abnorml,False,False,True,False,True
1234,1234,1235,70,55.0,8525,None,Reg,Bnk,AllPub,Inside,Gtl,SWISU,Norm,Norm,1Fam,2Story,5,6,1911,1950,Gable,CompShg,MetalSd,MetalSd,None,0.0,TA,TA,PConc,TA,TA,Av,Unf,0,Unf,0,940,940,GasA,TA,FuseA,1024,940,0,1964,0,0,1,1,4,1,TA,7,Typ,0,None,None,1980.0,None,0,0,None,None,N,0,192,0,0,0,0,None,0,11,2008,WD,Abnorml,False,True,False,False,True
1235,1235,1236,70,96.0,13132,None,Reg,Lvl,AllPub,Inside,Gtl,Crawfor,Norm,Norm,1Fam,2Story,5,5,1914,1950,Gable,CompShg,Wd Sdng,Wd Sdng,None,0.0,TA,TA,BrkTil,Gd,TA,Mn,Unf,0,Unf,0,747,747,GasA,Gd,FuseF,892,892,0,1784,0,0,1,1,4,1,TA,9,Typ,0,None,Detchd,1914.0,Unf,1,180,Fa,Fa,N,203,40,0,0,0,0,None,0,7,2006,WD,Normal,False,False,True,False,True
1236,1236,1237,160,36.0,2628,None,Reg,Lvl,AllPub,Inside,Gtl,NridgHt,Norm,Norm,Twnhs,2Story,7,5,2003,2003,Gable,CompShg,VinylSd,Wd Shng,Stone,106.0,Gd,TA,PConc,Gd,TA,No,Unf,0,Unf,0,764,764,GasA,Ex,SBrkr,764,862,0,1626,0,0,2,1,2,1,Gd,6,Typ,0,None,BuiltIn,2003.0,RFn,2,474,TA,TA,Y,0,27,0,0,0,0,None,0,6,2010,WD,Normal,False,False,True,False,True
1237,1237,1238,60,41.0,12393,None,IR2,Lvl,AllPub,FR2,Gtl,CollgCr,Norm,Norm,1Fam,2Story,7,5,2004,2005,Gable,CompShg,VinylSd,VinylSd,None,0.0,Gd,TA,PConc,Gd,TA,No,Unf,0,Unf,0,847,847,GasA,Ex,SBrkr,847,1101,0,1948,0,0,2,1,4,1,Gd,8,Typ,1,Gd,BuiltIn,2004.0,Fin,2,434,TA,TA,Y,100,48,0,0,0,0,None,0,9,2006,WD,Normal,False,False,True,False,True
1238,1238,1239,20,63.0,13072,None,Reg,Lvl,AllPub,Inside,Gtl,SawyerW,RRAe,Norm,1Fam,1Story,6,5,2005,2005,Gable,CompShg,VinylSd,VinylSd,None,0.0,Gd,TA,PConc,Gd,TA,No,Unf,0,Unf,0,1141,1141,GasA,Ex,SBrkr,1141,0,0,1141,0,0,1,1,3,1,TA,6,Typ,0,None,Detchd,2005.0,Unf,2,484,TA,TA,Y,0,0,0,0,0,0,None,0,3,2006,WD,Abnorml,False,False,True,False,True
1239,1239,1240,20,64.0,9037,None,IR1,HLS,AllPub,Inside,Gtl,Timber,Norm,Norm,1Fam,1Story,8,5,2006,2006,Hip,CompShg,VinylSd,VinylSd,BrkFace,32.0,Gd,TA,PConc,Gd,TA,Av,GLQ,428,Unf,0,1048,1476,GasA,Ex,SBrkr,1484,0,0,1484,0,0,2,0,2,1,Ex,6,Typ,1,Gd,Attchd,2006.0,RFn,2,472,TA,TA,Y,120,33,0,0,0,0,None,0,12,2007,WD,Normal,False,False,True,False,True
1240,1240,1241,60,65.0,8158,None,Reg,Lvl,AllPub,Inside,Gtl,CollgCr,Norm,Norm,1Fam,2Story,7,5,2003,2003,Gable,CompShg,VinylSd,VinylSd,BrkFace,252.0,Gd,TA,PConc,Gd,TA,No,GLQ,550,Unf,0,334,884,GasA,Ex,SBrkr,884,884,0,1768,1,0,2,1,3,1,Gd,8,Typ,0,None,Attchd,2003.0,RFn,2,543,TA,TA,Y,0,63,0,0,0,0,None,0,7,2008,WD,Normal,False,False,True,False,True
1241,1241,1242,20,83.0,9849,None,Reg,Lvl,AllPub,Inside,Gtl,Somerst,Norm,Norm,1Fam,1Story,7,6,2007,2007,Hip,CompShg,VinylSd,VinylSd,Stone,0.0,Gd,TA,PConc,Gd,TA,Av,Unf,0,Unf,0,1689,1689,GasA,Ex,SBrkr,1689,0,0,1689,0,0,2,0,3,1,Gd,7,Typ,0,None,Attchd,2007.0,RFn,3,954,TA,TA,Y,0,56,0,0,0,0,None,0,6,2007,New,Partial,False,False,True,False,True
1242,1242,1243,85,85.0,10625,None,Reg,Lvl,AllPub,Inside,Gtl,NWAmes,Norm,Norm,1Fam,SFoyer,7,6,1974,1974,Gable,CompShg,Plywood,Plywood,BrkFace,81.0,TA,TA,CBlock,Gd,TA,Gd,GLQ,885,LwQ,168,0,1053,GasA,TA,SBrkr,1173,0,0,1173,1,0,2,0,3,1,Gd,6,Typ,2,TA,Attchd,1974.0,RFn,2,528,TA,TA,Y,0,120,0,0,0,0,MnPrv,0,1,2010,WD,Family,False,False,True,False,True
1243,1243,1244,20,107.0,13891,None,Reg,Lvl,AllPub,Inside,Gtl,NridgHt,Norm,Norm,1Fam,1Story,10,5,2006,2006,Gable,CompShg,VinylSd,VinylSd,None,0.0,Ex,TA,PConc,Ex,Gd,Gd,GLQ,1386,Unf,0,690,2076,GasA,Ex,SBrkr,2076,0,0,2076,1,0,2,1,2,1,Ex,7,Typ,1,Gd,Attchd,2006.0,Fin,3,850,TA,TA,Y,216,229,0,0,0,0,None,0,9,2006,New,Partial,False,False,True,False,True
1244,1244,1245,70,69.0,11435,None,IR1,HLS,AllPub,Corner,Mod,Crawfor,Norm,Norm,1Fam,2Story,8,7,1929,1950,Gable,CompShg,BrkFace,Stucco,None,0.0,TA,TA,PConc,Gd,TA,No,Unf,0,Unf,0,792,792,GasA,Fa,SBrkr,792,725,0,1517,0,0,1,0,3,1,Gd,7,Typ,2,Gd,Detchd,1931.0,Unf,2,400,TA,TA,Y,0,0,0,0,0,0,None,0,6,2006,WD,Normal,False,False,True,False,True
1245,1245,1246,80,78.0,12090,None,Reg,Lvl,AllPub,Inside,Gtl,NWAmes,Norm,Norm,1Fam,SLvl,6,7,1984,2003,Hip,CompShg,VinylSd,VinylSd,BrkFace,74.0,TA,TA,CBlock,Gd,TA,No,Unf,0,Unf,0,585,585,GasA,Ex,SBrkr,1140,728,0,1868,0,0,3,1,3,1,TA,7,Typ,1,TA,BuiltIn,1984.0,Fin,2,477,TA,TA,Y,268,112,0,0,147,0,None,0,1,2007,WD,Abnorml,False,False,True,False,True
1246,1246,1247,60,65.0,8125,None,Reg,Lvl,AllPub,Inside,Gtl,Somerst,Norm,Norm,1Fam,2Story,7,5,2005,2006,Gable,CompShg,VinylSd,VinylSd,None,0.0,Gd,TA,PConc,Gd,TA,No,Unf,0,Unf,0,756,756,GasA,Ex,SBrkr,756,797,0,1553,0,0,2,1,3,1,Gd,6,Typ,0,None,Attchd,2005.0,RFn,2,615,TA,TA,Y,0,45,0,0,0,0,None,0,3,2006,New,Partial,True,False,False,False,True
1247,1247,1248,80,69.0,12328,None,IR1,Lvl,AllPub,Inside,Gtl,Mitchel,Norm,Norm,1Fam,SLvl,6,5,1976,1976,Gable,CompShg,HdBoard,HdBoard,BrkFace,335.0,TA,TA,CBlock,TA,TA,Av,GLQ,539,Unf,0,473,1012,GasA,TA,SBrkr,1034,0,0,1034,1,0,1,0,3,1,TA,6,Typ,0,None,Attchd,1976.0,Unf,3,888,TA,TA,Y,0,0,0,0,0,0,None,0,5,2010,WD,Normal,False,False,True,False,True
1248,1248,1249,75,60.0,9600,Grvl,Reg,Lvl,AllPub,Inside,Gtl,OldTown,Norm,Norm,1Fam,2.5Unf,6,5,1917,1950,Gable,CompShg,AsbShng,AsbShng,None,0.0,TA,TA,BrkTil,Gd,TA,No,Rec,319,Unf,0,416,735,OthW,Fa,SBrkr,1134,924,0,2058,0,0,1,1,3,1,TA,8,Typ,1,Gd,Detchd,1950.0,Unf,2,396,Fa,Fa,P,0,0,259,0,0,0,None,0,4,2008,WD,Normal,False,False,False,True,True
1249,1249,1250,20,60.0,7200,None,Reg,Lvl,AllPub,Inside,Gtl,NAmes,Norm,Norm,1Fam,1Story,5,7,1950,1950,Gable,CompShg,MetalSd,MetalSd,None,0.0,TA,TA,CBlock,TA,TA,No,BLQ,534,Rec,96,246,876,GasA,TA,SBrkr,988,0,0,988,0,0,1,0,3,1,TA,6,Typ,0,None,Attchd,1950.0,Unf,1,276,TA,TA,Y,0,80,0,0,0,0,None,0,5,2007,WD,Normal,False,False,True,False,True
1250,1250,1251,20,93.0,11160,None,Reg,Lvl,AllPub,Corner,Gtl,NAmes,Norm,Norm,1Fam,1Story,7,5,1968,1968,Hip,CompShg,BrkFace,BrkFace,None,0.0,Gd,TA,CBlock,TA,TA,No,ALQ,1065,Unf,0,1045,2110,GasA,Ex,SBrkr,2110,0,0,2110,1,0,2,1,3,1,Ex,8,Typ,2,TA,Attchd,1968.0,Fin,2,522,TA,TA,Y,0,0,0,0,0,0,None,0,4,2010,WD,Normal,False,False,True,False,True
1251,1251,1252,120,69.0,3136,None,IR1,Lvl,AllPub,Corner,Gtl,NridgHt,Norm,Norm,TwnhsE,1Story,7,5,2003,2003,Gable,CompShg,VinylSd,Wd Shng,Stone,163.0,Gd,TA,PConc,Gd,TA,No,Unf,0,Unf,0,1405,1405,GasA,Ex,SBrkr,1405,0,0,1405,0,0,2,0,2,1,Gd,6,Typ,1,Gd,Attchd,2003.0,RFn,2,478,TA,TA,Y,148,36,0,0,0,0,None,0,3,2006,WD,Normal,False,False,True,False,True
1252,1252,1253,20,62.0,9858,None,Reg,Lvl,AllPub,Inside,Gtl,Mitchel,Norm,Norm,1Fam,1Story,5,6,1968,1968,Gable,CompShg,HdBoard,HdBoard,None,0.0,TA,TA,CBlock,TA,TA,No,BLQ,510,Unf,0,354,864,GasA,TA,SBrkr,874,0,0,874,1,0,1,0,3,1,TA,5,Typ,0,None,Attchd,1968.0,RFn,1,288,TA,TA,Y,33,0,0,0,0,0,GdWo,600,11,2009,WD,Normal,False,False,True,False,True
1253,1253,1254,60,69.0,17542,None,IR1,Lvl,AllPub,Inside,Gtl,Veenker,Norm,Norm,1Fam,2Story,7,7,1974,2003,Gable,CompShg,Wd Sdng,Wd Sdng,None,0.0,Gd,TA,CBlock,TA,TA,Gd,LwQ,125,ALQ,1031,36,1192,GasA,TA,SBrkr,1516,651,0,2167,1,0,2,1,3,1,Gd,9,Typ,2,Gd,Attchd,1974.0,RFn,2,518,TA,TA,Y,220,47,0,0,0,0,MnPrv,0,7,2007,WD,Normal,False,False,True,False,True
1254,1254,1255,60,60.0,6931,None,Reg,Lvl,AllPub,Inside,Gtl,Edwards,Norm,Norm,1Fam,2Story,7,5,2003,2004,Gable,CompShg,VinylSd,VinylSd,Stone,92.0,Gd,TA,PConc,Gd,TA,No,Unf,0,Unf,0,746,746,GasA,Ex,SBrkr,760,896,0,1656,0,0,2,1,3,1,Gd,7,Typ,1,Gd,BuiltIn,2003.0,Fin,2,397,TA,TA,Y,178,128,0,0,0,0,None,0,7,2008,WD,Normal,False,False,True,False,True
1255,1255,1256,50,52.0,6240,None,Reg,Lvl,AllPub,Inside,Gtl,BrkSide,Norm,Norm,1Fam,1.5Fin,6,6,1931,1950,Gable,CompShg,Wd Sdng,Wd Sdng,None,0.0,TA,TA,BrkTil,TA,Fa,No,LwQ,425,Unf,0,459,884,GasA,TA,FuseA,959,408,0,1367,0,0,1,0,3,1,TA,6,Typ,1,Gd,Detchd,1978.0,Unf,1,560,TA,TA,Y,0,0,0,0,120,0,None,0,11,2007,WD,Normal,False,False,False,True,True
1256,1256,1257,20,91.0,14303,None,IR1,Lvl,AllPub,Corner,Gtl,NoRidge,Norm,Norm,1Fam,1Story,8,5,1994,1994,Hip,CompShg,HdBoard,HdBoard,BrkFace,554.0,Gd,TA,PConc,Gd,TA,Gd,GLQ,1314,Unf,0,672,1986,GasA,Ex,SBrkr,1987,0,0,1987,1,0,2,0,2,1,Gd,7,Typ,1,TA,Attchd,1994.0,Fin,2,691,TA,TA,Y,262,36,0,0,0,0,None,0,8,2008,WD,Normal,False,False,True,False,True
1257,1257,1258,30,56.0,4060,None,Reg,Lvl,AllPub,Corner,Gtl,Edwards,Feedr,Norm,1Fam,1Story,5,8,1922,1950,Gable,CompShg,Wd Sdng,Wd Sdng,None,0.0,TA,TA,PConc,Fa,TA,No,Unf,0,Unf,0,864,864,GasA,Ex,SBrkr,864,0,0,864,0,0,1,0,2,1,TA,4,Typ,0,None,None,1980.0,None,0,0,None,None,Y,0,96,0,0,0,0,None,0,7,2009,WD,Normal,False,False,True,False,True
1258,1258,1259,80,59.0,9587,None,IR1,Lvl,AllPub,Inside,Gtl,Gilbert,Norm,Norm,1Fam,SLvl,7,5,2005,2005,Gable,CompShg,VinylSd,VinylSd,Stone,182.0,Gd,TA,PConc,Gd,TA,Gd,GLQ,655,Unf,0,201,856,GasA,Ex,SBrkr,1166,0,0,1166,1,0,2,0,2,1,Gd,5,Typ,0,None,Attchd,2005.0,Fin,2,400,TA,TA,Y,212,0,0,0,0,0,None,0,7,2008,WD,Normal,False,False,True,False,True
1259,1259,1260,20,65.0,9750,None,Reg,Lvl,AllPub,FR2,Gtl,NAmes,Norm,Norm,1Fam,1Story,6,8,1969,1969,Gable,CompShg,HdBoard,HdBoard,None,0.0,TA,TA,CBlock,Gd,TA,No,ALQ,602,LwQ,438,14,1054,GasA,Gd,SBrkr,1054,0,0,1054,1,0,1,1,3,1,TA,6,Typ,0,None,Attchd,1969.0,Unf,2,460,TA,TA,Y,180,0,0,0,80,0,None,0,7,2008,WD,Normal,False,False,True,False,True
1260,1260,1261,60,69.0,24682,None,IR3,Lvl,AllPub,CulDSac,Gtl,Gilbert,RRAn,Norm,1Fam,2Story,6,5,1999,1999,Gable,CompShg,VinylSd,VinylSd,None,0.0,TA,TA,PConc,Gd,TA,No,Unf,0,Unf,0,841,841,GasA,Ex,SBrkr,892,783,0,1675,0,0,2,1,3,1,TA,7,Typ,1,TA,BuiltIn,1999.0,Fin,2,502,TA,TA,Y,0,103,0,0,0,0,None,0,6,2009,WD,Normal,False,False,True,False,True
1261,1261,1262,20,80.0,9600,None,Reg,Lvl,AllPub,Inside,Gtl,NAmes,Norm,Norm,1Fam,1Story,5,6,1956,1956,Hip,CompShg,MetalSd,MetalSd,None,0.0,TA,TA,CBlock,TA,TA,No,Rec,504,Unf,0,546,1050,GasA,Gd,SBrkr,1050,0,0,1050,0,0,1,0,2,1,TA,5,Typ,0,None,Attchd,1956.0,Unf,1,338,TA,TA,Y,0,0,0,0,0,0,None,0,6,2009,WD,Normal,False,False,True,False,True
1262,1262,1263,50,69.0,11250,None,Reg,Lvl,AllPub,Inside,Gtl,ClearCr,Norm,Norm,1Fam,1.5Fin,4,5,1957,1989,Gable,CompShg,Wd Sdng,Wd Sdng,None,0.0,TA,TA,CBlock,TA,TA,Av,Unf,0,Unf,0,1104,1104,GasA,Ex,FuseA,1104,684,0,1788,1,0,1,0,5,1,TA,8,Min2,2,TA,Attchd,1957.0,Unf,1,304,TA,TA,Y,120,0,0,0,0,0,None,0,11,2009,WD,Normal,False,False,True,False,True
1263,1263,1264,70,60.0,13515,Pave,Reg,Lvl,AllPub,Inside,Gtl,BrkSide,Norm,Norm,1Fam,2Story,6,6,1919,1950,Gambrel,CompShg,Wd Sdng,Wd Sdng,None,0.0,TA,TA,PConc,TA,TA,No,Unf,0,Unf,0,764,764,GasA,Ex,FuseA,1060,764,0,1824,0,0,1,0,3,1,TA,8,Typ,1,Gd,Detchd,1940.0,Unf,2,520,TA,TA,N,0,0,126,0,0,0,GdPrv,0,7,2007,WD,Normal,False,False,True,False,True
1264,1264,1265,120,34.0,4060,None,Reg,Lvl,AllPub,Inside,Gtl,NAmes,Norm,Norm,TwnhsE,1Story,6,5,1998,1999,Gable,CompShg,MetalSd,MetalSd,None,0.0,Gd,TA,PConc,Gd,TA,No,GLQ,266,Unf,0,1139,1405,GasA,Ex,SBrkr,1337,0,0,1337,1,0,2,0,2,1,Gd,5,Typ,0,None,Attchd,1998.0,Fin,2,511,TA,TA,Y,144,68,0,0,0,0,None,0,8,2008,COD,Abnorml,False,True,False,False,True
1265,1265,1266,160,35.0,3735,None,Reg,Lvl,AllPub,FR3,Gtl,Somerst,Norm,Norm,TwnhsE,2Story,7,5,1999,1999,Hip,CompShg,MetalSd,MetalSd,BrkFace,218.0,Gd,TA,PConc,Gd,TA,No,GLQ,450,Unf,0,241,691,GasA,Ex,SBrkr,713,739,0,1452,1,0,2,1,3,1,Gd,6,Typ,0,None,Detchd,1999.0,Unf,2,506,TA,TA,Y,0,34,0,0,0,0,None,0,3,2006,WD,Normal,True,False,False,False,True
1266,1266,1267,190,60.0,10120,None,IR1,Bnk,AllPub,Inside,Gtl,OldTown,Feedr,Norm,2fmCon,2.5Unf,7,4,1910,1950,Hip,CompShg,Wd Sdng,Wd Sdng,None,0.0,Fa,TA,CBlock,TA,TA,No,Unf,0,Unf,0,925,925,GasA,TA,FuseF,964,925,0,1889,0,0,1,1,4,2,TA,9,Typ,1,Gd,Detchd,1960.0,Unf,1,308,TA,TA,N,0,0,264,0,0,0,MnPrv,0,1,2007,WD,Normal,False,False,False,True,True
1267,1267,1268,20,89.0,13214,None,IR1,HLS,AllPub,Inside,Gtl,Timber,Norm,Norm,1Fam,1Story,9,5,2008,2009,Hip,CompShg,Stucco,CmentBd,None,0.0,Ex,TA,PConc,Ex,TA,Gd,Unf,0,Unf,0,2002,2002,GasA,Ex,SBrkr,2018,0,0,2018,0,0,2,0,3,1,Ex,10,Typ,1,Gd,Attchd,2009.0,Fin,3,746,TA,TA,Y,144,76,0,0,0,0,None,0,5,2010,WD,Normal,False,False,True,False,True
1268,1268,1269,50,69.0,14100,None,IR1,Lvl,AllPub,Inside,Mod,Crawfor,Norm,Norm,1Fam,1.5Fin,8,9,1935,1997,Gable,CompShg,Stucco,Stucco,BrkFace,632.0,TA,Gd,CBlock,TA,TA,Mn,Rec,192,Unf,0,536,728,GasA,Ex,SBrkr,1968,1479,0,3447,0,0,3,1,4,1,Gd,11,Typ,2,Gd,BuiltIn,1982.0,Unf,3,1014,TA,TA,Y,314,12,0,0,0,0,GdWo,0,5,2008,WD,Normal,False,False,True,False,True
1269,1269,1270,50,78.0,11344,None,Reg,Lvl,AllPub,Inside,Gtl,NAmes,Feedr,Norm,1Fam,1.5Fin,5,5,1958,1958,Gable,CompShg,MetalSd,MetalSd,BrkFace,180.0,TA,TA,CBlock,TA,TA,No,BLQ,460,Unf,0,414,874,GasW,TA,FuseA,874,650,0,1524,0,0,1,1,3,1,TA,7,Typ,0,None,Attchd,1958.0,Unf,1,315,TA,TA,Y,0,0,0,0,0,0,GdWo,0,7,2007,WD,Normal,False,False,True,False,True
1270,1270,1271,40,69.0,23595,None,Reg,Low,AllPub,Inside,Sev,ClearCr,Norm,Norm,1Fam,1Story,7,6,1979,1979,Shed,WdShake,Plywood,Plywood,None,0.0,Gd,TA,PConc,Gd,TA,Gd,GLQ,1258,Unf,0,74,1332,GasA,TA,SBrkr,1332,192,0,1524,2,0,0,1,0,1,Gd,4,Typ,1,TA,Attchd,1979.0,Fin,2,586,TA,TA,Y,268,0,0,0,0,0,None,0,4,2010,WD,Normal,False,False,True,False,True
1271,1271,1272,20,69.0,9156,None,IR1,Lvl,AllPub,Inside,Gtl,NWAmes,PosN,Norm,1Fam,1Story,6,7,1968,1968,Hip,CompShg,BrkFace,BrkFace,None,0.0,TA,TA,CBlock,TA,TA,No,Unf,0,Unf,0,1489,1489,GasA,Gd,SBrkr,1489,0,0,1489,0,0,2,0,3,1,Gd,7,Typ,1,Gd,Attchd,1968.0,RFn,2,462,TA,TA,Y,0,0,0,0,0,0,None,0,8,2009,WD,Normal,False,False,True,False,True
1272,1272,1273,20,69.0,13526,None,IR1,Lvl,AllPub,CulDSac,Gtl,Sawyer,Norm,Norm,1Fam,1Story,5,6,1965,1965,Hip,CompShg,HdBoard,Plywood,BrkFace,114.0,TA,TA,CBlock,TA,TA,No,BLQ,560,LwQ,375,0,935,GasA,TA,SBrkr,935,0,0,935,1,0,1,0,3,1,TA,5,Typ,0,None,Attchd,1965.0,Unf,1,288,TA,TA,Y,180,0,0,0,0,0,MnPrv,0,11,2006,WD,Normal,False,False,True,False,True
1273,1273,1274,80,124.0,11512,None,IR1,Lvl,AllPub,Corner,Gtl,Edwards,Norm,Norm,1Fam,SLvl,6,7,1959,2006,Gable,CompShg,Plywood,Plywood,BrkFace,84.0,TA,TA,CBlock,TA,TA,Av,ALQ,719,Unf,0,300,1019,GasA,Gd,SBrkr,1357,0,0,1357,1,0,1,0,2,1,Ex,5,Typ,1,Gd,Basment,1959.0,RFn,1,312,TA,TA,Y,0,0,0,0,163,0,GdPrv,0,5,2008,WD,Normal,False,False,True,False,True
1274,1274,1275,50,53.0,5362,None,Reg,Lvl,AllPub,Corner,Gtl,Crawfor,Norm,Norm,1Fam,1.5Fin,5,6,1910,2003,Gable,CompShg,Wd Sdng,Wd Shng,None,0.0,TA,TA,PConc,TA,TA,No,Unf,0,Unf,0,661,661,GasA,Ex,SBrkr,661,589,0,1250,0,0,2,0,3,1,TA,8,Typ,1,Gd,Detchd,1985.0,Unf,2,552,TA,TA,Y,242,0,81,0,0,0,None,0,11,2007,WD,Normal,False,False,True,False,True
1275,1275,1276,90,95.0,11345,None,Reg,Lvl,AllPub,Corner,Gtl,NAmes,Feedr,Norm,Duplex,2Story,5,5,1948,1950,Gable,Roll,AsbShng,AsbShng,Stone,567.0,TA,TA,CBlock,TA,TA,No,Rec,220,Unf,0,708,928,GasA,Gd,FuseA,928,992,0,1920,0,0,2,0,4,2,TA,10,Typ,0,None,Detchd,1948.0,Unf,2,400,TA,Fa,Y,0,0,0,0,0,0,None,0,7,2007,WD,Normal,False,False,True,False,True
1276,1276,1277,60,69.0,12936,None,IR1,Lvl,AllPub,CulDSac,Gtl,NWAmes,Norm,Norm,1Fam,2Story,6,6,1972,1972,Gable,CompShg,HdBoard,Plywood,None,0.0,TA,TA,CBlock,TA,Gd,No,BLQ,593,Unf,0,130,723,GasA,TA,SBrkr,735,660,0,1395,0,1,1,1,3,1,TA,6,Typ,1,TA,Attchd,1972.0,Unf,2,497,TA,TA,Y,294,116,0,0,0,0,None,0,12,2009,WD,Normal,False,False,True,False,True
1277,1277,1278,80,69.0,17871,None,IR1,Lvl,AllPub,CulDSac,Gtl,NWAmes,Norm,Norm,1Fam,SLvl,6,5,1967,1976,Gable,CompShg,HdBoard,HdBoard,BrkFace,359.0,TA,TA,CBlock,Gd,TA,Av,ALQ,528,Unf,0,1152,1680,GasA,Fa,SBrkr,1724,0,0,1724,1,0,1,1,3,1,TA,7,Typ,1,Gd,Attchd,1967.0,RFn,2,480,TA,TA,Y,0,0,0,0,0,0,None,0,6,2009,WD,Normal,False,False,True,False,True
1278,1278,1279,60,75.0,9473,None,Reg,Lvl,AllPub,Inside,Gtl,CollgCr,Norm,Norm,1Fam,2Story,8,5,2002,2002,Gable,CompShg,VinylSd,VinylSd,None,0.0,Gd,TA,PConc,Gd,TA,No,GLQ,804,Unf,0,324,1128,GasA,Ex,SBrkr,1128,903,0,2031,1,0,2,1,3,1,Gd,7,Typ,1,Gd,Attchd,2002.0,RFn,2,577,TA,TA,Y,0,211,0,0,0,0,None,0,3,2008,WD,Normal,False,False,True,False,True
1279,1279,1280,50,60.0,7500,None,Reg,Lvl,AllPub,Inside,Gtl,IDOTRR,Norm,Norm,1Fam,1.5Fin,4,4,1920,1950,Gable,CompShg,MetalSd,MetalSd,None,0.0,TA,Gd,CBlock,TA,TA,No,Unf,0,Unf,0,698,698,GasA,TA,FuseA,698,430,0,1128,0,0,1,0,2,1,TA,6,Typ,0,None,Detchd,1980.0,RFn,2,528,TA,TA,Y,30,0,164,0,0,0,None,0,4,2010,COD,Abnorml,False,False,False,False,True
1280,1280,1281,20,67.0,9808,None,IR1,Lvl,AllPub,Inside,Gtl,CollgCr,Norm,Norm,1Fam,1Story,7,5,2002,2002,Gable,CompShg,VinylSd,VinylSd,BrkFace,110.0,Gd,TA,PConc,Gd,TA,No,GLQ,788,Unf,0,785,1573,GasA,Ex,SBrkr,1573,0,0,1573,1,0,2,0,3,1,Gd,6,Typ,0,None,Attchd,2002.0,RFn,2,544,TA,TA,Y,0,72,0,0,0,0,None,0,3,2009,WD,Normal,False,False,True,False,True
1281,1281,1282,20,50.0,8049,None,IR1,Lvl,AllPub,CulDSac,Gtl,Timber,Norm,Norm,1Fam,1Story,7,5,1990,1990,Hip,CompShg,HdBoard,HdBoard,BrkFace,54.0,TA,TA,CBlock,Gd,TA,No,ALQ,1053,Unf,0,256,1309,GasA,TA,SBrkr,1339,0,0,1339,1,0,2,0,2,1,TA,6,Typ,1,TA,Attchd,1990.0,Fin,2,484,Gd,Gd,Y,0,58,0,0,90,0,None,0,7,2006,WD,Normal,False,False,True,False,True
1282,1282,1283,20,61.0,8800,None,IR1,Lvl,AllPub,Inside,Gtl,CollgCr,Norm,Norm,1Fam,1Story,5,7,1977,2008,Gable,CompShg,HdBoard,HdBoard,None,0.0,TA,TA,CBlock,Gd,TA,Mn,LwQ,532,Rec,144,364,1040,GasA,TA,SBrkr,1040,0,0,1040,0,0,2,0,3,1,Gd,5,Typ,0,None,Detchd,1977.0,Unf,2,484,TA,TA,Y,0,0,0,0,288,0,None,0,9,2009,WD,Normal,False,False,True,False,True
1283,1283,1284,90,94.0,9400,None,Reg,Low,AllPub,Corner,Gtl,Mitchel,Norm,Norm,Duplex,2Story,6,5,1971,1971,Mansard,CompShg,MetalSd,Wd Shng,None,0.0,TA,TA,CBlock,TA,TA,Av,Unf,0,Unf,0,912,912,GasA,TA,SBrkr,912,912,0,1824,0,0,2,2,4,2,TA,8,Typ,0,None,None,1980.0,None,0,0,None,None,Y,128,0,0,0,0,0,None,0,4,2010,WD,Normal,False,False,True,False,True
1284,1284,1285,50,50.0,9638,None,Reg,Lvl,AllPub,Inside,Gtl,SWISU,Feedr,Norm,1Fam,1.5Fin,6,7,1919,1990,Gable,CompShg,Wd Sdng,Wd Shng,None,0.0,TA,TA,PConc,TA,TA,No,Unf,0,Unf,0,804,804,GasA,Ex,SBrkr,1699,748,0,2447,0,0,2,0,4,1,Gd,10,Min2,1,Gd,Detchd,1969.0,Unf,1,336,TA,TA,Y,272,0,42,0,116,0,None,0,3,2010,WD,Normal,False,False,True,False,True
1285,1285,1286,50,50.0,6000,None,Reg,Lvl,AllPub,Inside,Gtl,BrkSide,Norm,Norm,1Fam,1.5Fin,6,6,1939,1950,Gable,CompShg,MetalSd,MetalSd,None,0.0,TA,Fa,CBlock,TA,TA,No,Unf,0,Unf,0,780,780,GasA,Ex,FuseF,825,587,0,1412,0,0,1,0,4,1,TA,6,Typ,1,Gd,Detchd,1939.0,Unf,1,280,TA,TA,Y,45,0,0,0,0,0,None,0,5,2009,WD,Normal,False,False,False,True,True
1286,1286,1287,20,69.0,9790,None,Reg,Lvl,AllPub,Inside,Gtl,NWAmes,Feedr,Norm,1Fam,1Story,6,5,1963,1963,Hip,CompShg,HdBoard,HdBoard,BrkFace,451.0,TA,TA,CBlock,TA,TA,No,ALQ,569,Rec,81,678,1328,GasA,TA,SBrkr,1328,0,0,1328,1,0,1,1,3,1,TA,6,Typ,2,Gd,Attchd,1963.0,Unf,2,528,TA,TA,Y,0,26,0,0,0,0,None,0,6,2010,WD,Normal,False,False,True,False,True
1287,1287,1288,20,69.0,36500,None,IR1,Low,AllPub,Inside,Mod,ClearCr,Norm,Norm,1Fam,1Story,5,5,1964,1964,Gable,CompShg,Wd Sdng,Wd Sdng,BrkCmn,621.0,TA,Gd,CBlock,TA,TA,Av,Rec,812,Unf,0,812,1624,GasA,Fa,SBrkr,1582,0,0,1582,0,1,2,0,4,1,TA,7,Typ,0,None,Attchd,1964.0,Unf,2,390,TA,TA,N,168,198,0,0,0,0,None,0,6,2006,WD,Normal,False,False,True,False,True
1288,1288,1289,120,40.0,5664,None,IR1,Lvl,AllPub,Inside,Gtl,StoneBr,Norm,Norm,TwnhsE,1Story,8,5,2000,2000,Gable,CompShg,CemntBd,CmentBd,None,0.0,Gd,TA,PConc,Gd,TA,No,GLQ,1158,Unf,0,343,1501,GasA,Ex,SBrkr,1659,0,0,1659,1,0,2,0,2,1,Ex,5,Typ,1,Ex,Attchd,2000.0,Fin,2,499,TA,TA,Y,212,59,0,0,0,0,None,0,10,2009,WD,Normal,False,False,True,False,True
1289,1289,1290,60,86.0,11065,None,IR1,Lvl,AllPub,Inside,Gtl,NridgHt,Norm,Norm,1Fam,2Story,8,5,2006,2006,Gable,CompShg,VinylSd,VinylSd,Stone,788.0,Gd,TA,PConc,Gd,TA,Mn,Unf,0,Unf,0,1085,1085,GasA,Ex,SBrkr,1120,850,0,1970,0,0,2,1,3,1,Ex,8,Typ,1,Gd,BuiltIn,2006.0,Fin,3,753,TA,TA,Y,177,74,0,0,0,0,None,0,10,2006,New,Partial,False,False,True,False,True
1290,1290,1291,80,69.0,14112,None,IR1,Lvl,AllPub,Corner,Gtl,NAmes,Norm,Norm,1Fam,SLvl,5,7,1964,1964,Hip,CompShg,Wd Sdng,HdBoard,BrkFace,86.0,TA,TA,PConc,TA,TA,Av,GLQ,1014,Unf,0,138,1152,GasA,TA,SBrkr,1152,0,0,1152,1,0,1,0,3,1,TA,6,Typ,1,Gd,Attchd,1964.0,RFn,2,484,TA,TA,Y,227,0,0,0,0,0,None,0,4,2010,WD,Normal,False,False,True,False,True
1291,1291,1292,160,21.0,1680,None,Reg,Lvl,AllPub,Inside,Gtl,BrDale,Norm,Norm,Twnhs,2Story,5,7,1972,1972,Gable,CompShg,CemntBd,CmentBd,BrkFace,268.0,TA,TA,CBlock,TA,TA,No,ALQ,231,Unf,0,399,630,GasA,TA,SBrkr,630,672,0,1302,0,0,2,1,3,1,TA,6,Typ,0,None,Detchd,1972.0,Unf,1,264,TA,TA,Y,185,0,0,0,0,0,None,0,2,2009,WD,Normal,False,False,False,True,True
1292,1292,1293,70,60.0,6600,None,Reg,Lvl,AllPub,Corner,Gtl,OldTown,Norm,Norm,1Fam,2Story,5,4,1892,1965,Gable,CompShg,Wd Sdng,Wd Sdng,None,0.0,TA,TA,Stone,TA,TA,No,Unf,0,Unf,0,994,994,GasA,TA,SBrkr,1378,994,0,2372,0,0,2,0,4,2,TA,11,Min2,0,None,Attchd,1985.0,RFn,1,432,TA,TA,Y,0,287,0,0,0,0,None,0,12,2009,WD,Normal,False,False,False,True,True
1293,1293,1294,60,78.0,10140,None,Reg,Lvl,AllPub,Inside,Gtl,NWAmes,Norm,Norm,1Fam,2Story,7,5,1976,1976,Gable,CompShg,HdBoard,HdBoard,None,0.0,TA,TA,PConc,Gd,TA,No,GLQ,194,Unf,0,638,832,GasA,TA,SBrkr,832,832,0,1664,0,0,2,1,4,1,TA,8,Typ,1,TA,Attchd,1976.0,RFn,2,528,TA,TA,Y,0,28,0,0,259,0,GdWo,0,3,2006,WD,Normal,False,False,True,False,True
1294,1294,1295,20,60.0,8172,None,Reg,Lvl,AllPub,Inside,Gtl,Edwards,Norm,Norm,1Fam,1Story,5,7,1955,1990,Hip,CompShg,WdShing,Plywood,None,0.0,TA,TA,CBlock,TA,TA,No,Rec,167,Unf,0,697,864,GasA,TA,SBrkr,864,0,0,864,1,0,1,0,2,1,TA,5,Typ,0,None,Detchd,1957.0,Unf,2,572,TA,TA,N,0,0,0,0,0,0,None,0,4,2006,WD,Normal,False,False,True,False,True
1295,1295,1296,20,70.0,8400,None,Reg,Lvl,AllPub,Inside,Gtl,NAmes,Feedr,Norm,1Fam,1Story,5,5,1968,1968,Hip,CompShg,HdBoard,HdBoard,BrkFace,168.0,TA,TA,CBlock,TA,TA,Av,BLQ,1016,Unf,0,36,1052,GasA,Gd,SBrkr,1052,0,0,1052,1,0,1,1,3,1,TA,5,Typ,0,None,Attchd,1968.0,RFn,1,288,TA,TA,Y,356,0,0,0,0,0,GdWo,0,11,2006,WD,Normal,False,False,True,False,True
1296,1296,1297,20,80.0,8700,None,Reg,Lvl,AllPub,Inside,Gtl,NAmes,Norm,Norm,1Fam,1Story,5,6,1963,1963,Hip,CompShg,MetalSd,MetalSd,BrkFace,148.0,TA,Gd,CBlock,TA,TA,Mn,ALQ,776,Unf,0,344,1120,GasA,Gd,SBrkr,1128,0,0,1128,1,0,2,0,3,1,TA,6,Typ,0,None,Attchd,1963.0,RFn,2,525,TA,TA,Y,192,20,123,0,0,0,MnPrv,0,12,2008,WD,Normal,False,False,True,False,True
1297,1297,1298,180,35.0,3675,None,Reg,Lvl,AllPub,Inside,Gtl,Edwards,Norm,Norm,TwnhsE,SFoyer,6,5,2005,2006,Gable,CompShg,VinylSd,VinylSd,BrkFace,82.0,TA,TA,PConc,Gd,TA,Gd,GLQ,547,Unf,0,0,547,GasA,Gd,SBrkr,1072,0,0,1072,1,0,2,0,2,1,TA,5,Typ,0,None,Basment,2005.0,Fin,2,525,TA,TA,Y,0,44,0,0,0,0,None,0,6,2006,New,Partial,False,False,False,True,True
1298,1298,1299,60,313.0,63887,None,IR3,Bnk,AllPub,Corner,Gtl,Edwards,Feedr,Norm,1Fam,2Story,10,5,2008,2008,Hip,ClyTile,Stucco,Stucco,Stone,796.0,Ex,TA,PConc,Ex,TA,Gd,GLQ,5644,Unf,0,466,6110,GasA,Ex,SBrkr,4692,950,0,5642,2,0,2,1,3,1,Ex,12,Typ,3,Gd,Attchd,2008.0,Fin,2,1418,TA,TA,Y,214,292,0,0,0,480,None,0,1,2008,New,Partial,False,False,True,False,True
1299,1299,1300,20,75.0,7500,None,Reg,Lvl,AllPub,Inside,Gtl,NAmes,Norm,Norm,1Fam,1Story,5,7,1959,1994,Hip,CompShg,BrkFace,BrkFace,None,0.0,TA,TA,CBlock,TA,TA,No,LwQ,340,Rec,906,0,1246,GasA,Ex,SBrkr,1246,0,0,1246,1,0,1,1,3,1,Gd,6,Typ,0,None,Attchd,1959.0,RFn,1,305,TA,TA,Y,218,0,0,0,0,0,GdPrv,0,5,2010,WD,Normal,False,False,True,False,True
1300,1300,1301,60,69.0,10762,None,IR1,Lvl,AllPub,CulDSac,Gtl,Gilbert,Norm,Norm,1Fam,2Story,7,5,1999,1999,Gable,CompShg,VinylSd,VinylSd,None,344.0,Gd,TA,PConc,Gd,TA,No,GLQ,694,Unf,0,284,978,GasA,Ex,SBrkr,1005,978,0,1983,0,0,2,1,3,1,Gd,9,Typ,1,TA,Attchd,1999.0,Fin,2,490,TA,TA,Y,0,0,0,0,0,0,None,0,5,2009,WD,Normal,False,False,True,False,True
1301,1301,1302,70,69.0,7500,None,IR1,Bnk,AllPub,Inside,Gtl,Crawfor,Norm,Norm,1Fam,2Story,6,7,1942,1950,Gable,CompShg,Wd Sdng,Wd Sdng,None,0.0,TA,TA,CBlock,TA,TA,No,BLQ,547,Unf,0,224,771,GasA,Fa,SBrkr,753,741,0,1494,0,0,1,0,3,1,Gd,7,Typ,2,Gd,Attchd,1942.0,Unf,1,213,TA,TA,P,0,0,0,0,224,0,None,0,11,2009,WD,Normal,False,False,True,False,True
1302,1302,1303,60,92.0,10120,None,Reg,Lvl,AllPub,Inside,Gtl,NoRidge,Norm,Norm,1Fam,2Story,8,5,1994,1994,Hip,CompShg,VinylSd,VinylSd,BrkFace,391.0,Gd,TA,PConc,Gd,TA,No,GLQ,740,Unf,0,425,1165,GasA,Ex,SBrkr,1203,1323,0,2526,1,0,2,1,4,1,Gd,8,Typ,1,TA,Attchd,1994.0,RFn,3,844,TA,TA,Y,309,78,0,0,0,0,None,0,12,2006,WD,Normal,False,False,True,False,True
1303,1303,1304,20,73.0,8688,None,Reg,Lvl,AllPub,Inside,Gtl,Somerst,Norm,Norm,1Fam,1Story,7,5,2005,2005,Gable,CompShg,VinylSd,VinylSd,BrkFace,228.0,Gd,TA,PConc,Gd,TA,Av,Unf,0,Unf,0,1616,1616,GasA,Ex,SBrkr,1616,0,0,1616,0,0,2,0,3,1,Gd,7,Typ,0,None,Attchd,2005.0,RFn,3,834,TA,TA,Y,208,59,0,0,0,0,None,0,4,2006,WD,Normal,False,False,True,False,True
1304,1304,1305,160,32.0,3363,None,Reg,Lvl,AllPub,Inside,Gtl,Edwards,Norm,Norm,TwnhsE,2Story,7,5,2004,2004,Gable,CompShg,VinylSd,VinylSd,Stone,117.0,Gd,TA,PConc,Gd,TA,No,Unf,0,Unf,0,976,976,GasA,Ex,SBrkr,976,732,0,1708,0,0,2,0,3,1,Gd,7,Maj1,0,None,Detchd,2004.0,Unf,2,380,TA,TA,Y,0,40,0,0,0,0,None,0,4,2006,WD,Normal,False,False,False,True,True
1305,1305,1306,20,108.0,13173,None,IR1,Lvl,AllPub,Corner,Gtl,NridgHt,Norm,Norm,1Fam,1Story,9,5,2006,2007,Hip,CompShg,VinylSd,VinylSd,Stone,300.0,Gd,TA,PConc,Ex,TA,No,GLQ,1572,Unf,0,80,1652,GasA,Ex,SBrkr,1652,0,0,1652,1,0,2,0,2,1,Ex,6,Typ,2,Ex,Attchd,2006.0,Fin,2,840,TA,TA,Y,404,102,0,0,0,0,None,0,11,2009,WD,Normal,False,False,True,False,True
1306,1306,1307,120,48.0,6955,None,IR1,Lvl,AllPub,Inside,Gtl,NridgHt,Norm,Norm,TwnhsE,1Story,7,5,2005,2006,Gable,CompShg,VinylSd,VinylSd,Stone,94.0,Gd,TA,PConc,Gd,TA,No,Unf,0,Unf,0,1368,1368,GasA,Ex,SBrkr,1368,0,0,1368,0,0,2,0,2,1,Gd,6,Typ,1,Gd,Attchd,2005.0,RFn,2,474,TA,TA,Y,132,35,0,0,0,0,None,0,9,2006,New,Partial,False,False,True,False,True
1307,1307,1308,20,60.0,8072,None,Reg,Lvl,AllPub,Inside,Gtl,CollgCr,Norm,Norm,1Fam,1Story,5,5,1994,1995,Gable,CompShg,VinylSd,VinylSd,None,0.0,TA,Gd,PConc,Gd,Gd,No,ALQ,746,Unf,0,244,990,GasA,Ex,SBrkr,990,0,0,990,1,0,1,0,3,1,TA,5,Typ,0,None,Detchd,2000.0,Unf,2,480,TA,TA,Y,0,64,0,0,0,0,None,0,5,2009,WD,Normal,False,False,True,False,True
1308,1308,1309,20,100.0,12000,None,Reg,Lvl,AllPub,Inside,Gtl,OldTown,Norm,Norm,1Fam,1Story,5,7,1948,2005,Gable,CompShg,MetalSd,MetalSd,None,0.0,TA,TA,CBlock,TA,TA,No,GLQ,144,ALQ,608,172,924,GasA,Ex,SBrkr,1122,0,0,1122,1,0,1,0,2,1,Gd,6,Typ,0,None,Attchd,1948.0,Unf,2,528,TA,TA,Y,0,36,0,0,0,0,GdWo,0,5,2008,WD,Normal,False,False,False,True,True
1309,1309,1310,20,69.0,7153,None,Reg,Lvl,AllPub,Inside,Gtl,SawyerW,Norm,Norm,1Fam,1Story,6,5,1991,1991,Gable,CompShg,HdBoard,HdBoard,BrkFace,88.0,TA,TA,CBlock,Gd,TA,No,GLQ,1200,Unf,0,78,1278,GasA,Gd,SBrkr,1294,0,0,1294,1,0,2,0,3,1,Gd,6,Typ,0,None,Attchd,1991.0,RFn,2,496,TA,TA,Y,112,51,0,0,0,0,GdWo,0,6,2008,WD,Normal,False,False,True,False,True
1310,1310,1311,20,100.0,17500,None,Reg,Lvl,AllPub,Inside,Gtl,Crawfor,PosA,Norm,1Fam,1Story,7,8,1959,2002,Gable,CompShg,BrkFace,HdBoard,None,0.0,Gd,Gd,PConc,Gd,TA,Av,GLQ,1406,Unf,0,496,1902,GasA,TA,SBrkr,1902,0,0,1902,1,0,2,0,3,1,Ex,7,Typ,2,TA,Attchd,1959.0,Fin,2,567,TA,TA,Y,0,207,162,0,0,0,None,0,5,2010,WD,Normal,False,False,True,False,True
1311,1311,1312,20,68.0,8814,None,Reg,Lvl,AllPub,Inside,Gtl,CollgCr,Norm,Norm,1Fam,1Story,7,5,2005,2007,Gable,CompShg,VinylSd,VinylSd,BrkFace,80.0,Gd,TA,PConc,Gd,TA,No,GLQ,925,Unf,0,349,1274,GasA,Ex,SBrkr,1274,0,0,1274,1,0,2,0,3,1,Gd,6,Typ,0,None,Attchd,2005.0,RFn,2,508,TA,TA,Y,264,98,0,0,0,0,None,0,1,2007,New,Partial,False,False,True,False,True
1312,1312,1313,60,69.0,9572,None,IR1,Lvl,AllPub,Inside,Gtl,NoRidge,Norm,Norm,1Fam,2Story,8,5,1990,1990,Gable,CompShg,Wd Sdng,Wd Sdng,BrkFace,336.0,Gd,TA,PConc,Ex,TA,No,GLQ,482,Unf,0,971,1453,GasA,Ex,SBrkr,1453,1357,0,2810,0,0,2,1,4,1,Gd,9,Typ,1,Ex,Attchd,1990.0,RFn,2,750,Gd,Gd,Y,500,0,0,0,0,0,None,0,6,2007,WD,Normal,False,False,True,False,True
1313,1313,1314,60,108.0,14774,None,IR1,Lvl,AllPub,Corner,Gtl,NoRidge,Norm,Norm,1Fam,2Story,9,5,1999,1999,Gable,CompShg,VinylSd,VinylSd,BrkFace,165.0,Gd,TA,PConc,Gd,TA,No,Unf,0,Unf,0,1393,1393,GasA,Ex,SBrkr,1422,1177,0,2599,0,0,2,1,4,1,Gd,10,Typ,1,TA,BuiltIn,1999.0,Fin,3,779,TA,TA,Y,668,30,0,0,0,0,None,0,5,2010,WD,Normal,False,False,True,False,True
1314,1314,1315,20,60.0,8190,None,Reg,Lvl,AllPub,Inside,Gtl,Edwards,Norm,Norm,1Fam,1Story,4,6,1954,1954,Hip,CompShg,Wd Sdng,Wd Sdng,None,0.0,TA,TA,CBlock,TA,TA,No,Rec,732,Unf,0,216,948,GasA,Ex,SBrkr,948,0,0,948,1,0,1,0,3,1,TA,5,Typ,1,TA,Detchd,1956.0,Unf,1,280,TA,TA,Y,0,36,0,0,0,0,None,0,10,2007,WD,Normal,False,False,True,False,True
1315,1315,1316,60,85.0,11075,None,Reg,Lvl,AllPub,Inside,Gtl,NAmes,Norm,Norm,1Fam,2Story,6,5,1969,1969,Gable,CompShg,HdBoard,HdBoard,None,0.0,TA,TA,CBlock,Fa,TA,Mn,ALQ,500,LwQ,276,176,952,GasA,TA,SBrkr,1092,1020,0,2112,0,0,2,1,4,1,TA,9,Typ,2,Gd,Attchd,1969.0,Unf,2,576,TA,TA,Y,280,0,0,0,0,0,None,0,6,2008,WD,Normal,False,False,True,False,True
1316,1316,1317,20,61.0,10226,None,IR1,Lvl,AllPub,Inside,Gtl,CollgCr,Norm,Norm,1Fam,1Story,8,5,2008,2008,Gable,CompShg,VinylSd,VinylSd,Stone,270.0,Gd,TA,PConc,Ex,TA,Gd,Unf,0,Unf,0,1622,1622,GasA,Ex,SBrkr,1630,0,0,1630,1,0,2,0,3,1,Ex,8,Typ,1,Gd,Attchd,2008.0,RFn,3,860,TA,TA,Y,172,42,0,0,0,0,None,0,1,2009,WD,Normal,False,False,True,False,True
1317,1317,1318,120,47.0,4230,Pave,Reg,Lvl,AllPub,Corner,Gtl,Somerst,Norm,Norm,TwnhsE,1Story,7,5,2006,2007,Gable,CompShg,VinylSd,VinylSd,None,0.0,Gd,TA,PConc,Ex,Gd,No,Unf,0,Unf,0,1352,1352,GasA,Ex,SBrkr,1352,0,0,1352,0,0,2,0,2,1,Gd,5,Typ,1,Gd,Attchd,2006.0,RFn,2,466,TA,TA,Y,0,241,0,0,0,0,None,0,4,2007,New,Partial,True,False,False,False,True
1318,1318,1319,20,69.0,14781,None,IR2,Lvl,AllPub,CulDSac,Gtl,CollgCr,Norm,Norm,1Fam,1Story,8,5,2001,2002,Hip,CompShg,VinylSd,VinylSd,BrkFace,178.0,Gd,TA,PConc,Gd,TA,Gd,Unf,0,Unf,0,1753,1753,GasA,Ex,SBrkr,1787,0,0,1787,0,0,2,0,3,1,Gd,7,Typ,1,TA,Attchd,2001.0,RFn,3,748,TA,TA,Y,198,150,0,0,0,0,None,0,8,2006,WD,Normal,False,False,True,False,True
1319,1319,1320,20,75.0,10215,None,Reg,Bnk,AllPub,Inside,Gtl,Edwards,Norm,Norm,1Fam,1Story,4,5,1954,1954,Hip,CompShg,Wd Sdng,Wd Sdng,BrkFace,132.0,TA,TA,PConc,TA,TA,No,ALQ,492,Unf,0,372,864,GasA,Ex,SBrkr,948,0,0,948,0,0,1,0,3,1,TA,5,Typ,0,None,Attchd,1954.0,Unf,1,248,TA,TA,Y,0,0,0,0,0,0,None,0,2,2007,WD,Normal,False,False,True,False,True
1320,1320,1321,20,70.0,8400,None,Reg,Lvl,AllPub,Inside,Gtl,NAmes,Norm,Norm,1Fam,1Story,6,3,1957,1957,Hip,CompShg,BrkFace,BrkFace,None,0.0,TA,TA,CBlock,TA,TA,No,ALQ,189,Rec,661,628,1478,GasA,Gd,SBrkr,1478,0,0,1478,1,0,1,1,3,1,TA,6,Typ,2,Gd,Attchd,1957.0,RFn,2,442,TA,TA,Y,114,0,0,0,216,0,None,0,6,2009,WD,Normal,False,False,True,False,True
1321,1321,1322,20,69.0,6627,None,IR1,Lvl,AllPub,Corner,Gtl,BrkSide,Feedr,Norm,1Fam,1Story,3,6,1949,1950,Hip,CompShg,VinylSd,VinylSd,None,0.0,TA,TA,CBlock,None,None,None,None,0,None,0,0,0,Floor,TA,SBrkr,720,0,0,720,0,0,1,0,2,1,TA,4,Typ,0,None,Detchd,1955.0,Unf,1,287,TA,Fa,Y,0,0,0,0,0,0,None,0,7,2008,WD,Normal,False,False,True,False,True
1322,1322,1323,60,107.0,10186,None,IR1,Lvl,AllPub,Inside,Gtl,NoRidge,Norm,Norm,1Fam,2Story,7,5,1992,1992,Gable,CompShg,HdBoard,HdBoard,None,0.0,Gd,TA,PConc,Gd,TA,No,GLQ,674,Unf,0,76,750,GasA,Ex,SBrkr,1061,862,0,1923,1,0,2,1,3,1,Gd,8,Typ,1,TA,Attchd,1992.0,RFn,2,564,TA,TA,Y,240,39,0,0,0,0,None,0,6,2010,WD,Normal,False,False,True,False,True
1323,1323,1324,30,50.0,5330,None,Reg,HLS,AllPub,Inside,Gtl,BrkSide,Norm,Norm,1Fam,1Story,4,7,1940,1950,Hip,CompShg,VinylSd,VinylSd,None,0.0,Fa,TA,CBlock,TA,TA,No,LwQ,280,Unf,0,140,420,GasA,Gd,SBrkr,708,0,0,708,0,0,1,0,2,1,Fa,5,Typ,0,None,None,1980.0,None,0,0,None,None,Y,164,0,0,0,0,0,None,0,12,2009,WD,Normal,False,False,True,False,True
1324,1324,1325,20,75.0,9986,None,Reg,Lvl,AllPub,Inside,Gtl,Somerst,Norm,Norm,1Fam,1Story,8,5,2006,2007,Gable,CompShg,VinylSd,VinylSd,BrkFace,428.0,Gd,TA,PConc,Ex,TA,Av,Unf,0,Unf,0,1795,1795,GasA,Ex,SBrkr,1795,0,0,1795,0,0,2,0,2,1,Gd,7,Typ,1,Gd,Attchd,2007.0,RFn,3,895,TA,TA,Y,0,49,0,0,0,0,None,0,2,2007,New,Partial,False,False,True,False,True
1325,1325,1326,30,40.0,3636,None,Reg,Lvl,AllPub,Inside,Gtl,IDOTRR,Norm,Norm,1Fam,1Story,4,4,1922,1950,Gable,CompShg,AsbShng,AsbShng,None,0.0,TA,TA,BrkTil,TA,Fa,No,Unf,0,Unf,0,796,796,GasA,Fa,SBrkr,796,0,0,796,0,0,1,0,2,1,TA,5,Typ,0,None,None,1980.0,None,0,0,None,None,N,0,0,100,0,0,0,MnPrv,0,1,2008,WD,Normal,False,False,False,True,True
1326,1326,1327,30,70.0,4270,None,Reg,Bnk,AllPub,Inside,Mod,Edwards,Norm,Norm,1Fam,1Story,3,6,1931,2006,Gable,CompShg,MetalSd,MetalSd,None,0.0,TA,TA,BrkTil,TA,TA,No,Rec,544,Unf,0,0,544,GasA,Ex,SBrkr,774,0,0,774,0,0,1,0,3,1,Gd,6,Typ,0,None,None,1980.0,None,0,0,None,None,Y,0,0,286,0,0,0,None,0,5,2007,WD,Normal,False,True,False,False,True
1327,1327,1328,20,60.0,6600,None,Reg,Lvl,AllPub,Inside,Gtl,Mitchel,Norm,Norm,1Fam,1Story,5,9,1982,2008,Gable,CompShg,VinylSd,VinylSd,None,0.0,Gd,Gd,CBlock,TA,TA,No,ALQ,641,Unf,0,175,816,GasA,Ex,SBrkr,816,0,0,816,0,1,1,0,3,1,Gd,5,Typ,1,Ex,Attchd,1982.0,Unf,1,264,TA,TA,Y,0,0,0,0,0,0,MnPrv,0,10,2008,WD,Normal,False,False,True,False,True
1328,1328,1329,50,60.0,10440,Grvl,Reg,Lvl,AllPub,Corner,Gtl,OldTown,Norm,Norm,1Fam,1.5Fin,6,7,1920,1950,Gable,CompShg,BrkFace,Wd Sdng,None,0.0,Gd,Gd,BrkTil,Gd,TA,No,LwQ,493,Unf,0,1017,1510,GasW,Ex,SBrkr,1584,1208,0,2792,0,0,2,0,5,1,TA,8,Mod,2,TA,Detchd,1920.0,Unf,2,520,Fa,TA,Y,0,547,0,0,480,0,MnPrv,1150,6,2008,WD,Normal,False,False,False,True,True
1329,1329,1330,60,63.0,9084,None,IR1,Lvl,AllPub,Inside,Gtl,Gilbert,Norm,Norm,1Fam,2Story,7,5,1998,1998,Hip,CompShg,VinylSd,VinylSd,None,0.0,TA,TA,PConc,Gd,TA,No,Unf,0,Unf,0,935,935,GasA,Gd,SBrkr,955,677,0,1632,0,0,2,1,3,1,TA,8,Typ,1,TA,Attchd,1998.0,Fin,2,462,TA,TA,Y,0,28,0,0,0,0,None,0,6,2006,WD,Normal,False,False,True,False,True
1330,1330,1331,20,85.0,10000,None,Reg,Lvl,AllPub,Inside,Gtl,Somerst,Norm,Norm,1Fam,1Story,8,5,2006,2006,Hip,CompShg,VinylSd,VinylSd,Stone,410.0,Gd,TA,PConc,Gd,Gd,Av,Unf,0,Unf,0,1588,1588,GasA,Ex,SBrkr,1588,0,0,1588,0,0,2,0,3,1,Gd,7,Typ,1,Gd,Attchd,2006.0,RFn,3,825,TA,TA,Y,144,45,0,0,0,0,None,0,12,2007,WD,Normal,False,False,True,False,True
1331,1331,1332,80,55.0,10780,None,IR1,Lvl,AllPub,Inside,Gtl,CollgCr,Norm,Norm,1Fam,SLvl,5,5,1976,1976,Gable,CompShg,MetalSd,MetalSd,None,0.0,TA,TA,CBlock,TA,TA,Av,ALQ,483,Unf,0,428,911,GasA,Gd,SBrkr,954,0,0,954,0,0,1,0,3,1,TA,6,Typ,0,None,Detchd,1976.0,Unf,2,576,TA,TA,Y,0,0,0,0,0,0,None,0,7,2006,WD,Normal,False,False,True,False,True
1332,1332,1333,20,67.0,8877,None,Reg,Lvl,AllPub,Inside,Mod,Edwards,Norm,Norm,1Fam,1Story,4,6,1938,1958,Gable,CompShg,MetalSd,MetalSd,None,0.0,TA,TA,CBlock,TA,TA,Mn,ALQ,690,Unf,0,126,816,GasA,Ex,SBrkr,816,0,0,816,1,0,1,0,2,1,TA,3,Typ,1,Gd,Detchd,1958.0,Unf,1,288,Fa,Fa,Y,0,0,0,0,0,0,None,0,5,2009,WD,Normal,False,False,True,False,True
1333,1333,1334,50,60.0,7200,None,Reg,Lvl,AllPub,Corner,Gtl,IDOTRR,Norm,Norm,1Fam,1.5Fin,5,6,1938,1995,Gable,CompShg,Wd Sdng,Wd Sdng,None,0.0,TA,TA,CBlock,TA,TA,No,Unf,0,Unf,0,803,803,GasA,Ex,SBrkr,803,557,0,1360,0,0,1,1,2,1,Gd,6,Typ,0,None,Detchd,1951.0,Unf,1,297,TA,TA,Y,0,65,190,0,0,0,MnPrv,0,7,2006,WD,Normal,False,False,False,True,True
1334,1334,1335,160,24.0,2368,None,Reg,Lvl,AllPub,Inside,Gtl,BrDale,Norm,Norm,TwnhsE,2Story,5,6,1970,1970,Gable,CompShg,HdBoard,HdBoard,None,312.0,TA,TA,CBlock,TA,TA,No,LwQ,765,Unf,0,0,765,GasA,TA,SBrkr,765,600,0,1365,0,0,1,1,3,1,TA,7,Min1,0,None,Attchd,1970.0,Unf,2,440,TA,TA,Y,0,36,0,0,0,0,None,0,5,2009,WD,Normal,False,False,False,True,True
1335,1335,1336,20,80.0,9650,None,Reg,Lvl,AllPub,Inside,Gtl,NWAmes,Norm,Norm,1Fam,1Story,6,5,1977,1977,Gable,CompShg,Plywood,Plywood,BrkFace,360.0,TA,TA,CBlock,Gd,TA,No,ALQ,686,Unf,0,664,1350,GasA,TA,SBrkr,1334,0,0,1334,0,1,2,0,2,1,TA,6,Typ,1,TA,Attchd,1977.0,RFn,2,630,TA,TA,Y,0,16,0,0,0,0,None,0,4,2009,WD,Normal,False,False,True,False,True
1336,1336,1337,90,87.0,9246,None,IR1,Lvl,AllPub,Inside,Gtl,NWAmes,Feedr,Norm,Duplex,1Story,5,5,1973,1973,Gable,CompShg,Plywood,Plywood,BrkFace,564.0,TA,TA,CBlock,TA,TA,No,Unf,0,Unf,0,1656,1656,GasA,TA,SBrkr,1656,0,0,1656,0,0,2,0,4,2,TA,8,Typ,0,None,Detchd,1973.0,Unf,2,506,TA,TA,Y,0,211,0,0,0,0,None,0,11,2008,WD,Normal,False,False,True,False,True
1337,1337,1338,30,153.0,4118,Grvl,IR1,Bnk,AllPub,Corner,Mod,OldTown,Feedr,Norm,1Fam,1Story,4,4,1941,1950,Gable,CompShg,Wd Sdng,Wd Sdng,None,0.0,TA,TA,CBlock,TA,TA,No,Unf,0,Unf,0,693,693,Grav,Fa,FuseA,693,0,0,693,0,0,1,0,2,1,Fa,4,Typ,0,None,None,1980.0,None,0,0,None,None,N,0,20,0,0,0,0,None,0,3,2006,WD,Normal,False,False,False,True,True
1338,1338,1339,60,95.0,13450,None,IR1,Lvl,AllPub,Corner,Gtl,CollgCr,Norm,Norm,1Fam,2Story,7,5,2002,2002,Gable,CompShg,VinylSd,VinylSd,None,0.0,Gd,TA,PConc,Gd,TA,No,GLQ,700,Unf,0,216,916,GasA,Ex,SBrkr,920,941,0,1861,1,0,2,1,3,1,Gd,8,Typ,0,None,BuiltIn,2002.0,RFn,2,492,TA,TA,Y,146,91,0,0,0,0,None,0,6,2006,WD,Normal,False,False,True,False,True
1339,1339,1340,20,120.0,9560,None,IR1,Lvl,AllPub,Corner,Gtl,CollgCr,Norm,Norm,1Fam,1Story,5,7,1972,1972,Hip,CompShg,MetalSd,MetalSd,None,0.0,TA,Gd,CBlock,TA,TA,Mn,Rec,360,Unf,0,504,864,GasA,Ex,SBrkr,864,0,0,864,0,0,1,0,3,1,TA,5,Typ,0,None,Attchd,1972.0,RFn,1,288,TA,TA,Y,0,0,0,0,0,0,None,0,6,2006,WD,Normal,False,False,True,False,True
1340,1340,1341,20,70.0,8294,None,Reg,Lvl,AllPub,Inside,Gtl,NAmes,Norm,Norm,1Fam,1Story,4,5,1971,1971,Gable,CompShg,MetalSd,MetalSd,None,0.0,TA,TA,CBlock,TA,TA,No,Unf,0,Unf,0,858,858,GasA,TA,SBrkr,872,0,0,872,0,0,1,0,3,1,TA,5,Typ,0,None,Detchd,1974.0,Unf,4,480,TA,TA,Y,0,0,0,0,0,0,GdWo,0,6,2007,WD,Normal,False,False,True,False,True
1341,1341,1342,20,66.0,13695,None,Reg,Lvl,AllPub,Inside,Gtl,SawyerW,RRAe,Norm,1Fam,1Story,6,5,2003,2004,Gable,CompShg,VinylSd,VinylSd,None,0.0,TA,TA,PConc,Gd,TA,No,GLQ,814,Unf,0,300,1114,GasA,Ex,SBrkr,1114,0,0,1114,1,0,1,0,3,1,Gd,6,Typ,0,None,Detchd,2004.0,Unf,2,576,TA,TA,Y,0,78,0,0,0,0,None,0,7,2008,WD,Normal,False,False,True,False,True
1342,1342,1343,60,69.0,9375,None,Reg,Lvl,AllPub,Inside,Gtl,CollgCr,Norm,Norm,1Fam,2Story,8,5,2002,2002,Gable,CompShg,VinylSd,VinylSd,BrkFace,149.0,Gd,TA,PConc,Gd,TA,No,Unf,0,Unf,0,1284,1284,GasA,Ex,SBrkr,1284,885,0,2169,0,0,2,1,3,1,Gd,7,Typ,1,Gd,Attchd,2002.0,RFn,2,647,TA,TA,Y,192,87,0,0,0,0,None,0,8,2007,WD,Normal,False,False,True,False,True
1343,1343,1344,50,57.0,7558,None,Reg,Bnk,AllPub,Inside,Gtl,Crawfor,Norm,Norm,1Fam,1.5Fin,6,6,1928,1950,Gable,CompShg,BrkFace,Stone,None,0.0,TA,TA,BrkTil,TA,TA,No,Unf,0,Unf,0,896,896,GasA,Gd,SBrkr,1172,741,0,1913,0,0,1,1,3,1,TA,9,Typ,1,TA,Detchd,1929.0,Unf,2,342,Fa,Fa,Y,0,0,0,0,0,0,None,0,3,2009,WD,Normal,False,False,True,False,True
1344,1344,1345,60,85.0,11103,None,IR1,Lvl,AllPub,Corner,Gtl,CollgCr,Norm,Norm,1Fam,2Story,7,5,2006,2006,Gable,CompShg,VinylSd,VinylSd,None,0.0,Gd,TA,PConc,Gd,TA,No,Unf,0,Unf,0,728,728,GasA,Ex,SBrkr,728,728,0,1456,0,0,2,1,3,1,Gd,8,Typ,1,TA,Attchd,2006.0,Fin,2,440,TA,TA,Y,0,0,0,0,0,0,None,0,7,2007,New,Partial,False,False,True,False,True
1345,1345,1346,30,50.0,6000,None,Reg,Lvl,AllPub,Inside,Gtl,OldTown,Norm,Norm,1Fam,1Story,4,4,1920,1950,Hip,CompShg,MetalSd,MetalSd,None,0.0,TA,TA,PConc,TA,TA,No,ALQ,250,Unf,0,710,960,GasA,Gd,FuseA,960,0,0,960,0,0,1,0,2,1,Fa,5,Typ,0,None,Detchd,1997.0,Unf,1,308,TA,TA,Y,0,0,168,0,0,0,None,0,7,2007,WD,Normal,False,False,False,True,True
1346,1346,1347,20,69.0,20781,None,IR2,Lvl,AllPub,CulDSac,Gtl,NWAmes,PosN,Norm,1Fam,1Story,7,7,1968,2003,Hip,CompShg,BrkFace,HdBoard,None,0.0,TA,TA,CBlock,TA,TA,No,BLQ,297,Rec,68,1203,1568,GasA,TA,SBrkr,2156,0,0,2156,0,0,2,0,3,1,TA,9,Typ,1,Gd,Attchd,1968.0,RFn,2,508,Gd,TA,Y,0,80,0,290,0,0,None,0,6,2006,WD,Normal,False,False,True,False,True
1347,1347,1348,20,93.0,15306,None,IR1,HLS,AllPub,Corner,Gtl,Timber,Norm,Norm,1Fam,1Story,8,5,2006,2007,Gable,CompShg,VinylSd,VinylSd,Stone,100.0,Gd,TA,PConc,Ex,TA,Gd,GLQ,80,Unf,0,1652,1732,GasA,Ex,SBrkr,1776,0,0,1776,1,0,2,0,3,1,Gd,7,Typ,1,Gd,Attchd,2006.0,Fin,3,712,TA,TA,Y,0,0,0,0,0,0,None,0,5,2007,New,Partial,False,False,True,False,True
1348,1348,1349,20,69.0,16196,None,IR3,Low,AllPub,Inside,Gtl,SawyerW,Norm,Norm,1Fam,1Story,7,5,1998,1998,Gable,CompShg,VinylSd,VinylSd,None,0.0,Gd,TA,PConc,Gd,TA,Gd,GLQ,1443,Unf,0,39,1482,GasA,Ex,SBrkr,1494,0,0,1494,1,0,2,0,3,1,Gd,5,Typ,1,Fa,Attchd,1998.0,RFn,2,514,TA,TA,Y,402,25,0,0,0,0,None,0,8,2007,WD,Normal,False,False,True,False,True
1349,1349,1350,70,50.0,5250,Pave,Reg,Lvl,AllPub,Inside,Gtl,OldTown,Norm,Norm,1Fam,2Story,8,5,1872,1987,Gable,CompShg,MetalSd,MetalSd,None,0.0,TA,Gd,BrkTil,TA,Fa,No,LwQ,259,Unf,0,425,684,OthW,Fa,SBrkr,938,1215,205,2358,0,0,2,0,4,1,TA,8,Typ,0,None,None,1980.0,None,0,0,None,None,Y,0,54,20,0,0,0,None,0,12,2008,WD,Normal,False,False,False,True,True
1350,1350,1351,90,91.0,11643,None,Reg,Lvl,AllPub,Inside,Gtl,NAmes,Artery,Norm,Duplex,2Story,5,5,1969,1969,Gable,CompShg,MetalSd,MetalSd,BrkFace,368.0,TA,TA,CBlock,TA,TA,No,LwQ,500,Unf,0,748,1248,GasA,TA,SBrkr,1338,1296,0,2634,1,1,2,2,6,2,TA,12,Typ,0,None,Detchd,1969.0,Unf,4,968,TA,TA,Y,0,0,0,0,0,0,None,0,8,2009,WD,Normal,False,False,True,False,True
1351,1351,1352,60,70.0,9247,None,IR1,Lvl,AllPub,Inside,Gtl,NAmes,Norm,Norm,1Fam,2Story,6,6,1962,1962,Gable,CompShg,HdBoard,HdBoard,BrkFace,318.0,TA,TA,CBlock,TA,TA,No,Rec,319,Unf,0,539,858,GasA,Ex,SBrkr,858,858,0,1716,0,0,1,1,4,1,TA,8,Typ,1,Gd,Attchd,1962.0,Fin,2,490,TA,TA,Y,0,84,0,0,120,0,None,0,3,2008,WD,Normal,False,False,True,False,True
1352,1352,1353,50,50.0,6000,None,Reg,Lvl,AllPub,Inside,Gtl,BrkSide,Norm,Norm,1Fam,1.5Fin,6,9,1937,2000,Gable,CompShg,MetalSd,MetalSd,None,0.0,Gd,TA,BrkTil,TA,TA,No,Unf,0,Unf,0,698,698,GasA,TA,SBrkr,786,390,0,1176,0,0,1,0,2,1,TA,4,Typ,0,None,Detchd,1999.0,Unf,2,624,TA,TA,N,210,0,0,0,0,0,None,0,7,2009,WD,Normal,False,False,False,True,True
1353,1353,1354,50,56.0,14720,None,IR1,Lvl,AllPub,CulDSac,Gtl,NoRidge,Norm,Norm,1Fam,1.5Fin,8,5,1995,1996,Hip,CompShg,VinylSd,VinylSd,BrkFace,579.0,Gd,TA,PConc,Gd,TA,Av,GLQ,816,Unf,0,1217,2033,GasA,Ex,SBrkr,2053,1185,0,3238,1,0,2,1,4,1,Gd,9,Typ,1,Ex,Attchd,1996.0,Fin,3,666,TA,TA,Y,283,86,0,0,0,0,None,0,3,2010,WD,Normal,False,False,True,False,True
1354,1354,1355,60,69.0,10316,None,IR1,Lvl,AllPub,Inside,Gtl,CollgCr,Norm,Norm,1Fam,2Story,7,5,2000,2000,Gable,CompShg,VinylSd,VinylSd,None,0.0,Gd,TA,PConc,Gd,TA,No,GLQ,735,Unf,0,257,992,GasA,Ex,SBrkr,992,873,0,1865,1,0,2,1,3,1,Gd,7,Typ,1,TA,Attchd,2000.0,RFn,3,839,TA,TA,Y,0,184,0,0,0,0,None,0,6,2008,WD,Normal,False,False,True,False,True
1355,1355,1356,80,102.0,10192,None,IR1,Lvl,AllPub,Inside,Gtl,NWAmes,Norm,Norm,1Fam,SLvl,7,6,1968,1992,Gable,CompShg,MetalSd,MetalSd,BrkFace,143.0,TA,TA,CBlock,TA,TA,No,Unf,0,Unf,0,570,570,GasA,Gd,SBrkr,1222,698,0,1920,0,0,3,0,4,1,Gd,8,Typ,1,TA,Attchd,1968.0,RFn,2,487,TA,TA,Y,0,98,0,0,0,0,GdPrv,0,9,2006,WD,Normal,False,False,True,False,True
1356,1356,1357,20,69.0,9477,None,Reg,Lvl,AllPub,Corner,Gtl,NAmes,Norm,Norm,1Fam,1Story,5,5,1966,1966,Gable,CompShg,HdBoard,HdBoard,BrkFace,65.0,TA,TA,CBlock,TA,TA,No,Rec,340,Unf,0,524,864,GasA,TA,SBrkr,892,0,0,892,0,0,1,0,3,1,TA,5,Typ,0,None,Attchd,1966.0,RFn,1,264,TA,TA,Y,0,0,0,0,0,0,GdWo,0,10,2008,WD,Normal,False,False,True,False,True
1357,1357,1358,20,69.0,12537,None,IR1,Lvl,AllPub,CulDSac,Gtl,NAmes,Norm,Norm,1Fam,1Story,5,6,1971,2008,Gable,CompShg,VinylSd,VinylSd,None,0.0,TA,TA,CBlock,TA,TA,No,GLQ,734,Unf,0,344,1078,GasA,Ex,SBrkr,1078,0,0,1078,1,0,1,1,3,1,TA,6,Typ,1,Fa,Attchd,1971.0,Fin,2,500,TA,TA,Y,0,0,0,0,0,0,None,0,4,2010,WD,Normal,False,False,True,False,True
1358,1358,1359,160,69.0,2117,None,Reg,Lvl,AllPub,Inside,Gtl,Somerst,Norm,Norm,Twnhs,2Story,6,5,2000,2000,Gable,CompShg,MetalSd,MetalSd,BrkFace,216.0,Gd,TA,PConc,Gd,TA,No,GLQ,378,Unf,0,378,756,GasA,Ex,SBrkr,769,804,0,1573,0,0,2,1,3,1,Gd,5,Typ,0,None,Detchd,2000.0,Unf,2,440,TA,TA,Y,0,32,0,0,0,0,None,0,6,2010,WD,Normal,True,False,False,False,True
1359,1359,1360,20,129.0,16737,None,Reg,Lvl,AllPub,FR3,Gtl,NridgHt,Norm,Norm,1Fam,1Story,9,5,2004,2005,Hip,CompShg,VinylSd,VinylSd,BrkFace,66.0,Gd,TA,PConc,Ex,TA,Av,GLQ,1447,Unf,0,533,1980,GasA,Ex,SBrkr,1980,0,0,1980,1,0,2,0,3,1,Ex,8,Typ,1,Gd,Attchd,2004.0,Fin,3,770,TA,TA,Y,194,45,0,0,0,0,None,0,9,2006,WD,Normal,False,False,True,False,True
1360,1360,1361,70,51.0,9842,None,Reg,Lvl,AllPub,Inside,Gtl,SWISU,Feedr,Norm,1Fam,2Story,5,6,1921,1998,Gable,CompShg,MetalSd,Wd Sdng,None,0.0,TA,TA,BrkTil,TA,Fa,No,Unf,0,Unf,0,612,612,GasA,Ex,SBrkr,990,1611,0,2601,0,0,3,1,4,1,TA,8,Typ,0,None,BuiltIn,1998.0,RFn,2,621,TA,TA,Y,183,0,301,0,0,0,None,0,5,2008,WD,Normal,False,False,True,False,True
1361,1361,1362,20,124.0,16158,None,IR1,Low,AllPub,Inside,Mod,StoneBr,Norm,Norm,1Fam,1Story,7,5,2005,2005,Hip,CompShg,VinylSd,VinylSd,Stone,16.0,Gd,TA,PConc,Ex,TA,Av,ALQ,1274,Unf,0,256,1530,GasA,Ex,SBrkr,1530,0,0,1530,1,0,2,0,3,1,Gd,7,Typ,1,Gd,Attchd,2005.0,Fin,2,430,TA,TA,Y,168,36,0,0,0,0,None,0,6,2009,WD,Normal,False,False,True,False,True
1362,1362,1363,50,69.0,12513,None,IR1,Lvl,AllPub,FR2,Gtl,NAmes,Feedr,Norm,1Fam,1.5Fin,4,4,1920,2007,Gable,CompShg,VinylSd,VinylSd,None,0.0,TA,Gd,BrkTil,TA,Fa,No,Unf,0,Unf,0,715,715,GasA,Gd,SBrkr,1281,457,0,1738,0,0,2,0,4,1,TA,7,Typ,1,Gd,Attchd,1920.0,Unf,1,368,TA,TA,Y,55,0,0,0,0,0,None,0,6,2009,WD,Normal,False,False,True,False,True
1363,1363,1364,60,73.0,8499,None,IR1,Lvl,AllPub,Inside,Gtl,Gilbert,Norm,Norm,1Fam,2Story,6,5,2006,2007,Gable,CompShg,VinylSd,VinylSd,None,0.0,TA,TA,PConc,Gd,TA,No,Unf,0,Unf,0,616,616,GasA,Ex,SBrkr,616,796,0,1412,0,0,2,1,3,1,Gd,6,Typ,1,Gd,BuiltIn,2007.0,Fin,2,432,TA,TA,Y,0,36,0,0,0,0,None,0,3,2007,New,Partial,False,False,True,False,True
1364,1364,1365,160,30.0,3180,Pave,Reg,Lvl,AllPub,Inside,Gtl,Somerst,Norm,Norm,TwnhsE,2Story,7,5,2005,2005,Gable,CompShg,MetalSd,MetalSd,None,0.0,Gd,TA,PConc,Gd,TA,No,Unf,0,Unf,0,600,600,GasA,Ex,SBrkr,520,600,80,1200,0,0,2,1,2,1,Gd,4,Typ,0,None,Detchd,2005.0,RFn,2,480,TA,TA,Y,0,166,0,0,0,0,None,0,4,2006,WD,Abnorml,True,False,False,False,True
1365,1365,1366,60,69.0,7500,None,Reg,Lvl,AllPub,Inside,Gtl,Somerst,Norm,Norm,1Fam,2Story,7,5,2000,2000,Gable,CompShg,VinylSd,VinylSd,None,0.0,Gd,TA,PConc,Gd,TA,No,GLQ,533,Unf,0,281,814,GasA,Ex,SBrkr,814,860,0,1674,1,0,2,1,3,1,Gd,7,Typ,0,None,Attchd,2000.0,RFn,2,663,TA,TA,Y,0,96,0,0,0,0,None,0,1,2010,WD,Normal,True,False,False,False,True
1366,1366,1367,60,68.0,9179,None,IR1,Lvl,AllPub,Inside,Gtl,CollgCr,Norm,Norm,1Fam,2Story,7,5,1999,1999,Gable,CompShg,VinylSd,VinylSd,BrkFace,158.0,Gd,TA,PConc,Gd,TA,No,GLQ,633,Unf,0,240,873,GasA,Ex,SBrkr,882,908,0,1790,1,0,2,1,3,1,Gd,7,Typ,0,None,Attchd,1999.0,RFn,2,588,TA,TA,Y,0,88,0,0,0,0,None,0,6,2008,WD,Abnorml,False,False,True,False,True
1367,1367,1368,160,41.0,2665,None,Reg,Lvl,AllPub,Inside,Gtl,MeadowV,Norm,Norm,TwnhsE,2Story,5,6,1977,1977,Gable,CompShg,CemntBd,CmentBd,None,0.0,TA,TA,PConc,TA,TA,No,ALQ,548,Rec,173,36,757,GasA,Ex,SBrkr,925,550,0,1475,0,0,2,0,4,1,TA,6,Typ,1,TA,Attchd,1977.0,RFn,1,336,TA,TA,Y,104,26,0,0,0,0,None,0,7,2006,WD,Normal,False,False,False,True,True
1368,1368,1369,120,69.0,4435,None,Reg,Lvl,AllPub,Inside,Gtl,CollgCr,Norm,Norm,TwnhsE,1Story,6,5,2003,2004,Gable,CompShg,VinylSd,VinylSd,BrkFace,170.0,Gd,TA,PConc,Gd,TA,Av,GLQ,685,Unf,0,163,848,GasA,Ex,SBrkr,848,0,0,848,1,0,1,0,1,1,Gd,4,Typ,0,None,Attchd,2003.0,Fin,2,420,TA,TA,Y,140,0,0,0,0,0,None,0,6,2009,WD,Normal,False,False,False,True,True
1369,1369,1370,20,48.0,10635,None,IR2,Lvl,AllPub,FR2,Gtl,CollgCr,Norm,Norm,1Fam,1Story,8,5,2003,2003,Hip,CompShg,VinylSd,VinylSd,BrkFace,171.0,Gd,TA,PConc,Gd,TA,Av,BLQ,370,GLQ,972,315,1657,GasA,Ex,SBrkr,1668,0,0,1668,1,0,2,0,3,1,Gd,8,Typ,1,TA,Attchd,2003.0,Fin,2,502,TA,TA,Y,0,262,0,0,0,0,None,0,5,2010,WD,Normal,False,False,True,False,True
1370,1370,1371,50,90.0,5400,None,Reg,Lvl,AllPub,Corner,Gtl,OldTown,Artery,Norm,1Fam,1.5Fin,4,6,1920,1950,Gable,CompShg,CBlock,CBlock,None,0.0,Fa,TA,PConc,TA,TA,No,ALQ,315,Rec,105,420,840,GasA,Ex,SBrkr,840,534,0,1374,0,0,1,0,2,1,TA,6,Typ,0,None,Detchd,1967.0,Fin,1,338,TA,TA,Y,0,0,198,0,0,0,None,0,10,2009,WD,Normal,False,False,True,False,True
1371,1371,1372,80,80.0,9600,None,Reg,Lvl,AllPub,Inside,Gtl,NAmes,Norm,Norm,1Fam,SLvl,6,6,1955,1996,Hip,CompShg,AsbShng,AsbShng,None,0.0,TA,TA,CBlock,TA,TA,Av,BLQ,831,Unf,0,161,992,GasA,Gd,SBrkr,1661,0,0,1661,1,0,1,0,3,1,Gd,8,Typ,1,TA,BuiltIn,1955.0,RFn,1,377,TA,TA,Y,0,28,0,0,178,0,MnPrv,0,10,2008,WD,Normal,False,False,True,False,True
1372,1372,1373,60,75.0,9750,None,Reg,Lvl,AllPub,Corner,Gtl,CollgCr,Norm,Norm,1Fam,2Story,7,6,1998,1998,Gable,CompShg,VinylSd,VinylSd,None,0.0,TA,TA,PConc,Gd,TA,Av,GLQ,975,Unf,0,133,1108,GasA,Ex,SBrkr,1108,989,0,2097,1,0,2,1,3,1,Gd,8,Typ,1,TA,Detchd,1998.0,RFn,2,583,TA,TA,Y,253,170,0,0,0,0,None,0,6,2006,WD,Normal,False,False,True,False,True
1373,1373,1374,20,69.0,11400,None,Reg,Lvl,AllPub,Inside,Gtl,NoRidge,Norm,Norm,1Fam,1Story,10,5,2001,2002,Hip,CompShg,VinylSd,VinylSd,BrkFace,705.0,Ex,TA,PConc,Ex,TA,Gd,GLQ,1282,Unf,0,1351,2633,GasA,Ex,SBrkr,2633,0,0,2633,1,0,2,1,2,1,Ex,8,Typ,2,Gd,Attchd,2001.0,RFn,3,804,TA,TA,Y,314,140,0,0,0,0,None,0,3,2007,WD,Normal,False,False,True,False,True
1374,1374,1375,60,85.0,10625,None,Reg,Lvl,AllPub,Inside,Gtl,Somerst,Norm,Norm,1Fam,2Story,7,5,2005,2005,Gable,CompShg,CemntBd,CmentBd,None,0.0,Gd,TA,PConc,Gd,TA,No,Unf,0,Unf,0,1026,1026,GasA,Ex,SBrkr,1026,932,0,1958,0,0,2,1,3,1,Gd,9,Typ,1,Gd,Attchd,2005.0,Fin,3,936,TA,TA,Y,154,210,0,0,0,0,None,0,7,2008,WD,Normal,True,False,False,False,True
1375,1375,1376,20,89.0,10991,None,IR1,HLS,AllPub,Inside,Gtl,Timber,Norm,Norm,1Fam,1Story,8,5,2007,2007,Gable,CompShg,VinylSd,VinylSd,BrkFace,80.0,Gd,TA,PConc,Gd,TA,Gd,Unf,0,Unf,0,1571,1571,GasA,Ex,SBrkr,1571,0,0,1571,0,0,2,0,3,1,Gd,7,Typ,1,Gd,Attchd,2007.0,Fin,3,722,TA,TA,Y,100,36,0,0,0,0,None,0,12,2007,New,Partial,False,False,True,False,True
1376,1376,1377,30,52.0,6292,None,Reg,Bnk,AllPub,Inside,Gtl,SWISU,Norm,Norm,1Fam,1Story,6,5,1930,1950,Gable,CompShg,Wd Sdng,Wd Sdng,None,0.0,TA,TA,BrkTil,Gd,TA,Mn,Rec,384,Unf,0,384,768,GasA,TA,SBrkr,790,0,0,790,0,0,1,0,2,1,TA,4,Typ,0,None,Detchd,1925.0,Unf,1,160,Fa,TA,Y,0,141,0,0,0,0,None,0,4,2008,WD,Normal,False,False,True,False,True
1377,1377,1378,50,60.0,10998,Grvl,Reg,Lvl,AllPub,Inside,Gtl,Edwards,Norm,Norm,1Fam,1.5Fin,5,5,1941,1960,Gable,CompShg,Wd Sdng,Wd Sdng,None,0.0,TA,TA,CBlock,TA,TA,No,LwQ,408,BLQ,420,156,984,GasA,Ex,SBrkr,984,620,0,1604,0,0,2,0,3,1,TA,6,Min2,0,None,Detchd,1977.0,Unf,2,660,TA,TA,Y,0,68,0,0,0,0,None,0,7,2009,WD,Normal,False,False,True,False,True
1378,1378,1379,160,21.0,1953,None,Reg,Lvl,AllPub,Inside,Gtl,BrDale,Norm,Norm,Twnhs,2Story,6,5,1973,1973,Gable,CompShg,HdBoard,HdBoard,BrkFace,408.0,TA,TA,CBlock,TA,Fa,No,BLQ,309,Unf,0,174,483,GasA,TA,SBrkr,483,504,0,987,0,0,1,1,2,1,TA,5,Typ,0,None,Detchd,1973.0,Unf,1,264,TA,TA,Y,72,0,0,0,0,0,None,0,6,2006,WD,Normal,False,False,False,True,True
1379,1379,1380,80,73.0,9735,None,Reg,Lvl,AllPub,Inside,Gtl,Timber,Norm,Norm,1Fam,SLvl,5,5,2006,2007,Gable,CompShg,VinylSd,VinylSd,None,0.0,TA,TA,PConc,Gd,TA,No,Unf,0,Unf,0,384,384,GasA,Gd,SBrkr,754,640,0,1394,0,0,2,1,3,1,Gd,7,Typ,0,None,BuiltIn,2007.0,Fin,2,400,TA,TA,Y,100,0,0,0,0,0,None,0,5,2008,WD,Normal,False,False,True,False,True
1380,1380,1381,30,45.0,8212,Grvl,Reg,Lvl,AllPub,Inside,Gtl,Edwards,Norm,Norm,1Fam,1Story,3,3,1914,1950,Gable,CompShg,Stucco,Stucco,None,0.0,TA,Fa,BrkTil,TA,Fa,No,Rec,203,Unf,0,661,864,GasA,TA,FuseF,864,0,0,864,1,0,1,0,2,1,TA,5,Typ,0,None,Detchd,1938.0,Unf,1,200,TA,Fa,Y,0,0,96,0,0,0,None,0,6,2010,WD,Normal,False,False,True,False,True
1381,1381,1382,20,69.0,12925,None,IR1,Lvl,AllPub,Corner,Gtl,NAmes,Norm,Norm,1Fam,1Story,6,7,1970,1970,Gable,CompShg,BrkFace,Plywood,None,0.0,TA,TA,CBlock,TA,TA,Mn,BLQ,865,Unf,0,340,1205,GasA,Ex,SBrkr,2117,0,0,2117,0,0,2,1,4,1,TA,7,Typ,2,Gd,Attchd,1970.0,Fin,2,550,TA,TA,Y,0,42,0,0,0,0,None,0,5,2008,WD,Normal,False,False,True,False,True
1382,1382,1383,70,60.0,7200,None,Reg,Lvl,AllPub,Corner,Gtl,OldTown,Norm,Norm,1Fam,2Story,7,7,1920,1950,Hip,CompShg,Wd Sdng,Wd Sdng,None,0.0,TA,TA,BrkTil,Fa,TA,No,Unf,0,Unf,0,596,596,GasA,Ex,SBrkr,998,764,0,1762,1,0,1,1,4,1,Gd,8,Typ,0,None,Detchd,1989.0,Unf,2,576,TA,TA,N,36,0,221,0,0,0,None,0,10,2006,WD,Normal,False,False,False,True,True
1383,1383,1384,30,69.0,25339,None,Reg,Lvl,AllPub,Inside,Gtl,Sawyer,Norm,Norm,1Fam,1Story,5,7,1918,2007,Gable,CompShg,Wd Sdng,Wd Sdng,None,0.0,TA,Gd,BrkTil,TA,TA,No,Unf,0,Unf,0,816,816,GasA,Ex,SBrkr,1416,0,0,1416,0,0,2,0,3,1,Gd,7,Typ,0,None,Attchd,2007.0,Unf,2,576,TA,TA,N,0,0,112,0,0,0,None,0,8,2007,WD,Normal,False,False,True,False,True
1384,1384,1385,50,60.0,9060,None,Reg,Lvl,AllPub,Inside,Gtl,Edwards,Norm,Norm,1Fam,1.5Fin,6,5,1939,1950,Gable,CompShg,WdShing,Wd Shng,None,0.0,TA,TA,BrkTil,TA,TA,Mn,Rec,204,Unf,0,356,560,GasA,TA,SBrkr,698,560,0,1258,0,0,1,0,2,1,TA,6,Typ,0,None,Detchd,1939.0,Unf,1,280,TA,TA,P,0,0,0,0,0,0,MnPrv,0,10,2009,WD,Normal,False,False,True,False,True
1385,1385,1386,50,40.0,5436,None,Reg,Lvl,AllPub,Inside,Gtl,IDOTRR,Norm,Norm,1Fam,1.5Fin,4,8,1922,2007,Gable,CompShg,VinylSd,VinylSd,None,0.0,TA,Gd,BrkTil,TA,TA,No,BLQ,735,Unf,0,61,796,GasA,Gd,SBrkr,796,358,0,1154,1,0,1,0,3,1,Gd,7,Typ,0,None,Detchd,1922.0,Unf,1,240,TA,TA,N,0,96,0,0,0,0,MnPrv,0,5,2010,WD,Normal,False,False,False,True,True
1386,1386,1387,60,80.0,16692,None,IR1,Lvl,AllPub,Inside,Gtl,NWAmes,RRAn,Norm,1Fam,2Story,7,5,1978,1978,Gable,CompShg,Plywood,Plywood,BrkFace,184.0,TA,TA,CBlock,Gd,TA,No,BLQ,790,LwQ,469,133,1392,GasA,TA,SBrkr,1392,1392,0,2784,1,0,3,1,5,1,Gd,12,Typ,2,TA,Attchd,1978.0,RFn,2,564,TA,TA,Y,0,112,0,0,440,519,MnPrv,2000,7,2006,WD,Normal,False,False,True,False,True
1387,1387,1388,50,60.0,8520,Grvl,Reg,Lvl,AllPub,Inside,Gtl,OldTown,Artery,Norm,1Fam,1.5Fin,6,7,1916,1950,Gable,CompShg,Stucco,Stucco,None,0.0,TA,Gd,BrkTil,TA,TA,No,Rec,168,LwQ,546,0,714,GasW,TA,SBrkr,1664,862,0,2526,0,0,2,0,5,1,Gd,10,Typ,1,Gd,Detchd,1916.0,Unf,1,216,TA,TA,Y,88,15,0,0,0,0,GdWo,0,8,2007,CWD,Family,False,False,False,True,True
1388,1388,1389,20,42.0,14892,None,IR1,HLS,AllPub,CulDSac,Gtl,Gilbert,Norm,Norm,1Fam,1Story,9,5,2006,2007,Gable,CompShg,VinylSd,VinylSd,Stone,160.0,Ex,TA,PConc,Ex,TA,Gd,GLQ,1320,Unf,0,426,1746,GasA,Ex,SBrkr,1746,0,0,1746,1,0,2,0,3,1,Ex,7,Typ,2,Gd,Attchd,2006.0,Fin,3,758,TA,TA,Y,201,39,0,0,0,0,None,0,10,2009,WD,Normal,False,False,True,False,True
1389,1389,1390,50,60.0,6000,None,Reg,Lvl,AllPub,Inside,Gtl,BrkSide,Norm,Norm,1Fam,1.5Fin,6,6,1941,1950,Gable,CompShg,Wd Sdng,Wd Sdng,None,0.0,TA,Gd,BrkTil,TA,Gd,No,ALQ,375,Unf,0,360,735,GasA,Ex,SBrkr,869,349,0,1218,0,1,1,0,3,1,TA,6,Typ,1,Gd,Detchd,2003.0,Unf,2,440,TA,TA,Y,0,0,0,0,0,0,None,0,3,2007,WD,Normal,False,False,False,True,True
1390,1390,1391,20,70.0,9100,None,Reg,Lvl,AllPub,Inside,Gtl,CollgCr,Norm,Norm,1Fam,1Story,7,5,2000,2000,Gable,CompShg,VinylSd,VinylSd,BrkFace,244.0,Gd,TA,PConc,Gd,TA,Av,GLQ,1400,Unf,0,125,1525,GasA,Ex,SBrkr,1525,0,0,1525,1,0,2,0,3,1,Gd,6,Typ,0,None,Attchd,2000.0,RFn,2,541,TA,TA,Y,219,36,0,0,0,0,None,0,9,2006,WD,Normal,False,False,True,False,True
1391,1391,1392,90,65.0,8944,None,Reg,Lvl,AllPub,Inside,Gtl,NAmes,Norm,Norm,Duplex,1Story,5,5,1967,1967,Gable,CompShg,Plywood,Plywood,None,0.0,TA,TA,CBlock,TA,TA,No,Unf,0,Unf,0,1584,1584,GasA,TA,SBrkr,1584,0,0,1584,0,0,2,0,4,2,TA,8,Mod,0,None,Detchd,1967.0,Unf,3,792,TA,TA,Y,0,152,0,0,0,0,None,0,4,2009,WD,Normal,False,False,True,False,True
1392,1392,1393,85,68.0,7838,None,Reg,Lvl,AllPub,Inside,Gtl,NAmes,Norm,Norm,1Fam,SFoyer,5,5,1967,1967,Gable,CompShg,HdBoard,HdBoard,None,0.0,TA,TA,CBlock,TA,TA,Av,ALQ,769,Unf,0,95,864,GasA,TA,SBrkr,900,0,0,900,1,0,1,0,3,1,TA,6,Typ,1,Po,Attchd,1967.0,RFn,1,288,TA,TA,Y,175,144,0,0,0,0,MnWw,0,12,2006,WD,Normal,False,False,True,False,True
1393,1393,1394,190,60.0,10800,Pave,Reg,Lvl,AllPub,Inside,Gtl,OldTown,Norm,Norm,2fmCon,1.5Fin,6,7,1905,2000,Gable,CompShg,Wd Sdng,Wd Sdng,None,0.0,TA,TA,BrkTil,Fa,TA,No,Unf,0,Unf,0,482,482,GasA,Ex,SBrkr,1221,691,0,1912,0,0,2,0,3,2,TA,7,Typ,1,TA,Detchd,2003.0,Unf,2,672,Gd,TA,Y,0,25,212,0,0,0,None,0,4,2008,WD,Normal,False,False,False,True,True
1394,1394,1395,120,53.0,4045,None,Reg,Lvl,AllPub,Inside,Gtl,Blmngtn,Norm,Norm,TwnhsE,1Story,7,5,2006,2006,Hip,CompShg,VinylSd,VinylSd,BrkFace,45.0,Gd,TA,PConc,Gd,TA,Av,GLQ,1070,Unf,0,286,1356,GasA,Ex,SBrkr,1500,0,0,1500,1,0,2,0,2,1,Gd,6,Typ,1,Gd,Attchd,2006.0,Fin,3,648,TA,TA,Y,161,20,0,0,0,0,None,0,10,2006,New,Partial,False,False,True,False,True
1395,1395,1396,60,88.0,12665,None,IR1,Lvl,AllPub,Inside,Gtl,Timber,Norm,Norm,1Fam,2Story,8,5,2005,2006,Hip,CompShg,VinylSd,VinylSd,BrkFace,245.0,Gd,TA,PConc,Gd,Gd,Gd,Unf,0,Unf,0,1094,1094,GasA,Ex,SBrkr,1133,1349,0,2482,0,0,2,1,4,1,Gd,9,Typ,1,Gd,BuiltIn,2005.0,Fin,3,642,TA,TA,Y,144,39,0,0,0,0,None,0,2,2007,WD,Normal,False,False,True,False,True
1396,1396,1397,20,69.0,57200,None,IR1,Bnk,AllPub,Inside,Sev,Timber,Norm,Norm,1Fam,1Story,5,5,1948,1950,Gable,CompShg,Wd Sdng,Wd Sdng,None,0.0,TA,TA,CBlock,TA,TA,Av,BLQ,353,Rec,334,60,747,GasA,TA,SBrkr,1687,0,0,1687,1,0,1,0,3,1,TA,7,Min1,2,TA,Detchd,1966.0,Unf,2,572,TA,TA,N,0,0,50,0,0,0,None,0,6,2010,WD,Normal,False,False,True,False,True
1397,1397,1398,70,51.0,6120,None,Reg,Lvl,AllPub,Inside,Gtl,BrkSide,Norm,Norm,1Fam,2Story,5,8,1920,2004,Gable,CompShg,MetalSd,MetalSd,None,0.0,TA,TA,BrkTil,TA,TA,Mn,Unf,0,Unf,0,939,939,GasA,Ex,SBrkr,939,574,0,1513,0,0,1,1,4,1,TA,8,Typ,0,None,Detchd,1933.0,Unf,1,180,Fa,Fa,N,24,0,150,0,0,0,None,0,5,2007,WD,Normal,False,False,False,True,True
1398,1398,1399,50,60.0,7200,None,Reg,Lvl,AllPub,Inside,Gtl,NAmes,Norm,Norm,1Fam,1.5Fin,5,4,1950,1982,Gable,CompShg,VinylSd,Wd Sdng,None,0.0,TA,TA,CBlock,TA,TA,No,Rec,180,BLQ,352,676,1208,GasA,Gd,FuseA,1136,768,0,1904,1,0,1,1,3,1,TA,7,Min1,0,None,Attchd,1950.0,Unf,1,240,TA,TA,Y,0,0,168,0,0,0,GdPrv,0,5,2009,WD,Normal,False,False,True,False,True
1399,1399,1400,50,51.0,6171,None,Reg,Lvl,AllPub,Inside,Gtl,SWISU,Norm,Norm,1Fam,1.5Fin,6,6,1925,1990,Gable,CompShg,WdShing,Wd Shng,None,0.0,TA,TA,BrkTil,TA,TA,No,BLQ,264,Unf,0,712,976,GasA,Ex,SBrkr,1160,448,0,1608,0,0,2,1,3,1,Gd,7,Typ,1,Gd,Detchd,1925.0,Unf,1,216,Fa,TA,Y,147,16,0,0,0,0,MnPrv,0,10,2009,WD,Normal,False,False,True,False,True
1400,1400,1401,50,50.0,6000,None,Reg,Lvl,AllPub,Corner,Gtl,BrkSide,Norm,Norm,1Fam,1.5Fin,6,7,1929,1950,Gable,CompShg,WdShing,Wd Shng,None,0.0,TA,TA,BrkTil,TA,TA,No,Unf,0,Unf,0,862,862,GasA,TA,SBrkr,950,208,0,1158,0,0,1,0,3,1,TA,5,Typ,1,Gd,BuiltIn,1929.0,RFn,1,208,TA,TA,Y,0,0,112,0,0,0,None,0,7,2008,WD,Normal,False,False,False,True,True
1401,1401,1402,60,62.0,7415,None,IR1,Lvl,AllPub,Inside,Gtl,Gilbert,Norm,Norm,1Fam,2Story,6,5,2004,2004,Gable,CompShg,VinylSd,VinylSd,None,0.0,TA,TA,PConc,TA,TA,No,GLQ,759,Unf,0,80,839,GasA,Ex,SBrkr,864,729,0,1593,1,0,2,1,3,1,TA,8,Typ,1,TA,Attchd,2004.0,Fin,2,398,TA,TA,Y,100,75,0,0,0,0,None,0,4,2008,WD,Normal,False,False,True,False,True
1402,1402,1403,20,64.0,6762,None,Reg,Lvl,AllPub,Inside,Gtl,CollgCr,Norm,Norm,1Fam,1Story,7,5,2006,2006,Gable,CompShg,VinylSd,VinylSd,None,0.0,Gd,TA,PConc,Gd,Gd,Av,Unf,0,Unf,0,1286,1286,GasA,Ex,SBrkr,1294,0,0,1294,0,0,2,0,2,1,Gd,6,Typ,1,Gd,Attchd,2006.0,RFn,2,662,TA,TA,Y,168,55,0,0,0,0,None,0,7,2006,New,Partial,False,False,True,False,True
1403,1403,1404,20,49.0,15256,None,IR1,Lvl,AllPub,CulDSac,Gtl,Somerst,RRAn,Norm,1Fam,1Story,8,5,2007,2007,Gable,CompShg,VinylSd,VinylSd,Stone,84.0,Gd,TA,PConc,Gd,TA,Gd,GLQ,929,Unf,0,556,1485,GasA,Ex,SBrkr,1464,0,0,1464,1,0,2,0,3,1,Gd,6,Typ,0,None,Attchd,2007.0,Unf,3,754,TA,TA,Y,168,160,0,0,0,0,None,0,8,2007,WD,Normal,False,False,True,False,True
1404,1404,1405,50,60.0,10410,Grvl,Reg,Lvl,AllPub,Corner,Gtl,OldTown,Artery,Norm,1Fam,1.5Fin,3,4,1915,1950,Gable,CompShg,Wd Sdng,Wd Sdng,None,0.0,TA,TA,PConc,TA,TA,No,Unf,0,Unf,0,672,672,GasA,TA,SBrkr,694,520,0,1214,0,0,1,0,3,1,TA,6,Typ,0,None,Detchd,1998.0,Unf,3,936,TA,TA,Y,216,0,160,0,0,0,MnPrv,0,1,2006,WD,Family,False,False,True,False,True
1405,1405,1406,120,44.0,3842,None,IR1,HLS,AllPub,Inside,Mod,Crawfor,Norm,Norm,TwnhsE,1Story,8,5,2004,2005,Hip,CompShg,CemntBd,CmentBd,Stone,174.0,Gd,TA,PConc,Ex,TA,Gd,GLQ,1373,Unf,0,221,1594,GasA,Ex,SBrkr,1646,0,0,1646,1,1,2,0,2,1,Gd,5,Typ,1,Gd,Attchd,2004.0,Fin,2,482,TA,TA,Y,128,53,0,0,155,0,None,0,1,2008,WD,Normal,False,False,False,True,True
1406,1406,1407,85,70.0,8445,None,Reg,Lvl,AllPub,Corner,Gtl,CollgCr,Norm,Norm,1Fam,SFoyer,5,7,1972,2007,Gable,CompShg,HdBoard,Wd Shng,None,0.0,TA,TA,CBlock,Gd,TA,Av,GLQ,656,Unf,0,112,768,GasA,TA,SBrkr,768,0,0,768,1,0,1,0,2,1,TA,5,Typ,0,None,Detchd,1988.0,Unf,2,396,TA,TA,Y,58,0,0,0,0,0,MnPrv,0,3,2009,WD,Normal,False,False,True,False,True
1407,1407,1408,20,69.0,8780,None,IR1,Lvl,AllPub,Corner,Gtl,Mitchel,Norm,Norm,1Fam,1Story,5,5,1985,1985,Gable,CompShg,HdBoard,Plywood,None,0.0,TA,TA,CBlock,TA,TA,No,ALQ,625,Unf,0,208,833,GasA,Ex,SBrkr,833,0,0,833,1,0,1,0,3,1,TA,5,Typ,0,None,None,1980.0,None,0,0,None,None,Y,0,0,0,0,0,0,MnPrv,0,3,2009,WD,Normal,False,False,True,False,True
1408,1408,1409,70,60.0,7740,None,Reg,Lvl,AllPub,Inside,Gtl,OldTown,Norm,Norm,1Fam,2Story,4,7,1910,1950,Gable,CompShg,VinylSd,VinylSd,None,0.0,TA,TA,CBlock,Fa,TA,No,Unf,0,Unf,0,622,622,GasA,Gd,SBrkr,741,622,0,1363,0,0,1,0,3,1,TA,6,Typ,0,None,Detchd,1966.0,Unf,2,528,TA,TA,Y,0,0,0,0,168,0,None,0,6,2010,WD,Normal,False,False,False,True,True
1409,1409,1410,60,46.0,20544,None,IR1,Lvl,AllPub,CulDSac,Gtl,NWAmes,Norm,Norm,1Fam,2Story,7,6,1986,1991,Gable,CompShg,Plywood,Plywood,BrkFace,123.0,TA,Gd,CBlock,Gd,TA,No,Unf,0,Unf,0,791,791,GasA,Gd,SBrkr,1236,857,0,2093,0,0,2,1,3,1,TA,7,Typ,1,TA,Attchd,1986.0,Fin,2,542,TA,TA,Y,364,63,0,0,0,0,MnPrv,0,11,2008,WD,Normal,False,False,True,False,True
1410,1410,1411,60,79.0,12420,None,Reg,Lvl,AllPub,Inside,Gtl,CollgCr,Norm,Norm,1Fam,2Story,7,5,2001,2001,Gable,CompShg,VinylSd,VinylSd,None,0.0,Gd,TA,PConc,Gd,TA,No,GLQ,666,Unf,0,278,944,GasA,Ex,SBrkr,944,896,0,1840,1,0,2,1,3,1,Gd,6,Typ,0,None,Attchd,2001.0,RFn,2,622,TA,TA,Y,0,45,0,0,0,0,None,0,6,2009,WD,Normal,False,False,True,False,True
1411,1411,1412,50,80.0,9600,None,Reg,Lvl,AllPub,Inside,Gtl,NAmes,Norm,Norm,1Fam,1.5Fin,6,8,1950,2005,Gable,CompShg,VinylSd,VinylSd,None,0.0,TA,Gd,CBlock,TA,TA,No,BLQ,120,Unf,0,736,856,GasA,Ex,SBrkr,1112,556,0,1668,0,0,1,1,3,1,TA,6,Min2,0,None,Attchd,1950.0,Unf,1,271,TA,TA,Y,0,0,0,0,0,0,MnPrv,0,9,2009,WD,Normal,False,False,True,False,True
1412,1412,1413,90,60.0,7200,None,Reg,Lvl,AllPub,Inside,Gtl,NAmes,Norm,Norm,Duplex,1Story,4,5,1949,1950,Gable,CompShg,BrkFace,Stone,None,0.0,TA,TA,Slab,None,None,None,None,0,None,0,0,0,Wall,Fa,FuseF,1040,0,0,1040,0,0,2,0,2,2,TA,6,Typ,0,None,Detchd,1956.0,Unf,2,420,TA,TA,Y,0,0,0,0,0,0,None,0,6,2009,WD,Normal,False,False,True,False,True
1413,1413,1414,20,88.0,10994,None,IR1,Lvl,AllPub,Corner,Gtl,SawyerW,Norm,Norm,1Fam,1Story,8,5,2005,2006,Gable,CompShg,VinylSd,VinylSd,Stone,366.0,Gd,TA,PConc,Gd,Gd,No,GLQ,976,Unf,0,868,1844,GasA,Ex,SBrkr,1844,0,0,1844,1,0,2,0,2,1,Gd,7,Typ,1,Gd,Attchd,2005.0,Fin,2,620,TA,TA,Y,165,44,0,0,0,0,None,0,9,2009,COD,Abnorml,False,False,True,False,True
1414,1414,1415,50,64.0,13053,Pave,Reg,Bnk,AllPub,Inside,Gtl,BrkSide,Norm,Norm,1Fam,1.5Fin,6,7,1923,2000,Gambrel,CompShg,Wd Sdng,Wd Sdng,None,0.0,TA,TA,BrkTil,TA,TA,No,Unf,0,Unf,0,833,833,GasA,Gd,SBrkr,1053,795,0,1848,0,0,1,1,4,1,Gd,8,Typ,1,Gd,Detchd,1922.0,Unf,2,370,TA,TA,N,0,0,0,0,220,0,None,0,6,2008,WD,Normal,False,False,True,False,True
1415,1415,1416,120,51.0,3635,None,Reg,Lvl,AllPub,Inside,Gtl,Blmngtn,Norm,Norm,TwnhsE,1Story,7,5,2007,2007,Hip,CompShg,VinylSd,VinylSd,BrkFace,130.0,Gd,TA,PConc,Gd,TA,No,ALQ,988,Unf,0,398,1386,GasA,Ex,SBrkr,1569,0,0,1569,0,1,2,0,1,1,Gd,7,Typ,1,TA,Attchd,2007.0,RFn,3,660,TA,TA,Y,143,20,0,0,0,0,None,0,5,2009,WD,Normal,False,False,True,False,True
1416,1416,1417,190,60.0,11340,None,Reg,Lvl,AllPub,Inside,Gtl,OldTown,Norm,Norm,2fmCon,2Story,4,6,1885,1950,Gable,CompShg,VinylSd,AsbShng,None,0.0,TA,TA,PConc,TA,TA,No,Unf,0,Unf,0,777,777,GasA,Gd,SBrkr,1246,1044,0,2290,0,0,2,0,4,2,TA,11,Typ,0,None,Detchd,1971.0,Unf,2,560,TA,TA,N,0,0,114,0,0,0,None,0,4,2010,WD,Normal,False,False,False,True,True
1417,1417,1418,60,69.0,16545,None,IR1,Lvl,AllPub,Inside,Gtl,NoRidge,Norm,Norm,1Fam,2Story,8,5,1998,1998,Gable,CompShg,VinylSd,VinylSd,BrkFace,731.0,Gd,TA,PConc,Gd,TA,Mn,GLQ,781,Unf,0,503,1284,GasA,Ex,SBrkr,1310,1140,0,2450,1,0,2,1,3,1,Gd,7,Typ,1,TA,Attchd,1998.0,Fin,3,1069,TA,TA,Y,0,126,0,0,0,0,None,0,5,2009,WD,Normal,False,False,True,False,True
1418,1418,1419,20,71.0,9204,None,Reg,Lvl,AllPub,Inside,Gtl,NAmes,Norm,Norm,1Fam,1Story,5,5,1963,1963,Gable,CompShg,HdBoard,HdBoard,None,0.0,TA,TA,CBlock,TA,TA,No,BLQ,25,Rec,872,247,1144,GasA,TA,SBrkr,1144,0,0,1144,1,0,1,1,3,1,TA,6,Typ,0,None,Detchd,1962.0,Unf,1,336,TA,TA,Y,0,88,0,0,0,0,None,0,8,2008,COD,Normal,False,False,True,False,True
1419,1419,1420,20,69.0,16381,None,IR1,Lvl,AllPub,Inside,Gtl,Crawfor,Norm,Norm,1Fam,1Story,6,5,1969,1969,Gable,CompShg,Plywood,Plywood,BrkFace,312.0,Gd,Gd,CBlock,TA,TA,Av,Rec,1110,Unf,0,734,1844,GasA,Gd,SBrkr,1844,0,0,1844,1,0,2,0,3,1,Gd,7,Typ,1,TA,Attchd,1969.0,RFn,2,540,TA,TA,Y,0,73,216,0,0,0,None,0,12,2006,WD,Normal,False,False,True,False,True
1420,1420,1421,60,90.0,11700,None,Reg,Lvl,AllPub,Corner,Gtl,NWAmes,Norm,Norm,1Fam,2Story,6,6,1968,1968,Gable,CompShg,HdBoard,HdBoard,BrkFace,420.0,TA,TA,CBlock,TA,TA,No,ALQ,404,Unf,0,304,708,GasA,Gd,SBrkr,708,708,0,1416,0,0,2,1,3,1,TA,7,Typ,1,TA,Attchd,1968.0,RFn,2,776,TA,TA,Y,0,169,0,0,119,0,None,0,5,2006,WD,Normal,False,False,True,False,True
1421,1421,1422,120,53.0,4043,None,Reg,Lvl,AllPub,Inside,Gtl,NPkVill,Norm,Norm,TwnhsE,1Story,6,5,1977,1977,Gable,CompShg,Plywood,Plywood,None,0.0,TA,TA,CBlock,Gd,TA,No,ALQ,360,Unf,0,709,1069,GasA,TA,SBrkr,1069,0,0,1069,0,0,2,0,2,1,TA,4,Typ,1,Fa,Attchd,1977.0,RFn,2,440,TA,TA,Y,0,55,0,0,165,0,None,0,7,2010,WD,Normal,False,False,True,False,True
1422,1422,1423,120,37.0,4435,None,Reg,Lvl,AllPub,Inside,Gtl,CollgCr,Norm,Norm,TwnhsE,1Story,6,5,2003,2003,Gable,CompShg,VinylSd,VinylSd,BrkFace,170.0,Gd,TA,PConc,Gd,TA,Av,GLQ,686,Unf,0,162,848,GasA,Ex,SBrkr,848,0,0,848,1,0,1,0,1,1,Gd,3,Typ,0,None,Attchd,2003.0,Fin,2,420,TA,TA,Y,140,0,0,0,0,0,None,0,3,2008,WD,Normal,False,False,False,True,True
1423,1423,1424,80,69.0,19690,None,IR1,Lvl,AllPub,CulDSac,Gtl,Edwards,Norm,Norm,1Fam,SLvl,6,7,1966,1966,Flat,Tar&Grv,Plywood,Plywood,None,0.0,Gd,Gd,CBlock,Gd,TA,Av,Unf,0,Unf,0,697,697,GasA,TA,SBrkr,1575,626,0,2201,0,0,2,0,4,1,Gd,8,Typ,1,Gd,Attchd,1966.0,Unf,2,432,Gd,Gd,Y,586,236,0,0,0,738,GdPrv,0,8,2006,WD,Alloca,False,False,True,False,True
1424,1424,1425,20,69.0,9503,None,Reg,Lvl,AllPub,Inside,Gtl,NAmes,Norm,Norm,1Fam,1Story,5,5,1958,1983,Hip,CompShg,HdBoard,HdBoard,None,0.0,TA,TA,CBlock,TA,TA,No,ALQ,457,Rec,374,193,1024,GasA,TA,SBrkr,1344,0,0,1344,1,0,1,0,2,1,TA,6,Min1,1,TA,Detchd,1970.0,Unf,1,484,TA,TA,Y,316,28,0,0,0,0,GdWo,0,6,2007,WD,Normal,False,False,True,False,True
1425,1425,1426,20,80.0,10721,None,IR1,Lvl,AllPub,Inside,Gtl,NAmes,Norm,Norm,1Fam,1Story,6,6,1959,1959,Hip,CompShg,HdBoard,HdBoard,Stone,243.0,Gd,TA,CBlock,TA,TA,No,Unf,0,Unf,0,1252,1252,GasA,Ex,SBrkr,1252,0,0,1252,0,0,1,0,3,1,Gd,7,Typ,0,None,Detchd,1960.0,Unf,2,528,TA,TA,Y,0,39,0,0,0,0,None,0,10,2008,WD,Normal,False,False,True,False,True
1426,1426,1427,60,81.0,10944,None,IR1,Lvl,AllPub,Inside,Gtl,NoRidge,Norm,Norm,1Fam,2Story,7,5,1994,1994,Gable,CompShg,VinylSd,VinylSd,BrkFace,448.0,Gd,TA,PConc,Gd,TA,No,GLQ,1000,Unf,0,223,1223,GasA,Ex,SBrkr,1223,904,0,2127,1,0,2,1,3,1,Gd,5,Typ,2,TA,Attchd,1994.0,RFn,2,525,TA,TA,Y,171,132,0,0,0,0,None,0,8,2008,WD,Normal,False,False,True,False,True
1427,1427,1428,50,60.0,10930,Grvl,Reg,Bnk,AllPub,Inside,Gtl,NAmes,Artery,Norm,1Fam,1.5Fin,5,6,1945,1950,Gable,CompShg,MetalSd,MetalSd,None,0.0,TA,TA,CBlock,TA,TA,No,BLQ,580,Unf,0,333,913,GasA,TA,FuseA,1048,510,0,1558,1,0,1,1,3,1,TA,6,Typ,1,TA,Attchd,1962.0,Unf,1,288,TA,TA,Y,0,0,0,0,0,0,None,0,4,2008,WD,Normal,False,False,True,False,True
1428,1428,1429,30,60.0,7200,None,Reg,Lvl,AllPub,Corner,Gtl,OldTown,Norm,Norm,1Fam,1Story,5,7,1940,1992,Gable,CompShg,MetalSd,MetalSd,Stone,294.0,TA,Gd,CBlock,TA,TA,No,BLQ,510,Unf,0,278,788,GasA,TA,SBrkr,804,0,0,804,1,0,1,0,2,1,Gd,4,Typ,2,Gd,Attchd,1940.0,Unf,1,240,TA,TA,Y,0,0,154,0,0,0,MnPrv,0,2,2010,WD,Abnorml,False,False,False,True,True
1429,1429,1430,20,69.0,12546,None,IR1,Lvl,AllPub,Corner,Gtl,NWAmes,Norm,Norm,1Fam,1Story,6,7,1981,1981,Gable,CompShg,MetalSd,MetalSd,BrkFace,310.0,Gd,Gd,CBlock,Gd,TA,No,BLQ,678,Unf,0,762,1440,GasA,Ex,SBrkr,1440,0,0,1440,0,0,2,0,3,1,Gd,7,Typ,1,TA,Attchd,1981.0,Fin,2,467,TA,TA,Y,0,0,99,0,0,0,None,0,4,2007,WD,Normal,False,False,True,False,True
1430,1430,1431,60,60.0,21930,None,IR3,Lvl,AllPub,Inside,Gtl,Gilbert,RRAn,Norm,1Fam,2Story,5,5,2005,2005,Gable,CompShg,VinylSd,VinylSd,None,0.0,Gd,TA,PConc,Gd,Gd,Av,Unf,0,Unf,0,732,732,GasA,Ex,SBrkr,734,1104,0,1838,0,0,2,1,4,1,TA,7,Typ,1,Gd,BuiltIn,2005.0,Fin,2,372,TA,TA,Y,100,40,0,0,0,0,None,0,7,2006,WD,Normal,False,False,True,False,True
1431,1431,1432,120,69.0,4928,None,IR1,Lvl,AllPub,Inside,Gtl,NPkVill,Norm,Norm,TwnhsE,1Story,6,6,1976,1976,Gable,CompShg,Plywood,Plywood,None,0.0,TA,TA,CBlock,Gd,TA,No,LwQ,958,Unf,0,0,958,GasA,TA,SBrkr,958,0,0,958,0,0,2,0,2,1,TA,5,Typ,0,None,Attchd,1976.0,RFn,2,440,TA,TA,Y,0,60,0,0,0,0,None,0,10,2009,WD,Normal,False,False,True,False,True
1432,1432,1433,30,60.0,10800,Grvl,Reg,Lvl,AllPub,Inside,Gtl,OldTown,Norm,Norm,1Fam,1Story,4,6,1927,2007,Gable,CompShg,Wd Sdng,Wd Sdng,None,0.0,TA,TA,BrkTil,TA,TA,No,Unf,0,Unf,0,656,656,GasA,TA,SBrkr,968,0,0,968,0,0,2,0,4,1,TA,5,Typ,0,None,Detchd,1928.0,Unf,1,216,Fa,Fa,Y,0,0,0,0,0,0,None,0,8,2007,WD,Normal,False,False,True,False,True
1433,1433,1434,60,93.0,10261,None,IR1,Lvl,AllPub,Inside,Gtl,Gilbert,Norm,Norm,1Fam,2Story,6,5,2000,2000,Gable,CompShg,VinylSd,VinylSd,BrkFace,318.0,TA,TA,PConc,Gd,TA,No,Unf,0,Unf,0,936,936,GasA,Ex,SBrkr,962,830,0,1792,1,0,2,1,3,1,TA,8,Typ,1,TA,Attchd,2000.0,Fin,2,451,TA,TA,Y,0,0,0,0,0,0,None,0,5,2008,WD,Normal,False,False,True,False,True
1434,1434,1435,20,80.0,17400,None,Reg,Low,AllPub,Inside,Mod,Mitchel,Norm,Norm,1Fam,1Story,5,5,1977,1977,Gable,CompShg,BrkFace,BrkFace,None,0.0,TA,TA,CBlock,TA,TA,No,ALQ,936,Unf,0,190,1126,GasA,Fa,SBrkr,1126,0,0,1126,1,0,2,0,3,1,TA,5,Typ,1,Gd,Attchd,1977.0,RFn,2,484,TA,TA,P,295,41,0,0,0,0,None,0,5,2006,WD,Normal,False,False,True,False,True
1435,1435,1436,20,80.0,8400,None,Reg,Lvl,AllPub,Inside,Gtl,NAmes,Norm,Norm,1Fam,1Story,6,9,1962,2005,Gable,CompShg,Wd Sdng,Wd Sdng,BrkFace,237.0,Gd,Gd,CBlock,TA,TA,No,Unf,0,Unf,0,1319,1319,GasA,TA,SBrkr,1537,0,0,1537,1,0,1,1,3,1,Gd,7,Typ,1,Gd,Attchd,1962.0,RFn,2,462,TA,TA,Y,0,36,0,0,0,0,GdPrv,0,7,2008,COD,Abnorml,False,False,True,False,True
1436,1436,1437,20,60.0,9000,None,Reg,Lvl,AllPub,FR2,Gtl,NAmes,Norm,Norm,1Fam,1Story,4,6,1971,1971,Gable,CompShg,HdBoard,HdBoard,None,0.0,TA,TA,PConc,TA,TA,No,ALQ,616,Unf,0,248,864,GasA,TA,SBrkr,864,0,0,864,0,0,1,0,3,1,TA,5,Typ,0,None,Detchd,1974.0,Unf,2,528,TA,TA,Y,0,0,0,0,0,0,GdWo,0,5,2007,WD,Normal,False,False,True,False,True
1437,1437,1438,20,96.0,12444,None,Reg,Lvl,AllPub,FR2,Gtl,NridgHt,Norm,Norm,1Fam,1Story,8,5,2008,2008,Hip,CompShg,VinylSd,VinylSd,Stone,426.0,Ex,TA,PConc,Ex,TA,Av,GLQ,1336,Unf,0,596,1932,GasA,Ex,SBrkr,1932,0,0,1932,1,0,2,0,2,1,Ex,7,Typ,1,Gd,Attchd,2008.0,Fin,3,774,TA,TA,Y,0,66,0,304,0,0,None,0,11,2008,New,Partial,False,False,True,False,True
1438,1438,1439,20,90.0,7407,None,Reg,Lvl,AllPub,Inside,Gtl,OldTown,Artery,Norm,1Fam,1Story,6,7,1957,1996,Gable,CompShg,MetalSd,MetalSd,None,0.0,TA,TA,CBlock,TA,TA,No,GLQ,600,Unf,0,312,912,GasA,TA,FuseA,1236,0,0,1236,1,0,1,0,2,1,TA,6,Typ,0,None,Attchd,1957.0,Unf,2,923,TA,TA,Y,0,158,158,0,0,0,MnPrv,0,4,2010,WD,Normal,False,False,False,True,True
1439,1439,1440,60,80.0,11584,None,Reg,Lvl,AllPub,Inside,Gtl,NWAmes,Norm,Norm,1Fam,SLvl,7,6,1979,1979,Hip,CompShg,HdBoard,HdBoard,BrkFace,96.0,TA,TA,CBlock,TA,TA,No,GLQ,315,Rec,110,114,539,GasA,TA,SBrkr,1040,685,0,1725,0,0,2,1,3,1,TA,6,Typ,1,TA,Attchd,1979.0,RFn,2,550,TA,TA,Y,0,88,216,0,0,0,None,0,11,2007,WD,Normal,False,False,True,False,True
1440,1440,1441,70,79.0,11526,None,IR1,Bnk,AllPub,Inside,Mod,Crawfor,Norm,Norm,1Fam,2.5Fin,6,7,1922,1994,Gable,CompShg,MetalSd,MetalSd,None,0.0,TA,TA,BrkTil,Ex,TA,No,Unf,0,Unf,0,588,588,GasA,Fa,SBrkr,1423,748,384,2555,0,0,2,0,3,1,TA,11,Min1,1,Gd,Detchd,1993.0,Fin,2,672,TA,TA,Y,431,0,0,0,0,0,None,0,9,2008,WD,Normal,False,False,True,False,True
1441,1441,1442,120,69.0,4426,None,Reg,Lvl,AllPub,Inside,Gtl,CollgCr,Norm,Norm,TwnhsE,1Story,6,5,2004,2004,Gable,CompShg,VinylSd,VinylSd,BrkFace,147.0,Gd,TA,PConc,Gd,TA,Av,GLQ,697,Unf,0,151,848,GasA,Ex,SBrkr,848,0,0,848,1,0,1,0,1,1,Gd,3,Typ,1,TA,Attchd,2004.0,RFn,2,420,TA,TA,Y,149,0,0,0,0,0,None,0,5,2008,WD,Normal,False,False,False,True,True
1442,1442,1443,60,85.0,11003,None,Reg,Lvl,AllPub,Inside,Gtl,Somerst,Norm,Norm,1Fam,2Story,10,5,2008,2008,Gable,CompShg,VinylSd,VinylSd,Stone,160.0,Ex,TA,PConc,Ex,TA,Av,GLQ,765,Unf,0,252,1017,GasA,Ex,SBrkr,1026,981,0,2007,1,0,2,1,3,1,Ex,10,Typ,1,Ex,Attchd,2008.0,Fin,3,812,TA,TA,Y,168,52,0,0,0,0,None,0,4,2009,WD,Normal,True,False,False,False,True
1443,1443,1444,30,69.0,8854,None,Reg,Lvl,AllPub,Inside,Gtl,BrkSide,Norm,Norm,1Fam,1.5Unf,6,6,1916,1950,Gable,CompShg,Wd Sdng,Wd Sdng,None,0.0,TA,TA,BrkTil,TA,TA,No,Unf,0,Unf,0,952,952,Grav,Fa,FuseF,952,0,0,952,0,0,1,0,2,1,Fa,4,Typ,1,Gd,Detchd,1916.0,Unf,1,192,Fa,Po,P,0,98,0,0,40,0,None,0,5,2009,WD,Normal,False,False,True,False,True
1444,1444,1445,20,63.0,8500,None,Reg,Lvl,AllPub,FR2,Gtl,CollgCr,Norm,Norm,1Fam,1Story,7,5,2004,2004,Gable,CompShg,VinylSd,VinylSd,BrkFace,106.0,Gd,TA,PConc,Gd,TA,Av,Unf,0,Unf,0,1422,1422,GasA,Ex,SBrkr,1422,0,0,1422,0,0,2,0,3,1,Gd,7,Typ,0,None,Attchd,2004.0,RFn,2,626,TA,TA,Y,192,60,0,0,0,0,None,0,11,2007,WD,Normal,False,False,True,False,True
1445,1445,1446,85,70.0,8400,None,Reg,Lvl,AllPub,Inside,Gtl,Sawyer,Norm,Norm,1Fam,SFoyer,6,5,1966,1966,Gable,CompShg,VinylSd,VinylSd,None,0.0,TA,TA,CBlock,TA,TA,Gd,LwQ,187,Rec,627,0,814,GasA,Gd,SBrkr,913,0,0,913,1,0,1,0,3,1,TA,6,Typ,0,None,Detchd,1990.0,Unf,1,240,TA,TA,Y,0,0,252,0,0,0,None,0,5,2007,WD,Normal,False,False,True,False,True
1446,1446,1447,20,69.0,26142,None,IR1,Lvl,AllPub,CulDSac,Gtl,Mitchel,Norm,Norm,1Fam,1Story,5,7,1962,1962,Gable,CompShg,HdBoard,HdBoard,BrkFace,189.0,TA,TA,CBlock,TA,TA,No,Rec,593,Unf,0,595,1188,GasA,TA,SBrkr,1188,0,0,1188,0,0,1,0,3,1,TA,6,Typ,0,None,Attchd,1962.0,Unf,1,312,TA,TA,P,261,39,0,0,0,0,None,0,4,2010,WD,Normal,False,False,True,False,True
1447,1447,1448,60,80.0,10000,None,Reg,Lvl,AllPub,Inside,Gtl,CollgCr,Norm,Norm,1Fam,2Story,8,5,1995,1996,Gable,CompShg,VinylSd,VinylSd,BrkFace,438.0,Gd,TA,PConc,Gd,TA,No,GLQ,1079,Unf,0,141,1220,GasA,Ex,SBrkr,1220,870,0,2090,1,0,2,1,3,1,Gd,8,Typ,1,TA,Attchd,1995.0,RFn,2,556,TA,TA,Y,0,65,0,0,0,0,None,0,12,2007,WD,Normal,False,False,True,False,True
1448,1448,1449,50,70.0,11767,None,Reg,Lvl,AllPub,Inside,Gtl,Edwards,Norm,Norm,1Fam,2Story,4,7,1910,2000,Gable,CompShg,MetalSd,HdBoard,None,0.0,TA,TA,CBlock,Fa,TA,No,Unf,0,Unf,0,560,560,GasA,Gd,SBrkr,796,550,0,1346,0,0,1,1,2,1,TA,6,Min2,0,None,Detchd,1950.0,Unf,1,384,Fa,TA,Y,168,24,0,0,0,0,GdWo,0,5,2007,WD,Normal,False,False,True,False,True
1449,1449,1450,180,21.0,1533,None,Reg,Lvl,AllPub,Inside,Gtl,MeadowV,Norm,Norm,Twnhs,SFoyer,5,7,1970,1970,Gable,CompShg,CemntBd,CmentBd,None,0.0,TA,TA,CBlock,Gd,TA,Av,GLQ,553,Unf,0,77,630,GasA,Ex,SBrkr,630,0,0,630,1,0,1,0,1,1,Ex,3,Typ,0,None,None,1980.0,None,0,0,None,None,Y,0,0,0,0,0,0,None,0,8,2006,WD,Abnorml,False,False,False,True,True
1450,1450,1451,90,60.0,9000,None,Reg,Lvl,AllPub,FR2,Gtl,NAmes,Norm,Norm,Duplex,2Story,5,5,1974,1974,Gable,CompShg,VinylSd,VinylSd,None,0.0,TA,TA,CBlock,Gd,TA,No,Unf,0,Unf,0,896,896,GasA,TA,SBrkr,896,896,0,1792,0,0,2,2,4,2,TA,8,Typ,0,None,None,1980.0,None,0,0,None,None,Y,32,45,0,0,0,0,None,0,9,2009,WD,Normal,False,False,True,False,True
1451,1451,1452,20,78.0,9262,None,Reg,Lvl,AllPub,Inside,Gtl,Somerst,Norm,Norm,1Fam,1Story,8,5,2008,2009,Gable,CompShg,CemntBd,CmentBd,Stone,194.0,Gd,TA,PConc,Gd,TA,No,Unf,0,Unf,0,1573,1573,GasA,Ex,SBrkr,1578,0,0,1578,0,0,2,0,3,1,Ex,7,Typ,1,Gd,Attchd,2008.0,Fin,3,840,TA,TA,Y,0,36,0,0,0,0,None,0,5,2009,New,Partial,False,False,True,False,True
1452,1452,1453,180,35.0,3675,None,Reg,Lvl,AllPub,Inside,Gtl,Edwards,Norm,Norm,TwnhsE,SLvl,5,5,2005,2005,Gable,CompShg,VinylSd,VinylSd,BrkFace,80.0,TA,TA,PConc,Gd,TA,Gd,GLQ,547,Unf,0,0,547,GasA,Gd,SBrkr,1072,0,0,1072,1,0,1,0,2,1,TA,5,Typ,0,None,Basment,2005.0,Fin,2,525,TA,TA,Y,0,28,0,0,0,0,None,0,5,2006,WD,Normal,False,False,False,True,True
1453,1453,1454,20,90.0,17217,None,Reg,Lvl,AllPub,Inside,Gtl,Mitchel,Norm,Norm,1Fam,1Story,5,5,2006,2006,Gable,CompShg,VinylSd,VinylSd,None,0.0,TA,TA,PConc,Gd,TA,No,Unf,0,Unf,0,1140,1140,GasA,Ex,SBrkr,1140,0,0,1140,0,0,1,0,3,1,TA,6,Typ,0,None,None,1980.0,None,0,0,None,None,Y,36,56,0,0,0,0,None,0,7,2006,WD,Abnorml,False,False,True,False,True
1454,1454,1455,20,62.0,7500,Pave,Reg,Lvl,AllPub,Inside,Gtl,Somerst,Norm,Norm,1Fam,1Story,7,5,2004,2005,Gable,CompShg,VinylSd,VinylSd,None,0.0,Gd,TA,PConc,Gd,TA,No,GLQ,410,Unf,0,811,1221,GasA,Ex,SBrkr,1221,0,0,1221,1,0,2,0,2,1,Gd,6,Typ,0,None,Attchd,2004.0,RFn,2,400,TA,TA,Y,0,113,0,0,0,0,None,0,10,2009,WD,Normal,True,False,False,False,True
1455,1455,1456,60,62.0,7917,None,Reg,Lvl,AllPub,Inside,Gtl,Gilbert,Norm,Norm,1Fam,2Story,6,5,1999,2000,Gable,CompShg,VinylSd,VinylSd,None,0.0,TA,TA,PConc,Gd,TA,No,Unf,0,Unf,0,953,953,GasA,Ex,SBrkr,953,694,0,1647,0,0,2,1,3,1,TA,7,Typ,1,TA,Attchd,1999.0,RFn,2,460,TA,TA,Y,0,40,0,0,0,0,None,0,8,2007,WD,Normal,False,False,True,False,True
1456,1456,1457,20,85.0,13175,None,Reg,Lvl,AllPub,Inside,Gtl,NWAmes,Norm,Norm,1Fam,1Story,6,6,1978,1988,Gable,CompShg,Plywood,Plywood,Stone,119.0,TA,TA,CBlock,Gd,TA,No,ALQ,790,Rec,163,589,1542,GasA,TA,SBrkr,2073,0,0,2073,1,0,2,0,3,1,TA,7,Min1,2,TA,Attchd,1978.0,Unf,2,500,TA,TA,Y,349,0,0,0,0,0,MnPrv,0,2,2010,WD,Normal,False,False,True,False,True
1457,1457,1458,70,66.0,9042,None,Reg,Lvl,AllPub,Inside,Gtl,Crawfor,Norm,Norm,1Fam,2Story,7,9,1941,2006,Gable,CompShg,CemntBd,CmentBd,None,0.0,Ex,Gd,Stone,TA,Gd,No,GLQ,275,Unf,0,877,1152,GasA,Ex,SBrkr,1188,1152,0,2340,0,0,2,0,4,1,Gd,9,Typ,2,Gd,Attchd,1941.0,RFn,1,252,TA,TA,Y,0,60,0,0,0,0,GdPrv,2500,5,2010,WD,Normal,False,False,True,False,True
1458,1458,1459,20,68.0,9717,None,Reg,Lvl,AllPub,Inside,Gtl,NAmes,Norm,Norm,1Fam,1Story,5,6,1950,1996,Hip,CompShg,MetalSd,MetalSd,None,0.0,TA,TA,CBlock,TA,TA,Mn,GLQ,49,Rec,1029,0,1078,GasA,Gd,FuseA,1078,0,0,1078,1,0,1,0,2,1,Gd,5,Typ,0,None,Attchd,1950.0,Unf,1,240,TA,TA,Y,366,0,112,0,0,0,None,0,4,2010,WD,Normal,False,False,True,False,True
1459,1459,1460,20,75.0,9937,None,Reg,Lvl,AllPub,Inside,Gtl,Edwards,Norm,Norm,1Fam,1Story,5,6,1965,1965,Gable,CompShg,HdBoard,HdBoard,None,0.0,Gd,TA,CBlock,TA,TA,No,BLQ,830,LwQ,290,136,1256,GasA,Gd,SBrkr,1256,0,0,1256,1,0,1,1,3,1,TA,6,Typ,0,None,Attchd,1965.0,Fin,1,276,TA,TA,Y,736,68,0,0,0,0,None,0,6,2008,WD,Normal,False,False,True,False,True
