,Unnamed: 0,MSSubClass,MSZoning,LotFrontage,LotArea,Street,Alley,LotShape,LandContour,Utilities,LotConfig,LandSlope,Neighborhood,Condition1,Condition2,BldgType,HouseStyle,OverallQual,OverallCond,YearBuilt,YearRemodAdd,RoofStyle,RoofMatl,Exterior1st,Exterior2nd,MasVnrType,MasVnrArea,ExterQual,ExterCond,Foundation,BsmtQual,BsmtCond,BsmtExposure,BsmtFinType1,BsmtFinSF1,BsmtFinType2,BsmtFinSF2,BsmtUnfSF,TotalBsmtSF,Heating,HeatingQC,Electrical,1stFlrSF,2ndFlrSF,LowQualFinSF,GrLivArea,BsmtFullBath,BsmtHalfBath,FullBath,HalfBath,BedroomAbvGr,KitchenAbvGr,KitchenQual,TotRmsAbvGrd,Functional,Fireplaces,FireplaceQu,GarageType,GarageYrBlt,GarageFinish,GarageCars,GarageArea,GarageQual,GarageCond,PavedDrive,WoodDeckSF,OpenPorchSF,EnclosedPorch,3SsnPorch,ScreenPorch,PoolArea,PoolQC,Fence,MiscFeature,MiscVal,MoSold,YrSold,SaleType,SaleCondition,SalePrice,PriceCategory
135,135,20,RL,80.0,10400,Pave,None,Reg,Lvl,AllPub,Inside,Gtl,NWAmes,Norm,Norm,1Fam,1Story,7,6,1970,1970,Hip,CompShg,Plywood,Plywood,BrkFace,288.0,TA,TA,PConc,TA,TA,No,Unf,0,Unf,0,1304,1304,GasA,Gd,SBrkr,1682,0,0,1682,0,0,2,0,3,1,TA,7,Typ,1,Gd,Attchd,1970.0,Unf,2,530,TA,TA,Y,98,0,0,0,0,0,,MnPrv,,0,5,2008,WD,Normal,174000,1
1452,1452,180,RM,35.0,3675,Pave,None,Reg,Lvl,AllPub,Inside,Gtl,Edwards,Norm,Norm,TwnhsE,SLvl,5,5,2005,2005,Gable,CompShg,VinylSd,VinylSd,BrkFace,80.0,TA,TA,PConc,Gd,TA,Gd,GLQ,547,Unf,0,0,547,GasA,Gd,SBrkr,1072,0,0,1072,1,0,1,0,2,1,TA,5,Typ,0,None,Basment,2005.0,Fin,2,525,TA,TA,Y,0,28,0,0,0,0,,None,,0,5,2006,WD,Normal,145000,1
762,762,60,FV,72.0,8640,Pave,None,Reg,Lvl,AllPub,Inside,Gtl,Somerst,Norm,Norm,1Fam,2Story,7,5,2009,2009,Gable,CompShg,VinylSd,VinylSd,None,0.0,TA,TA,PConc,Gd,TA,Mn,GLQ,24,Unf,0,732,756,GasA,Ex,SBrkr,764,783,0,1547,0,0,2,1,3,1,Gd,7,Typ,0,None,Attchd,2009.0,Unf,2,614,TA,TA,Y,169,45,0,0,0,0,,None,,0,6,2010,Con,Normal,215200,2
932,932,20,RL,84.0,11670,Pave,None,IR1,Lvl,AllPub,Corner,Gtl,Somerst,RRNn,Norm,1Fam,1Story,9,5,2006,2006,Hip,CompShg,VinylSd,ImStucc,Stone,302.0,Ex,TA,PConc,Ex,Gd,No,Unf,0,Unf,0,1905,1905,GasA,Ex,SBrkr,1905,0,0,1905,0,0,2,0,3,1,Ex,8,Typ,1,Gd,Attchd,2006.0,Fin,3,788,TA,TA,Y,0,191,0,0,0,0,,None,,0,3,2007,WD,Normal,320000,2
435,435,60,RL,43.0,10667,Pave,None,IR2,Lvl,AllPub,CulDSac,Gtl,CollgCr,PosN,Norm,1Fam,2Story,7,6,1996,1996,Gable,CompShg,VinylSd,VinylSd,None,0.0,Gd,TA,PConc,Gd,TA,Av,GLQ,385,ALQ,344,70,799,GasA,Ex,SBrkr,827,834,0,1661,1,0,2,1,3,1,Gd,6,Typ,1,TA,Attchd,1996.0,RFn,2,550,TA,TA,Y,158,61,0,0,0,0,,None,,0,4,2009,ConLw,Normal,212000,2
629,629,80,RL,82.0,9020,Pave,None,Reg,Lvl,AllPub,Corner,Gtl,NAmes,Feedr,Norm,1Fam,SLvl,6,5,1964,1964,Gable,WdShngl,Plywood,Wd Sdng,BrkFace,259.0,TA,TA,CBlock,TA,TA,Gd,GLQ,624,Rec,336,288,1248,GasA,TA,SBrkr,1350,0,0,1350,1,0,1,1,3,1,TA,6,Typ,0,None,Attchd,1964.0,RFn,2,520,TA,TA,Y,176,0,0,0,0,0,,GdPrv,,0,6,2008,WD,Normal,168500,1
1210,1210,60,RL,70.0,11218,Pave,None,Reg,Lvl,AllPub,Inside,Gtl,SawyerW,Norm,Norm,1Fam,2Story,6,5,1992,1992,Gable,CompShg,Wd Sdng,Wd Sdng,None,0.0,Gd,TA,PConc,Gd,TA,No,Unf,0,Unf,0,1055,1055,GasA,Ex,SBrkr,1055,790,0,1845,0,0,2,1,3,1,Gd,8,Typ,1,TA,Attchd,1992.0,RFn,2,462,TA,TA,Y,635,104,0,0,0,0,,GdPrv,Shed,400,5,2010,WD,Normal,189000,1
1118,1118,80,RL,85.0,13825,Pave,None,Reg,Lvl,AllPub,Inside,Gtl,Sawyer,Norm,Norm,1Fam,SLvl,5,6,1958,1987,Gable,CompShg,MetalSd,MetalSd,None,0.0,TA,Gd,CBlock,TA,TA,No,Unf,0,Unf,0,533,533,GasA,TA,SBrkr,1021,580,0,1601,0,1,1,0,3,1,TA,6,Min2,0,None,BuiltIn,1958.0,RFn,1,300,TA,TA,Y,280,34,0,0,0,0,,None,,0,12,2008,WD,Normal,140000,1
1084,1084,60,RL,69.0,13031,Pave,None,IR2,Lvl,AllPub,Corner,Gtl,Gilbert,Norm,Norm,1Fam,2Story,6,5,1995,1996,Gable,CompShg,HdBoard,HdBoard,None,0.0,TA,TA,PConc,Gd,TA,No,ALQ,592,Unf,0,99,691,GasA,Gd,SBrkr,691,807,0,1498,0,0,2,1,3,1,TA,6,Typ,1,TA,Attchd,1995.0,Fin,2,409,TA,TA,Y,315,44,0,0,0,0,,None,,0,7,2006,WD,Normal,187500,1
158,158,60,FV,100.0,12552,Pave,None,Reg,Lvl,AllPub,Corner,Gtl,Somerst,Norm,Norm,1Fam,2Story,7,5,2004,2005,Gable,CompShg,VinylSd,VinylSd,None,0.0,Gd,TA,PConc,Gd,TA,No,GLQ,222,Unf,0,769,991,GasA,Ex,SBrkr,991,956,0,1947,0,0,2,1,3,1,Gd,8,Typ,1,Gd,Attchd,2004.0,RFn,2,678,TA,TA,Y,0,136,0,0,0,0,,GdWo,,0,5,2010,WD,Normal,254900,2
967,967,20,RL,69.0,7390,Pave,None,IR1,Lvl,AllPub,Inside,Gtl,NAmes,Norm,Norm,1Fam,1Story,5,7,1955,1955,Hip,CompShg,Wd Sdng,Wd Sdng,BrkFace,151.0,TA,TA,CBlock,TA,TA,No,ALQ,902,Unf,0,196,1098,GasA,TA,SBrkr,1098,0,0,1098,1,0,1,0,3,1,TA,6,Typ,0,None,Attchd,1955.0,Unf,1,260,TA,TA,Y,0,0,0,0,0,0,,None,,0,7,2008,WD,Normal,135000,0
1259,1259,20,RL,65.0,9750,Pave,None,Reg,Lvl,AllPub,FR2,Gtl,NAmes,Norm,Norm,1Fam,1Story,6,8,1969,1969,Gable,CompShg,HdBoard,HdBoard,None,0.0,TA,TA,CBlock,Gd,TA,No,ALQ,602,LwQ,438,14,1054,GasA,Gd,SBrkr,1054,0,0,1054,1,0,1,1,3,1,TA,6,Typ,0,None,Attchd,1969.0,Unf,2,460,TA,TA,Y,180,0,0,0,80,0,,None,,0,7,2008,WD,Normal,151000,1
551,551,20,RM,50.0,6000,Pave,None,Reg,Lvl,AllPub,Inside,Gtl,OldTown,Norm,Norm,1Fam,1Story,5,6,1957,1957,Hip,CompShg,BrkFace,BrkFace,None,0.0,TA,TA,CBlock,TA,TA,No,Rec,308,Unf,0,620,928,GasA,Gd,FuseA,928,0,0,928,0,0,1,0,3,1,TA,5,Typ,0,None,Attchd,1957.0,Fin,1,288,TA,TA,Y,0,0,0,0,0,0,,None,,0,6,2008,WD,Normal,112500,0
497,497,50,RL,60.0,9120,Pave,Pave,Reg,Lvl,AllPub,Inside,Gtl,BrkSide,Norm,Norm,1Fam,1.5Fin,7,6,1925,1950,Gable,CompShg,Wd Sdng,Wd Sdng,None,0.0,TA,Gd,PConc,TA,TA,No,Rec,329,Unf,0,697,1026,GasA,Ex,SBrkr,1133,687,0,1820,1,0,2,0,4,1,TA,8,Typ,0,None,Detchd,1925.0,Unf,1,240,TA,TA,N,0,100,0,0,0,0,,GdPrv,,0,6,2008,WD,Normal,184000,1
1031,1031,75,RL,102.0,15863,Pave,None,Reg,Lvl,AllPub,Corner,Gtl,SWISU,Norm,Norm,1Fam,2.5Fin,7,3,1920,1970,Gable,CompShg,Wd Sdng,Plywood,None,0.0,TA,TA,BrkTil,TA,TA,No,GLQ,523,Unf,0,301,824,GasA,Ex,SBrkr,1687,998,397,3082,1,0,2,1,5,1,TA,12,Typ,2,TA,Basment,1970.0,Fin,2,672,TA,TA,Y,136,63,0,0,0,0,,None,,0,8,2009,WD,Normal,197000,2
1262,1262,50,RL,69.0,11250,Pave,None,Reg,Lvl,AllPub,Inside,Gtl,ClearCr,Norm,Norm,1Fam,1.5Fin,4,5,1957,1989,Gable,CompShg,Wd Sdng,Wd Sdng,None,0.0,TA,TA,CBlock,TA,TA,Av,Unf,0,Unf,0,1104,1104,GasA,Ex,FuseA,1104,684,0,1788,1,0,1,0,5,1,TA,8,Min2,2,TA,Attchd,1957.0,Unf,1,304,TA,TA,Y,120,0,0,0,0,0,,None,,0,11,2009,WD,Normal,161500,1
1013,1013,30,RM,60.0,7200,Pave,None,Reg,Lvl,AllPub,Inside,Gtl,OldTown,Norm,Norm,1Fam,1Story,5,4,1910,2006,Hip,CompShg,MetalSd,Stucco,None,0.0,TA,TA,BrkTil,TA,TA,No,ALQ,247,Rec,465,310,1022,GasW,TA,SBrkr,1022,0,0,1022,1,0,1,0,2,1,TA,4,Maj2,0,None,Detchd,1956.0,Unf,1,280,TA,TA,Y,0,30,226,0,0,0,,None,,0,6,2009,WD,Normal,85000,0
1311,1311,20,RL,68.0,8814,Pave,None,Reg,Lvl,AllPub,Inside,Gtl,CollgCr,Norm,Norm,1Fam,1Story,7,5,2005,2007,Gable,CompShg,VinylSd,VinylSd,BrkFace,80.0,Gd,TA,PConc,Gd,TA,No,GLQ,925,Unf,0,349,1274,GasA,Ex,SBrkr,1274,0,0,1274,1,0,2,0,3,1,Gd,6,Typ,0,None,Attchd,2005.0,RFn,2,508,TA,TA,Y,264,98,0,0,0,0,,None,,0,1,2007,New,Partial,203000,2
566,566,60,RL,77.0,11198,Pave,None,IR1,Lvl,AllPub,Inside,Gtl,StoneBr,Norm,Norm,1Fam,2Story,9,5,2005,2007,Hip,CompShg,VinylSd,VinylSd,BrkFace,245.0,Gd,TA,PConc,Gd,Gd,No,Unf,0,Unf,0,1122,1122,GasA,Ex,SBrkr,1134,1370,0,2504,0,0,2,1,4,1,Ex,11,Typ,1,Gd,BuiltIn,2005.0,Fin,3,656,TA,TA,Y,144,39,0,0,0,0,,None,,0,6,2008,WD,Normal,325000,2
610,610,60,RL,69.0,11050,Pave,None,Reg,Lvl,AllPub,Inside,Gtl,CollgCr,PosN,Norm,1Fam,2Story,9,5,2000,2000,Hip,CompShg,VinylSd,VinylSd,BrkFace,204.0,Gd,TA,PConc,Ex,TA,Mn,GLQ,904,Unf,0,536,1440,GasA,Ex,SBrkr,1476,677,0,2153,1,0,2,1,3,1,Ex,8,Typ,2,Ex,Attchd,2000.0,Fin,3,736,TA,TA,Y,253,142,0,0,0,0,,None,,0,5,2009,WD,Normal,313000,2
1278,1278,60,RL,75.0,9473,Pave,None,Reg,Lvl,AllPub,Inside,Gtl,CollgCr,Norm,Norm,1Fam,2Story,8,5,2002,2002,Gable,CompShg,VinylSd,VinylSd,None,0.0,Gd,TA,PConc,Gd,TA,No,GLQ,804,Unf,0,324,1128,GasA,Ex,SBrkr,1128,903,0,2031,1,0,2,1,3,1,Gd,7,Typ,1,Gd,Attchd,2002.0,RFn,2,577,TA,TA,Y,0,211,0,0,0,0,,None,,0,3,2008,WD,Normal,237000,2
1263,1263,70,RL,60.0,13515,Pave,Pave,Reg,Lvl,AllPub,Inside,Gtl,BrkSide,Norm,Norm,1Fam,2Story,6,6,1919,1950,Gambrel,CompShg,Wd Sdng,Wd Sdng,None,0.0,TA,TA,PConc,TA,TA,No,Unf,0,Unf,0,764,764,GasA,Ex,FuseA,1060,764,0,1824,0,0,1,0,3,1,TA,8,Typ,1,Gd,Detchd,1940.0,Unf,2,520,TA,TA,N,0,0,126,0,0,0,,GdPrv,,0,7,2007,WD,Normal,180500,1
816,816,20,RL,69.0,11425,Pave,None,IR1,Lvl,AllPub,Corner,Gtl,NAmes,Norm,Norm,1Fam,1Story,5,6,1954,1954,Gable,CompShg,BrkFace,BrkFace,None,0.0,TA,TA,CBlock,TA,TA,No,BLQ,486,Unf,0,522,1008,GasA,Gd,SBrkr,1008,0,0,1008,0,0,1,0,2,1,TA,4,Typ,1,Gd,Attchd,1954.0,RFn,1,275,TA,TA,Y,0,0,120,0,0,0,,None,,0,7,2006,WD,Normal,137000,0
438,438,30,RL,40.0,4280,Pave,None,Reg,Lvl,AllPub,Inside,Gtl,Crawfor,Norm,Norm,1Fam,1Story,5,6,1913,2002,Gable,CompShg,WdShing,Stucco,None,0.0,TA,TA,PConc,TA,TA,No,LwQ,365,Unf,0,75,440,GasA,TA,SBrkr,694,0,0,694,0,0,1,0,2,1,Gd,4,Typ,1,Gd,Detchd,1990.0,Unf,1,352,Gd,TA,P,0,0,34,0,0,0,,MnPrv,,0,3,2007,WD,Normal,90350,0
940,940,90,RL,55.0,12640,Pave,None,IR1,Lvl,AllPub,Inside,Gtl,Mitchel,Norm,Norm,Duplex,1Story,6,5,1976,1976,Gable,CompShg,Plywood,Plywood,None,0.0,TA,TA,CBlock,TA,TA,Gd,Rec,936,LwQ,396,396,1728,GasA,TA,SBrkr,1728,0,0,1728,0,0,2,0,4,2,TA,8,Typ,0,None,Attchd,1976.0,Unf,2,574,TA,TA,Y,40,0,0,0,0,0,,None,,0,7,2006,WD,Normal,150900,1
96,96,20,RL,78.0,10264,Pave,None,IR1,Lvl,AllPub,Inside,Gtl,CollgCr,Norm,Norm,1Fam,1Story,7,5,1999,1999,Gable,CompShg,VinylSd,VinylSd,BrkFace,183.0,Gd,TA,PConc,Gd,TA,Av,ALQ,1162,Unf,0,426,1588,GasA,Ex,SBrkr,1588,0,0,1588,0,0,2,0,3,1,Gd,6,Typ,0,None,Attchd,1999.0,RFn,2,472,TA,TA,Y,158,29,0,0,0,0,,None,,0,8,2006,WD,Normal,214000,2
560,560,20,RL,69.0,11341,Pave,None,IR1,Lvl,AllPub,Inside,Gtl,Sawyer,Norm,Norm,1Fam,1Story,5,6,1957,1996,Hip,CompShg,Wd Sdng,Wd Sdng,BrkFace,180.0,TA,TA,CBlock,Gd,TA,No,ALQ,1302,Unf,0,90,1392,GasA,TA,SBrkr,1392,0,0,1392,1,0,1,1,3,1,TA,5,Mod,1,Gd,Detchd,1957.0,Unf,2,528,TA,TA,Y,0,0,0,0,95,0,,None,,0,5,2010,WD,Normal,121500,0
1182,1182,60,RL,160.0,15623,Pave,None,IR1,Lvl,AllPub,Corner,Gtl,NoRidge,Norm,Norm,1Fam,2Story,10,5,1996,1996,Hip,CompShg,Wd Sdng,ImStucc,None,0.0,Gd,TA,PConc,Ex,TA,Av,GLQ,2096,Unf,0,300,2396,GasA,Ex,SBrkr,2411,2065,0,4476,1,0,3,1,4,1,Ex,10,Typ,2,TA,Attchd,1996.0,Fin,3,813,TA,TA,Y,171,78,0,0,0,555,Ex,MnPrv,,0,7,2007,WD,Abnorml,745000,2
471,471,60,RL,92.0,11952,Pave,None,Reg,Lvl,AllPub,Inside,Gtl,NWAmes,PosA,Norm,1Fam,2Story,7,6,1977,1977,Mansard,WdShake,WdShing,Plywood,None,0.0,TA,TA,CBlock,Gd,TA,No,Unf,0,Unf,0,808,808,GasA,TA,SBrkr,1161,808,0,1969,0,0,2,1,3,1,TA,8,Typ,1,Gd,Attchd,1977.0,RFn,2,534,TA,TA,Y,0,0,0,0,276,0,,None,,0,11,2007,WD,Normal,190000,2
1004,1004,120,RL,43.0,3182,Pave,None,Reg,Lvl,AllPub,Inside,Gtl,Blmngtn,Norm,Norm,TwnhsE,1Story,7,5,2005,2006,Gable,CompShg,VinylSd,VinylSd,BrkFace,16.0,Gd,TA,PConc,Gd,TA,No,GLQ,16,Unf,0,1330,1346,GasA,Ex,SBrkr,1504,0,0,1504,0,0,2,0,1,1,Gd,7,Typ,1,Gd,Attchd,2005.0,Fin,2,457,TA,TA,Y,156,0,0,0,0,0,,None,,0,5,2009,WD,Normal,181000,1
410,410,20,RL,68.0,9571,Pave,None,Reg,Lvl,AllPub,Inside,Gtl,Edwards,Norm,Norm,1Fam,1Story,5,3,1958,1958,Gable,CompShg,BrkComm,Brk Cmn,None,0.0,TA,Fa,CBlock,TA,Fa,No,Unf,0,Unf,0,1276,1276,GasA,TA,FuseA,1276,0,0,1276,0,0,1,0,3,1,TA,5,Mod,0,None,Attchd,1958.0,Unf,1,350,TA,TA,Y,0,0,0,0,0,0,,None,,0,6,2009,COD,Abnorml,60000,0
963,963,20,RL,122.0,11923,Pave,None,IR1,Lvl,AllPub,Corner,Gtl,CollgCr,Norm,Norm,1Fam,1Story,9,5,2007,2007,Gable,CompShg,VinylSd,VinylSd,None,0.0,Gd,TA,PConc,Ex,TA,No,Unf,0,Unf,0,1800,1800,GasA,Ex,SBrkr,1800,0,0,1800,0,0,2,0,2,1,Ex,7,Typ,0,None,Attchd,2007.0,Fin,2,702,TA,TA,Y,288,136,0,0,0,0,,None,,0,5,2009,WD,Normal,239000,2
582,582,90,RL,81.0,11841,Grvl,None,Reg,Lvl,AllPub,Inside,Gtl,Edwards,Norm,Norm,Duplex,SFoyer,6,5,1990,1990,Gable,CompShg,HdBoard,HdBoard,BrkFace,104.0,TA,Gd,CBlock,Gd,TA,Av,GLQ,816,Unf,0,0,816,GasA,TA,SBrkr,816,0,0,816,1,0,1,0,3,1,TA,5,Typ,0,None,None,1980.0,None,0,0,None,None,Y,0,32,0,0,0,0,,None,,0,5,2007,WD,Normal,118500,0
156,156,20,RL,60.0,7200,Pave,None,Reg,Lvl,AllPub,Inside,Gtl,NAmes,Norm,Norm,1Fam,1Story,5,7,1950,1950,Hip,CompShg,Wd Sdng,Wd Sdng,None,0.0,TA,TA,CBlock,None,None,None,None,0,None,0,0,0,GasA,TA,FuseF,1040,0,0,1040,0,0,1,0,2,1,TA,5,Typ,0,None,Detchd,1950.0,Unf,2,625,TA,TA,Y,0,0,0,0,0,0,,None,,0,6,2006,WD,Normal,109500,0
594,594,20,RL,88.0,7990,Pave,None,IR1,Lvl,AllPub,Inside,Gtl,CollgCr,Norm,Norm,1Fam,1Story,5,6,1975,1975,Hip,CompShg,HdBoard,HdBoard,None,0.0,TA,TA,CBlock,Gd,TA,No,Unf,0,Unf,0,924,924,GasA,TA,SBrkr,924,0,0,924,0,0,1,0,3,1,TA,5,Typ,0,None,Detchd,1981.0,Unf,1,280,TA,TA,Y,0,0,0,0,0,0,,MnPrv,,0,4,2008,WD,Normal,110000,0
617,617,45,RL,59.0,7227,Pave,None,Reg,HLS,AllPub,Corner,Mod,NAmes,Artery,Norm,1Fam,1.5Unf,6,6,1954,1954,Gable,CompShg,MetalSd,MetalSd,None,0.0,TA,TA,CBlock,TA,TA,No,Unf,0,Unf,0,832,832,GasA,Gd,SBrkr,832,0,0,832,0,0,1,0,2,1,Gd,4,Typ,0,None,Detchd,1962.0,Unf,2,528,TA,TA,Y,0,0,0,0,0,0,,None,,0,6,2008,WD,Normal,105500,0
447,447,60,RL,69.0,11214,Pave,None,IR1,Lvl,AllPub,Corner,Gtl,Gilbert,Norm,Norm,1Fam,2Story,7,5,1998,1999,Gable,CompShg,VinylSd,VinylSd,None,0.0,Gd,TA,PConc,Gd,TA,No,Unf,0,Unf,0,930,930,GasA,Gd,SBrkr,956,930,0,1886,0,0,2,1,4,1,Gd,10,Typ,1,TA,Attchd,1998.0,Fin,2,431,TA,TA,Y,89,0,0,0,0,0,,None,,0,7,2006,WD,Normal,199900,2
1205,1205,20,RL,90.0,14684,Pave,None,IR1,Lvl,AllPub,CulDSac,Gtl,SawyerW,Norm,Norm,1Fam,1Story,7,7,1990,1991,Hip,CompShg,HdBoard,HdBoard,BrkFace,234.0,Gd,TA,CBlock,Gd,TA,Mn,ALQ,485,BLQ,177,1496,2158,GasA,Gd,SBrkr,2196,0,0,2196,0,0,2,0,3,1,Gd,7,Typ,1,TA,Attchd,1990.0,RFn,3,701,TA,TA,Y,84,70,0,0,0,0,,None,,0,6,2009,WD,Normal,271900,2
861,861,190,RL,75.0,11625,Pave,None,Reg,Lvl,AllPub,Inside,Gtl,Sawyer,Norm,Norm,2fmCon,1Story,5,4,1965,1965,Hip,CompShg,Plywood,HdBoard,None,0.0,TA,TA,PConc,TA,TA,Mn,BLQ,841,Unf,0,198,1039,GasA,Ex,SBrkr,1039,0,0,1039,1,0,1,1,3,1,TA,6,Typ,0,None,Attchd,1965.0,Unf,2,504,TA,TA,Y,0,0,0,0,0,0,,None,,0,4,2010,WD,Normal,131500,0
1010,1010,50,RL,115.0,21286,Pave,None,Reg,Lvl,AllPub,Inside,Gtl,Sawyer,Norm,Norm,1Fam,1.5Fin,5,5,1948,1950,Gable,CompShg,Wd Sdng,Wd Sdng,None,0.0,TA,TA,CBlock,TA,TA,No,Unf,0,Unf,0,720,720,GasA,TA,SBrkr,720,551,0,1271,0,0,2,0,4,1,TA,7,Typ,1,Gd,Attchd,1948.0,Unf,1,312,TA,TA,Y,0,0,108,0,0,0,,None,,0,8,2008,WD,Normal,135000,0
390,390,50,RL,50.0,8405,Pave,Grvl,Reg,Lvl,AllPub,Inside,Gtl,Edwards,Norm,Norm,1Fam,1.5Fin,5,8,1900,1950,Gable,CompShg,MetalSd,MetalSd,None,0.0,TA,TA,BrkTil,TA,Gd,No,Rec,241,BLQ,391,229,861,GasA,Ex,SBrkr,961,406,0,1367,1,0,1,0,4,1,TA,7,Typ,0,None,Detchd,1978.0,Unf,1,384,TA,TA,Y,0,130,112,0,0,0,,MnPrv,,0,4,2008,WD,Normal,119000,0
1409,1409,60,RL,46.0,20544,Pave,None,IR1,Lvl,AllPub,CulDSac,Gtl,NWAmes,Norm,Norm,1Fam,2Story,7,6,1986,1991,Gable,CompShg,Plywood,Plywood,BrkFace,123.0,TA,Gd,CBlock,Gd,TA,No,Unf,0,Unf,0,791,791,GasA,Gd,SBrkr,1236,857,0,2093,0,0,2,1,3,1,TA,7,Typ,1,TA,Attchd,1986.0,Fin,2,542,TA,TA,Y,364,63,0,0,0,0,,MnPrv,,0,11,2008,WD,Normal,215000,2
847,847,20,RL,36.0,15523,Pave,None,IR1,Lvl,AllPub,CulDSac,Gtl,CollgCr,Norm,Norm,1Fam,1Story,5,6,1972,1972,Gable,CompShg,HdBoard,Plywood,None,0.0,TA,TA,CBlock,TA,TA,Av,BLQ,460,Unf,0,404,864,GasA,Ex,SBrkr,864,0,0,864,1,0,1,0,3,1,TA,5,Typ,1,Fa,Attchd,1972.0,Unf,1,338,TA,TA,Y,0,0,0,0,0,0,,None,,0,8,2009,WD,Normal,133500,0
1284,1284,50,RL,50.0,9638,Pave,None,Reg,Lvl,AllPub,Inside,Gtl,SWISU,Feedr,Norm,1Fam,1.5Fin,6,7,1919,1990,Gable,CompShg,Wd Sdng,Wd Shng,None,0.0,TA,TA,PConc,TA,TA,No,Unf,0,Unf,0,804,804,GasA,Ex,SBrkr,1699,748,0,2447,0,0,2,0,4,1,Gd,10,Min2,1,Gd,Detchd,1969.0,Unf,1,336,TA,TA,Y,272,0,42,0,116,0,,None,,0,3,2010,WD,Normal,169000,1
615,615,85,RL,80.0,8800,Pave,None,Reg,Lvl,AllPub,Inside,Gtl,NAmes,Feedr,Norm,1Fam,SFoyer,6,7,1963,1963,Gable,CompShg,MetalSd,MetalSd,BrkFace,156.0,TA,Gd,PConc,TA,TA,Gd,GLQ,763,Unf,0,173,936,GasA,Ex,SBrkr,1054,0,0,1054,1,0,1,0,3,1,Gd,6,Typ,0,None,Attchd,1963.0,RFn,2,480,TA,TA,Y,120,0,0,0,0,0,,MnPrv,,0,5,2010,WD,Abnorml,137500,0
613,613,20,RL,70.0,8402,Pave,None,Reg,Lvl,AllPub,Inside,Gtl,Mitchel,Feedr,Norm,1Fam,1Story,5,5,2007,2007,Gable,CompShg,VinylSd,VinylSd,None,0.0,TA,TA,PConc,Gd,TA,No,ALQ,206,Unf,0,914,1120,GasA,Ex,SBrkr,1120,0,0,1120,0,0,1,0,3,1,TA,6,Typ,0,None,None,1980.0,None,0,0,None,None,Y,0,30,0,0,0,0,,None,,0,12,2007,New,Partial,147000,1
1303,1303,20,RL,73.0,8688,Pave,None,Reg,Lvl,AllPub,Inside,Gtl,Somerst,Norm,Norm,1Fam,1Story,7,5,2005,2005,Gable,CompShg,VinylSd,VinylSd,BrkFace,228.0,Gd,TA,PConc,Gd,TA,Av,Unf,0,Unf,0,1616,1616,GasA,Ex,SBrkr,1616,0,0,1616,0,0,2,0,3,1,Gd,7,Typ,0,None,Attchd,2005.0,RFn,3,834,TA,TA,Y,208,59,0,0,0,0,,None,,0,4,2006,WD,Normal,232000,2
486,486,20,RL,79.0,10289,Pave,None,Reg,Lvl,AllPub,Inside,Gtl,NAmes,Norm,Norm,1Fam,1Story,5,7,1965,1965,Hip,CompShg,MetalSd,MetalSd,BrkFace,168.0,TA,TA,CBlock,TA,TA,No,ALQ,836,Unf,0,237,1073,GasA,TA,SBrkr,1073,0,0,1073,1,0,1,1,3,1,TA,6,Typ,0,None,Attchd,1965.0,RFn,2,515,TA,TA,Y,0,0,0,0,0,0,,None,,0,6,2007,WD,Normal,156000,1
561,561,20,RL,77.0,10010,Pave,None,Reg,Lvl,AllPub,Inside,Mod,Mitchel,Norm,Norm,1Fam,1Story,5,5,1974,1975,Gable,CompShg,HdBoard,HdBoard,None,0.0,TA,TA,CBlock,Gd,TA,Av,ALQ,1071,LwQ,123,195,1389,GasA,Gd,SBrkr,1389,0,0,1389,1,0,1,0,2,1,TA,6,Typ,1,TA,Attchd,1975.0,RFn,2,418,TA,TA,Y,240,38,0,0,0,0,,None,,0,4,2006,WD,Normal,170000,1
308,308,30,RL,69.0,12342,Pave,None,IR1,Lvl,AllPub,Inside,Gtl,Edwards,Norm,Norm,1Fam,1Story,4,5,1940,1950,Gable,CompShg,VinylSd,VinylSd,None,0.0,TA,TA,CBlock,TA,TA,No,BLQ,262,Unf,0,599,861,GasA,Ex,SBrkr,861,0,0,861,0,0,1,0,1,1,TA,4,Typ,0,None,Detchd,1961.0,Unf,2,539,TA,TA,Y,158,0,0,0,0,0,,None,,0,3,2009,WD,Normal,82500,0
461,461,70,RL,60.0,7200,Pave,None,Reg,Lvl,AllPub,Inside,Gtl,SWISU,Feedr,Norm,1Fam,2Story,7,9,1936,2007,Gable,CompShg,Wd Sdng,Wd Sdng,None,0.0,Gd,Gd,PConc,Gd,Gd,No,ALQ,350,BLQ,210,0,560,GasA,Ex,SBrkr,575,560,0,1135,1,0,1,0,3,1,Gd,6,Typ,0,None,Detchd,1971.0,RFn,2,576,TA,TA,Y,256,0,0,0,0,0,,MnPrv,,0,4,2009,WD,Normal,155000,1
1142,1142,60,RL,77.0,9965,Pave,None,Reg,Lvl,AllPub,Inside,Gtl,CollgCr,Norm,Norm,1Fam,2Story,8,5,2006,2007,Hip,CompShg,VinylSd,VinylSd,Stone,340.0,Gd,TA,PConc,Ex,TA,Gd,GLQ,1150,Unf,0,316,1466,GasA,Ex,SBrkr,1466,1362,0,2828,1,0,3,0,4,1,Gd,11,Typ,1,TA,BuiltIn,2006.0,RFn,3,1052,TA,TA,Y,125,144,0,0,0,0,,None,,0,4,2007,New,Partial,424870,2
730,730,120,RL,39.0,5389,Pave,None,IR1,Lvl,AllPub,Inside,Gtl,StoneBr,Norm,Norm,TwnhsE,1Story,8,5,1995,1996,Gable,CompShg,CemntBd,CmentBd,None,0.0,Gd,TA,PConc,Gd,TA,No,GLQ,1180,Unf,0,415,1595,GasA,Ex,SBrkr,1616,0,0,1616,1,0,2,0,2,1,Gd,5,Typ,1,TA,Attchd,1995.0,RFn,2,608,TA,TA,Y,237,152,0,0,0,0,,None,,0,3,2010,WD,Normal,236500,2
1155,1155,20,RL,90.0,10768,Pave,None,IR1,Lvl,AllPub,Corner,Gtl,Veenker,Norm,Norm,1Fam,1Story,5,8,1976,2004,Gable,CompShg,Plywood,Plywood,None,0.0,Gd,Gd,CBlock,Gd,TA,Gd,ALQ,1157,Unf,0,280,1437,GasA,TA,SBrkr,1437,0,0,1437,1,0,2,0,3,1,Gd,6,Typ,1,Fa,Attchd,1976.0,RFn,2,528,TA,TA,Y,0,21,0,0,180,0,,None,,0,7,2007,WD,Normal,218000,2
1203,1203,20,RL,75.0,9750,Pave,None,Reg,Lvl,AllPub,Inside,Gtl,CollgCr,Norm,Norm,1Fam,1Story,7,5,2000,2001,Gable,CompShg,VinylSd,VinylSd,BrkFace,171.0,Gd,TA,PConc,Gd,TA,No,Unf,0,Unf,0,1630,1630,GasA,Ex,SBrkr,1630,0,0,1630,0,0,2,0,3,1,Gd,6,Typ,1,TA,Attchd,2000.0,Unf,2,451,TA,TA,Y,74,234,0,0,0,0,,None,,0,10,2009,WD,Normal,213000,2
700,700,20,RL,85.0,14331,Pave,None,Reg,Lvl,AllPub,Inside,Gtl,Timber,Norm,Norm,1Fam,1Story,8,5,2002,2002,Hip,CompShg,VinylSd,VinylSd,BrkFace,630.0,Gd,TA,PConc,Ex,TA,Gd,GLQ,1274,Unf,0,526,1800,GasA,Ex,SBrkr,1800,0,0,1800,1,0,2,0,3,1,Gd,7,Typ,1,Gd,Attchd,2002.0,Fin,3,765,TA,TA,Y,270,78,0,0,0,0,,None,,0,5,2006,WD,Normal,312500,2
849,849,80,RL,80.0,9600,Pave,None,Reg,Lvl,AllPub,FR2,Gtl,Veenker,Feedr,Norm,1Fam,SLvl,6,7,1976,1994,Hip,CompShg,Plywood,Plywood,BrkFace,360.0,Gd,Gd,CBlock,TA,TA,No,Unf,0,Unf,0,528,528,GasA,Ex,SBrkr,1094,761,0,1855,0,0,2,1,3,1,TA,7,Typ,1,TA,Attchd,1976.0,RFn,2,512,TA,TA,Y,113,100,0,0,0,0,,None,,0,8,2007,WD,Normal,187000,1
1260,1260,60,RL,69.0,24682,Pave,None,IR3,Lvl,AllPub,CulDSac,Gtl,Gilbert,RRAn,Norm,1Fam,2Story,6,5,1999,1999,Gable,CompShg,VinylSd,VinylSd,None,0.0,TA,TA,PConc,Gd,TA,No,Unf,0,Unf,0,841,841,GasA,Ex,SBrkr,892,783,0,1675,0,0,2,1,3,1,TA,7,Typ,1,TA,BuiltIn,1999.0,Fin,2,502,TA,TA,Y,0,103,0,0,0,0,,None,,0,6,2009,WD,Normal,181000,1
787,787,60,RL,76.0,10142,Pave,None,IR1,Lvl,AllPub,Inside,Gtl,SawyerW,Norm,Norm,1Fam,2Story,7,5,2004,2004,Gable,CompShg,VinylSd,VinylSd,None,0.0,Gd,TA,PConc,Gd,TA,No,GLQ,656,Unf,0,300,956,GasA,Ex,SBrkr,956,1128,0,2084,1,0,2,1,4,1,Gd,8,Typ,0,None,BuiltIn,2004.0,RFn,2,618,TA,TA,Y,0,45,0,0,0,0,,None,,0,1,2010,WD,Normal,233000,2
352,352,50,RL,60.0,9084,Pave,None,Reg,Lvl,AllPub,Inside,Gtl,Edwards,Artery,Norm,1Fam,1.5Fin,5,6,1941,1950,Gable,CompShg,VinylSd,VinylSd,None,0.0,TA,TA,CBlock,TA,Fa,Mn,LwQ,236,Rec,380,0,616,GasA,TA,SBrkr,616,495,0,1111,0,1,1,0,3,1,TA,5,Typ,0,None,Detchd,1941.0,Unf,1,200,TA,Fa,Y,48,0,0,0,0,0,,None,,0,3,2008,ConLw,Normal,95000,0
710,710,30,RL,56.0,4130,Pave,None,IR1,Lvl,AllPub,Inside,Gtl,BrkSide,Norm,Norm,1Fam,1Story,3,6,1935,2003,Gable,CompShg,VinylSd,VinylSd,None,0.0,Gd,TA,CBlock,TA,TA,No,Unf,0,Unf,0,270,270,GasA,Gd,SBrkr,729,0,0,729,0,0,1,0,2,1,TA,5,Maj2,0,None,None,1980.0,None,0,0,None,None,N,0,0,0,0,0,0,,None,,0,7,2008,WD,Normal,52000,0
124,124,20,RL,48.0,17043,Pave,None,IR1,Lvl,AllPub,CulDSac,Gtl,NWAmes,Norm,Norm,1Fam,1Story,6,5,1979,1998,Gable,CompShg,HdBoard,HdBoard,None,0.0,TA,Gd,CBlock,Gd,Fa,No,Unf,0,Unf,0,1362,1362,GasA,TA,SBrkr,1586,0,0,1586,0,0,2,0,3,1,TA,7,Typ,1,TA,Attchd,1979.0,Unf,2,435,TA,TA,Y,192,0,0,0,0,0,,None,,0,1,2009,WD,Normal,181000,1
178,178,20,RL,63.0,17423,Pave,None,IR1,Lvl,AllPub,CulDSac,Gtl,StoneBr,Norm,Norm,1Fam,1Story,9,5,2008,2009,Hip,CompShg,VinylSd,VinylSd,Stone,748.0,Ex,TA,PConc,Ex,TA,No,GLQ,1904,Unf,0,312,2216,GasA,Ex,SBrkr,2234,0,0,2234,1,0,2,0,1,1,Ex,9,Typ,1,Gd,Attchd,2009.0,Fin,3,1166,TA,TA,Y,0,60,0,0,0,0,,None,,0,7,2009,New,Partial,501837,2
287,287,20,RL,69.0,8125,Pave,None,IR1,Lvl,AllPub,Corner,Gtl,NAmes,Norm,Norm,1Fam,1Story,4,4,1971,1971,Gable,CompShg,HdBoard,HdBoard,None,0.0,TA,TA,CBlock,TA,TA,No,BLQ,614,Unf,0,244,858,GasA,TA,SBrkr,858,0,0,858,0,0,1,0,3,1,TA,5,Typ,0,None,None,1980.0,None,0,0,None,None,Y,0,0,0,0,0,0,,None,,0,6,2006,WD,Normal,88000,0
1407,1407,20,RL,69.0,8780,Pave,None,IR1,Lvl,AllPub,Corner,Gtl,Mitchel,Norm,Norm,1Fam,1Story,5,5,1985,1985,Gable,CompShg,HdBoard,Plywood,None,0.0,TA,TA,CBlock,TA,TA,No,ALQ,625,Unf,0,208,833,GasA,Ex,SBrkr,833,0,0,833,1,0,1,0,3,1,TA,5,Typ,0,None,None,1980.0,None,0,0,None,None,Y,0,0,0,0,0,0,,MnPrv,,0,3,2009,WD,Normal,112000,0
1208,1208,20,RL,70.0,7763,Pave,None,Reg,Lvl,AllPub,Inside,Gtl,NAmes,Norm,Norm,1Fam,1Story,5,7,1962,1980,Gable,CompShg,MetalSd,MetalSd,None,0.0,TA,Gd,CBlock,TA,TA,No,Rec,504,BLQ,108,319,931,GasA,TA,SBrkr,1283,0,0,1283,1,0,1,0,3,1,TA,6,Typ,0,None,Detchd,1980.0,Unf,2,506,TA,TA,Y,0,0,0,0,0,0,,None,,0,10,2008,WD,Normal,140000,1
294,294,20,RL,80.0,9600,Pave,None,Reg,Lvl,AllPub,Inside,Gtl,NAmes,Norm,Norm,1Fam,1Story,6,5,1953,1953,Hip,CompShg,HdBoard,HdBoard,Stone,238.0,TA,TA,CBlock,TA,TA,No,GLQ,1285,Unf,0,131,1416,GasA,TA,SBrkr,1644,0,0,1644,1,0,1,0,3,1,TA,7,Typ,2,Gd,Attchd,1953.0,Fin,2,418,TA,TA,Y,110,0,0,0,0,0,,None,,0,10,2009,WD,Normal,167000,1
327,327,20,RL,80.0,11600,Pave,None,Reg,Lvl,AllPub,Inside,Gtl,NAmes,Norm,Norm,1Fam,1Story,6,5,1960,1960,Hip,CompShg,Wd Sdng,Wd Sdng,BrkFace,175.0,TA,TA,CBlock,TA,TA,No,Rec,565,Unf,0,818,1383,GasA,TA,SBrkr,1383,0,0,1383,0,0,1,1,3,1,TA,7,Typ,0,None,Attchd,1960.0,RFn,1,292,TA,TA,Y,0,45,0,0,0,0,,None,,0,4,2006,WD,Normal,145250,1
1456,1456,20,RL,85.0,13175,Pave,None,Reg,Lvl,AllPub,Inside,Gtl,NWAmes,Norm,Norm,1Fam,1Story,6,6,1978,1988,Gable,CompShg,Plywood,Plywood,Stone,119.0,TA,TA,CBlock,Gd,TA,No,ALQ,790,Rec,163,589,1542,GasA,TA,SBrkr,2073,0,0,2073,1,0,2,0,3,1,TA,7,Min1,2,TA,Attchd,1978.0,Unf,2,500,TA,TA,Y,349,0,0,0,0,0,,MnPrv,,0,2,2010,WD,Normal,210000,2
841,841,70,RM,60.0,10440,Pave,Grvl,Reg,Lvl,AllPub,Inside,Gtl,OldTown,Norm,Norm,1Fam,2Story,5,8,1904,2002,Gable,CompShg,MetalSd,MetalSd,None,0.0,TA,TA,PConc,TA,TA,No,Unf,0,Unf,0,650,650,GasA,Gd,SBrkr,958,581,0,1539,0,0,2,0,3,1,Gd,8,Typ,1,Po,Detchd,1983.0,Unf,2,686,Gd,TA,P,70,78,68,0,0,0,,None,,0,6,2008,WD,Normal,157500,1
1121,1121,20,RL,84.0,10084,Pave,None,Reg,Lvl,AllPub,Inside,Gtl,CollgCr,Norm,Norm,1Fam,1Story,7,5,2005,2006,Gable,CompShg,VinylSd,VinylSd,BrkFace,196.0,Gd,TA,PConc,Gd,TA,Av,GLQ,24,Unf,0,1528,1552,GasA,Ex,SBrkr,1552,0,0,1552,0,0,2,0,3,1,Gd,7,Typ,0,None,Attchd,2005.0,RFn,3,782,TA,TA,Y,144,20,0,0,0,0,,None,,0,7,2006,New,Partial,212900,2
931,931,20,RL,70.0,9100,Pave,None,Reg,Lvl,AllPub,Inside,Gtl,NAmes,Norm,Norm,1Fam,1Story,5,6,1965,1965,Gable,CompShg,VinylSd,VinylSd,None,0.0,TA,TA,CBlock,TA,TA,No,BLQ,338,Rec,466,121,925,GasA,Ex,SBrkr,925,0,0,925,0,1,1,0,2,1,TA,5,Typ,0,None,Detchd,1965.0,Unf,1,429,TA,TA,Y,0,0,0,0,0,0,,GdWo,,0,7,2009,WD,Normal,117500,0
236,236,20,RL,65.0,8773,Pave,None,Reg,Lvl,AllPub,FR2,Gtl,CollgCr,Norm,Norm,1Fam,1Story,7,5,2004,2004,Gable,CompShg,VinylSd,VinylSd,BrkFace,98.0,Gd,TA,PConc,Gd,TA,Av,GLQ,24,Unf,0,1390,1414,GasA,Ex,SBrkr,1414,0,0,1414,0,0,2,0,3,1,Gd,6,Typ,0,None,Attchd,2004.0,RFn,2,494,TA,TA,Y,132,105,0,0,0,0,,None,,0,5,2010,WD,Normal,185500,1
88,88,50,C (all),105.0,8470,Pave,None,IR1,Lvl,AllPub,Corner,Gtl,IDOTRR,Feedr,Feedr,1Fam,1.5Fin,3,2,1915,1982,Hip,CompShg,Plywood,Plywood,None,0.0,Fa,Fa,CBlock,TA,Fa,No,Unf,0,Unf,0,1013,1013,GasA,TA,SBrkr,1013,0,513,1526,0,0,1,0,2,1,Fa,6,Typ,0,None,None,1980.0,None,0,0,None,None,N,0,0,156,0,0,0,,MnPrv,,0,10,2009,ConLD,Abnorml,85000,0
886,886,90,RL,70.0,8393,Pave,None,Reg,Lvl,AllPub,Corner,Gtl,NAmes,Norm,Norm,Duplex,1Story,5,5,1959,2005,Gable,CompShg,MetalSd,MetalSd,BrkFace,122.0,TA,TA,CBlock,TA,TA,No,LwQ,528,Unf,0,1098,1626,GasA,Ex,SBrkr,1712,0,0,1712,0,0,2,0,4,2,TA,8,Typ,0,None,Attchd,2005.0,Fin,2,588,TA,TA,Y,272,54,0,0,0,0,,None,,0,6,2006,WD,Family,145000,1
552,552,20,RL,87.0,11146,Pave,None,IR1,Lvl,AllPub,Inside,Gtl,NridgHt,Norm,Norm,1Fam,1Story,8,5,2006,2006,Gable,CompShg,VinylSd,VinylSd,Stone,250.0,Gd,TA,PConc,Ex,TA,Av,Unf,0,Unf,0,1709,1709,GasA,Ex,SBrkr,1717,0,0,1717,0,0,2,0,3,1,Gd,7,Typ,1,Gd,Attchd,2006.0,RFn,3,908,TA,TA,Y,169,39,0,0,0,0,,None,,0,7,2009,WD,Normal,255500,2
630,630,70,RM,50.0,9000,Pave,Grvl,Reg,Lvl,AllPub,Corner,Gtl,OldTown,Artery,Norm,1Fam,2Story,5,6,1880,1991,Gable,CompShg,VinylSd,VinylSd,None,0.0,TA,TA,BrkTil,Fa,Fa,No,Unf,0,Unf,0,636,636,GasA,TA,FuseA,1089,661,0,1750,0,0,1,0,3,1,Ex,8,Typ,0,None,Detchd,1937.0,Unf,1,240,Fa,Po,N,0,0,293,0,0,0,,MnPrv,,0,6,2006,WD,Abnorml,124000,0
1352,1352,50,RM,50.0,6000,Pave,None,Reg,Lvl,AllPub,Inside,Gtl,BrkSide,Norm,Norm,1Fam,1.5Fin,6,9,1937,2000,Gable,CompShg,MetalSd,MetalSd,None,0.0,Gd,TA,BrkTil,TA,TA,No,Unf,0,Unf,0,698,698,GasA,TA,SBrkr,786,390,0,1176,0,0,1,0,2,1,TA,4,Typ,0,None,Detchd,1999.0,Unf,2,624,TA,TA,N,210,0,0,0,0,0,,None,,0,7,2009,WD,Normal,134900,0
665,665,60,RL,106.0,11194,Pave,None,IR1,Lvl,AllPub,Corner,Gtl,Gilbert,Norm,Norm,1Fam,2Story,8,5,2000,2000,Gable,CompShg,VinylSd,VinylSd,BrkFace,40.0,Gd,TA,PConc,Gd,TA,No,Unf,0,Unf,0,1406,1406,GasA,Ex,SBrkr,1454,482,0,1936,0,0,2,1,3,1,Gd,7,Typ,1,TA,Attchd,2000.0,RFn,2,504,TA,TA,Y,188,124,0,0,0,0,,None,,0,11,2006,WD,Normal,230500,2
900,900,20,RL,69.0,7340,Pave,None,IR1,Lvl,AllPub,Inside,Gtl,NAmes,Norm,Norm,1Fam,1Story,4,6,1971,1971,Gable,CompShg,HdBoard,HdBoard,None,0.0,TA,TA,CBlock,TA,TA,No,ALQ,322,Unf,0,536,858,GasA,TA,SBrkr,858,0,0,858,0,0,1,0,2,1,TA,4,Typ,0,None,Detchd,1979.0,Unf,1,684,TA,TA,Y,0,0,0,0,0,0,,None,,0,6,2007,WD,Normal,110000,0
290,290,60,RL,120.0,15611,Pave,None,Reg,Lvl,AllPub,Inside,Gtl,CollgCr,Norm,Norm,1Fam,2Story,8,5,2006,2006,Gable,CompShg,VinylSd,VinylSd,None,0.0,Gd,TA,PConc,Gd,TA,Av,Unf,0,Unf,0,1079,1079,GasA,Ex,SBrkr,1079,840,0,1919,0,0,2,1,3,1,Gd,8,Typ,1,Gd,Attchd,2006.0,RFn,2,685,Gd,TA,Y,0,51,0,0,0,0,,None,,0,7,2006,New,Partial,233230,2
1382,1382,70,RM,60.0,7200,Pave,None,Reg,Lvl,AllPub,Corner,Gtl,OldTown,Norm,Norm,1Fam,2Story,7,7,1920,1950,Hip,CompShg,Wd Sdng,Wd Sdng,None,0.0,TA,TA,BrkTil,Fa,TA,No,Unf,0,Unf,0,596,596,GasA,Ex,SBrkr,998,764,0,1762,1,0,1,1,4,1,Gd,8,Typ,0,None,Detchd,1989.0,Unf,2,576,TA,TA,N,36,0,221,0,0,0,,None,,0,10,2006,WD,Normal,157000,1
570,570,90,RL,74.0,13101,Pave,None,IR1,Lvl,AllPub,Inside,Gtl,NAmes,Norm,Norm,Duplex,1Story,5,5,1965,1965,Gable,CompShg,HdBoard,HdBoard,BrkFace,108.0,TA,TA,CBlock,TA,TA,No,LwQ,231,Unf,0,1497,1728,GasA,TA,SBrkr,1728,0,0,1728,0,0,2,0,6,2,TA,10,Typ,0,None,Detchd,1987.0,Unf,2,576,TA,TA,Y,0,0,0,0,0,0,,None,,0,11,2008,WD,Normal,142600,1
348,348,160,RL,36.0,2448,Pave,None,Reg,Lvl,AllPub,Inside,Gtl,NridgHt,Norm,Norm,Twnhs,2Story,7,5,2003,2004,Gable,CompShg,VinylSd,Wd Shng,Stone,106.0,Gd,TA,PConc,Gd,TA,No,GLQ,573,Unf,0,191,764,GasA,Ex,SBrkr,764,862,0,1626,1,0,2,1,2,1,Gd,6,Typ,0,None,BuiltIn,2003.0,RFn,2,474,TA,TA,Y,0,27,0,0,0,0,,None,,0,10,2008,WD,Normal,154000,1
544,544,60,RL,58.0,17104,Pave,None,IR1,Lvl,AllPub,Inside,Gtl,Gilbert,Norm,Norm,1Fam,2Story,7,5,2006,2006,Gable,CompShg,VinylSd,VinylSd,None,0.0,Gd,TA,PConc,Gd,Gd,Av,GLQ,554,Unf,0,100,654,GasA,Ex,SBrkr,664,832,0,1496,1,0,2,1,3,1,Gd,7,Typ,1,Gd,Attchd,2006.0,RFn,2,426,TA,TA,Y,100,24,0,0,0,0,,None,,0,9,2006,New,Partial,179665,1
1376,1376,30,RL,52.0,6292,Pave,None,Reg,Bnk,AllPub,Inside,Gtl,SWISU,Norm,Norm,1Fam,1Story,6,5,1930,1950,Gable,CompShg,Wd Sdng,Wd Sdng,None,0.0,TA,TA,BrkTil,Gd,TA,Mn,Rec,384,Unf,0,384,768,GasA,TA,SBrkr,790,0,0,790,0,0,1,0,2,1,TA,4,Typ,0,None,Detchd,1925.0,Unf,1,160,Fa,TA,Y,0,141,0,0,0,0,,None,,0,4,2008,WD,Normal,91000,0
660,660,60,RL,69.0,12384,Pave,None,Reg,Lvl,AllPub,CulDSac,Gtl,NWAmes,Norm,Norm,1Fam,2Story,7,7,1976,1976,Gable,CompShg,Plywood,Plywood,BrkFace,233.0,TA,TA,CBlock,Gd,TA,No,Unf,0,Unf,0,793,793,GasA,TA,SBrkr,1142,793,0,1935,0,0,2,1,3,1,TA,7,Typ,1,TA,Attchd,1976.0,RFn,2,550,TA,TA,Y,0,113,252,0,0,0,,None,,0,11,2007,WD,Normal,197900,2
1111,1111,60,RL,80.0,10480,Pave,None,Reg,Lvl,AllPub,Inside,Gtl,NWAmes,Norm,Norm,1Fam,2Story,7,6,1976,1976,Hip,CompShg,Plywood,Plywood,BrkFace,660.0,TA,TA,CBlock,TA,TA,No,ALQ,403,Unf,0,400,803,GasA,TA,SBrkr,1098,866,0,1964,0,0,2,1,4,1,TA,8,Typ,1,Gd,Attchd,1976.0,RFn,2,483,TA,TA,Y,0,69,0,0,0,0,,None,,0,9,2008,WD,Normal,205000,2
458,458,70,RM,69.0,5100,Pave,Grvl,Reg,Lvl,AllPub,Inside,Gtl,OldTown,Norm,Norm,1Fam,2Story,8,7,1925,1996,Hip,CompShg,Stucco,Wd Shng,None,0.0,TA,Gd,PConc,TA,TA,No,Unf,0,Unf,0,588,588,GasA,Fa,SBrkr,833,833,0,1666,0,0,1,0,3,1,Gd,7,Typ,1,Gd,Detchd,1925.0,Unf,1,228,TA,TA,Y,192,63,0,0,0,0,,MnPrv,,0,6,2008,WD,Normal,161000,1
1005,1005,80,RL,65.0,8385,Pave,None,Reg,Lvl,AllPub,Inside,Gtl,CollgCr,Norm,Norm,1Fam,SLvl,5,8,1977,1977,Gable,CompShg,HdBoard,HdBoard,BrkFace,220.0,Gd,TA,CBlock,Gd,Gd,Av,GLQ,595,Unf,0,390,985,GasA,TA,SBrkr,985,0,0,985,0,0,2,0,3,1,TA,6,Typ,0,None,Attchd,1977.0,Unf,1,328,TA,TA,Y,210,0,0,0,0,0,,None,,0,11,2008,WD,Normal,149900,1
333,333,120,RM,59.0,8198,Pave,None,Reg,Lvl,AllPub,FR3,Gtl,NridgHt,Norm,Norm,TwnhsE,1Story,7,5,2004,2004,Gable,CompShg,VinylSd,VinylSd,Stone,146.0,Gd,TA,PConc,Gd,TA,Av,GLQ,720,Unf,0,638,1358,GasA,Ex,SBrkr,1358,0,0,1358,1,0,2,0,2,1,Gd,6,Typ,1,Gd,Attchd,2004.0,RFn,2,484,TA,TA,Y,192,30,0,0,0,0,,None,,0,7,2008,WD,Normal,207000,2
721,721,120,RM,69.0,4426,Pave,None,Reg,Lvl,AllPub,Inside,Gtl,CollgCr,Norm,Norm,TwnhsE,1Story,6,5,2004,2004,Gable,CompShg,VinylSd,VinylSd,BrkFace,169.0,Gd,TA,PConc,Gd,TA,Av,GLQ,662,Unf,0,186,848,GasA,Ex,SBrkr,848,0,0,848,1,0,1,0,1,1,Gd,3,Typ,0,None,Attchd,2004.0,RFn,2,420,TA,TA,Y,160,0,0,0,0,0,,None,,0,5,2010,WD,Normal,143000,1
1289,1289,60,RL,86.0,11065,Pave,None,IR1,Lvl,AllPub,Inside,Gtl,NridgHt,Norm,Norm,1Fam,2Story,8,5,2006,2006,Gable,CompShg,VinylSd,VinylSd,Stone,788.0,Gd,TA,PConc,Gd,TA,Mn,Unf,0,Unf,0,1085,1085,GasA,Ex,SBrkr,1120,850,0,1970,0,0,2,1,3,1,Ex,8,Typ,1,Gd,BuiltIn,2006.0,Fin,3,753,TA,TA,Y,177,74,0,0,0,0,,None,,0,10,2006,New,Partial,281000,2
678,678,20,RL,80.0,11844,Pave,None,IR1,Lvl,AllPub,Inside,Gtl,StoneBr,Norm,Norm,1Fam,1Story,8,5,2008,2008,Hip,CompShg,VinylSd,VinylSd,Stone,464.0,Gd,TA,PConc,Ex,TA,Mn,Unf,0,Unf,0,2046,2046,GasA,Ex,SBrkr,2046,0,0,2046,0,0,2,1,3,1,Gd,7,Typ,1,Gd,Attchd,2008.0,Fin,3,834,TA,TA,Y,322,82,0,0,0,0,,None,,0,7,2009,New,Partial,372500,2
1354,1354,60,RL,69.0,10316,Pave,None,IR1,Lvl,AllPub,Inside,Gtl,CollgCr,Norm,Norm,1Fam,2Story,7,5,2000,2000,Gable,CompShg,VinylSd,VinylSd,None,0.0,Gd,TA,PConc,Gd,TA,No,GLQ,735,Unf,0,257,992,GasA,Ex,SBrkr,992,873,0,1865,1,0,2,1,3,1,Gd,7,Typ,1,TA,Attchd,2000.0,RFn,3,839,TA,TA,Y,0,184,0,0,0,0,,None,,0,6,2008,WD,Normal,235000,2
328,328,75,RL,69.0,11888,Pave,Pave,IR1,Bnk,AllPub,Inside,Gtl,BrkSide,PosN,Norm,1Fam,2.5Unf,6,6,1916,1994,Gable,CompShg,Wd Sdng,Wd Shng,None,0.0,TA,TA,BrkTil,TA,TA,No,Unf,0,Unf,0,844,844,GasA,Gd,FuseA,1445,689,0,2134,0,0,2,0,5,1,Gd,10,Typ,0,None,Detchd,1930.0,Unf,2,441,TA,TA,Y,0,60,268,0,0,0,,None,,0,7,2009,WD,Normal,214500,2
318,318,60,RL,90.0,9900,Pave,None,Reg,Low,AllPub,Inside,Mod,NoRidge,Norm,Norm,1Fam,2Story,7,5,1993,1993,Gable,CompShg,HdBoard,HdBoard,BrkFace,256.0,Gd,TA,PConc,Gd,TA,Gd,GLQ,987,Unf,0,360,1347,GasA,Ex,SBrkr,1372,1274,0,2646,1,0,2,1,4,1,Gd,9,Typ,1,TA,Attchd,1993.0,RFn,3,656,TA,TA,Y,340,60,144,0,0,0,,None,,0,4,2009,WD,Normal,260000,2
1438,1438,20,RM,90.0,7407,Pave,None,Reg,Lvl,AllPub,Inside,Gtl,OldTown,Artery,Norm,1Fam,1Story,6,7,1957,1996,Gable,CompShg,MetalSd,MetalSd,None,0.0,TA,TA,CBlock,TA,TA,No,GLQ,600,Unf,0,312,912,GasA,TA,FuseA,1236,0,0,1236,1,0,1,0,2,1,TA,6,Typ,0,None,Attchd,1957.0,Unf,2,923,TA,TA,Y,0,158,158,0,0,0,,MnPrv,,0,4,2010,WD,Normal,149700,1
908,908,20,RL,69.0,8885,Pave,None,IR1,Low,AllPub,Inside,Mod,Mitchel,Norm,Norm,1Fam,1Story,5,5,1983,1983,Gable,CompShg,HdBoard,HdBoard,None,0.0,TA,TA,CBlock,Gd,TA,Av,BLQ,301,ALQ,324,239,864,GasA,TA,SBrkr,902,0,0,902,1,0,1,0,2,1,TA,5,Typ,0,None,Attchd,1983.0,Unf,2,484,TA,TA,Y,164,0,0,0,0,0,,MnPrv,,0,6,2006,WD,Normal,131000,0
12,12,20,RL,69.0,12968,Pave,None,IR2,Lvl,AllPub,Inside,Gtl,Sawyer,Norm,Norm,1Fam,1Story,5,6,1962,1962,Hip,CompShg,HdBoard,Plywood,None,0.0,TA,TA,CBlock,TA,TA,No,ALQ,737,Unf,0,175,912,GasA,TA,SBrkr,912,0,0,912,1,0,1,0,2,1,TA,4,Typ,0,None,Detchd,1962.0,Unf,1,352,TA,TA,Y,140,0,0,0,176,0,,None,,0,9,2008,WD,Normal,144000,1
171,171,20,RL,141.0,31770,Pave,None,IR1,Lvl,AllPub,Corner,Gtl,NAmes,Norm,Norm,1Fam,1Story,6,5,1960,1960,Hip,CompShg,BrkFace,Plywood,Stone,112.0,TA,TA,CBlock,TA,Gd,Gd,BLQ,639,Unf,0,441,1080,GasA,Fa,SBrkr,1656,0,0,1656,1,0,1,0,3,1,TA,7,Typ,2,Gd,Attchd,1960.0,Fin,2,528,TA,TA,P,210,62,0,0,0,0,,None,,0,5,2010,WD,Normal,215000,2
260,260,80,RL,120.0,19296,Pave,None,Reg,Lvl,AllPub,Corner,Gtl,NAmes,Artery,Norm,1Fam,SLvl,6,5,1962,1962,Gable,CompShg,Wd Sdng,Wd Sdng,BrkFace,399.0,TA,TA,CBlock,TA,TA,Gd,Rec,672,ALQ,690,0,1362,GasA,TA,SBrkr,1382,0,0,1382,1,0,1,0,3,1,TA,6,Typ,1,TA,Attchd,1991.0,Unf,2,884,TA,TA,Y,0,0,252,0,0,0,,GdWo,,0,5,2009,WD,Normal,176000,1
778,778,90,RH,60.0,8400,Pave,None,Reg,Lvl,AllPub,Inside,Gtl,SawyerW,Feedr,Norm,Duplex,1Story,5,5,1977,1977,Gable,CompShg,Plywood,Plywood,BrkFace,320.0,TA,TA,Slab,None,None,None,None,0,None,0,0,0,GasA,TA,SBrkr,2020,0,0,2020,0,0,2,0,4,2,TA,10,Typ,2,TA,Detchd,1977.0,Unf,2,630,TA,TA,Y,0,0,0,0,0,0,,None,,0,10,2007,WD,Normal,144000,1
818,818,80,RL,80.0,8816,Pave,None,Reg,Lvl,AllPub,Inside,Gtl,ClearCr,Norm,Norm,1Fam,SLvl,6,7,1971,1971,Gable,CompShg,HdBoard,HdBoard,BrkFace,80.0,TA,TA,CBlock,TA,TA,Av,GLQ,504,Unf,0,506,1010,GasA,Gd,SBrkr,1052,0,0,1052,1,0,1,0,3,1,TA,6,Typ,0,None,Attchd,1971.0,Unf,2,440,TA,TA,Y,0,0,0,0,0,0,,MnPrv,,0,6,2010,WD,Normal,155000,1
759,759,60,RL,65.0,12257,Pave,None,IR1,Lvl,AllPub,Inside,Gtl,NoRidge,Norm,Norm,1Fam,2Story,8,5,1995,1995,Gable,CompShg,VinylSd,VinylSd,BrkFace,513.0,Gd,TA,PConc,Gd,TA,Av,LwQ,56,ALQ,64,1198,1318,GasA,Ex,SBrkr,1328,1203,0,2531,0,0,2,1,4,1,Gd,9,Typ,1,TA,Attchd,1995.0,RFn,3,752,TA,TA,Y,222,98,0,0,0,0,,None,,0,11,2007,WD,Normal,290000,2
138,138,60,RL,73.0,9066,Pave,None,IR1,Lvl,AllPub,Inside,Gtl,CollgCr,Norm,Norm,1Fam,2Story,8,5,1999,2000,Gable,CompShg,VinylSd,VinylSd,BrkFace,320.0,Gd,TA,PConc,Gd,TA,Mn,GLQ,668,Unf,0,336,1004,GasA,Ex,SBrkr,1004,848,0,1852,0,0,2,1,3,1,Gd,7,Typ,2,TA,Attchd,1999.0,Fin,3,660,TA,TA,Y,224,106,0,0,0,0,,GdPrv,,0,12,2008,WD,Normal,230000,2
1209,1209,20,RL,85.0,10182,Pave,None,IR1,Lvl,AllPub,CulDSac,Gtl,Somerst,RRNn,Norm,1Fam,1Story,8,5,2006,2006,Hip,CompShg,VinylSd,VinylSd,Stone,420.0,Gd,TA,PConc,Ex,TA,Mn,GLQ,1220,Unf,0,440,1660,GasA,Ex,SBrkr,1660,0,0,1660,1,0,2,0,3,1,Gd,8,Typ,1,Gd,Attchd,2006.0,RFn,2,500,TA,TA,Y,322,50,0,0,0,0,,None,,0,5,2006,New,Partial,290000,2
885,885,120,FV,50.0,5119,Pave,None,IR1,Lvl,AllPub,CulDSac,Gtl,Somerst,Norm,Norm,TwnhsE,1Story,9,5,1999,2000,Gable,CompShg,MetalSd,MetalSd,BrkFace,60.0,Gd,TA,PConc,Ex,TA,Av,GLQ,1238,Unf,0,460,1698,GasA,Ex,SBrkr,1709,0,0,1709,1,0,2,0,2,1,Gd,5,Typ,1,TA,Attchd,1999.0,Fin,2,506,TA,TA,Y,97,65,0,0,0,0,,None,,0,1,2008,CWD,Abnorml,328900,2
741,741,20,RL,65.0,6768,Pave,None,IR1,Lvl,AllPub,Inside,Gtl,Sawyer,Feedr,Norm,1Fam,1Story,6,8,1961,1996,Hip,CompShg,HdBoard,HdBoard,None,0.0,TA,Gd,CBlock,TA,TA,Mn,GLQ,832,Unf,0,80,912,GasA,Gd,SBrkr,912,0,0,912,1,1,1,0,3,1,Gd,5,Typ,0,None,Detchd,1962.0,Unf,1,288,TA,TA,Y,168,0,0,0,0,0,,GdPrv,,0,5,2008,WD,Normal,142000,1
139,139,60,RL,65.0,15426,Pave,None,IR1,Lvl,AllPub,Inside,Gtl,CollgCr,Norm,Norm,1Fam,2Story,6,5,1997,1997,Gable,CompShg,VinylSd,VinylSd,None,0.0,TA,TA,PConc,Gd,TA,No,GLQ,821,Unf,0,107,928,GasA,Ex,SBrkr,928,836,0,1764,1,0,2,1,3,1,Gd,7,Typ,0,None,Attchd,1997.0,RFn,2,470,TA,TA,Y,276,99,0,0,0,0,,MnPrv,,0,8,2009,WD,Normal,231500,2
1276,1276,60,RL,69.0,12936,Pave,None,IR1,Lvl,AllPub,CulDSac,Gtl,NWAmes,Norm,Norm,1Fam,2Story,6,6,1972,1972,Gable,CompShg,HdBoard,Plywood,None,0.0,TA,TA,CBlock,TA,Gd,No,BLQ,593,Unf,0,130,723,GasA,TA,SBrkr,735,660,0,1395,0,1,1,1,3,1,TA,6,Typ,1,TA,Attchd,1972.0,Unf,2,497,TA,TA,Y,294,116,0,0,0,0,,None,,0,12,2009,WD,Normal,162000,1
1081,1081,20,RL,75.0,7500,Pave,None,Reg,Lvl,AllPub,Corner,Gtl,Sawyer,Feedr,Norm,1Fam,1Story,5,5,1963,1963,Gable,CompShg,HdBoard,HdBoard,None,0.0,TA,TA,CBlock,TA,TA,No,ALQ,824,Unf,0,216,1040,GasA,Fa,SBrkr,1040,0,0,1040,1,0,1,1,3,1,TA,5,Typ,0,None,Attchd,1963.0,Fin,1,308,TA,TA,Y,0,0,220,0,0,0,,MnPrv,,0,6,2010,WD,Normal,133000,0
224,224,20,RL,103.0,13472,Pave,None,Reg,Lvl,AllPub,Inside,Gtl,NridgHt,Norm,Norm,1Fam,1Story,10,5,2003,2003,Hip,CompShg,VinylSd,VinylSd,BrkFace,922.0,Ex,TA,PConc,Ex,TA,Gd,GLQ,56,Unf,0,2336,2392,GasA,Ex,SBrkr,2392,0,0,2392,0,0,2,0,3,1,Ex,8,Typ,1,Ex,Attchd,2003.0,Fin,3,968,TA,TA,Y,248,105,0,0,0,0,,None,,0,6,2009,WD,Normal,386250,2
1063,1063,30,RM,50.0,6000,Pave,None,Reg,Lvl,AllPub,Inside,Gtl,OldTown,Artery,Norm,1Fam,1Story,6,6,1925,1980,Gable,CompShg,MetalSd,MetalSd,None,0.0,TA,Gd,BrkTil,TA,TA,No,BLQ,397,Unf,0,706,1103,GasA,Gd,SBrkr,1103,0,0,1103,0,0,1,0,2,1,Gd,5,Typ,1,Gd,Detchd,1976.0,Unf,2,440,TA,TA,Y,166,120,0,0,0,0,,MnPrv,,0,7,2006,WD,Normal,110500,0
409,409,60,FV,85.0,10800,Pave,None,Reg,Lvl,AllPub,Inside,Gtl,Somerst,Norm,Norm,1Fam,2Story,8,5,2007,2008,Gable,CompShg,VinylSd,VinylSd,Stone,100.0,Gd,TA,PConc,Ex,TA,No,GLQ,789,Unf,0,245,1034,GasA,Ex,SBrkr,1050,1028,0,2078,1,0,2,1,3,1,Ex,8,Typ,1,Gd,Attchd,2008.0,Fin,3,836,TA,TA,Y,0,102,0,0,0,0,,None,,0,4,2008,New,Partial,339750,2
325,325,45,RM,50.0,5000,Pave,None,Reg,Lvl,AllPub,Inside,Gtl,IDOTRR,RRAe,Norm,1Fam,1.5Unf,5,6,1941,1950,Gable,CompShg,MetalSd,MetalSd,None,0.0,TA,TA,CBlock,TA,TA,Av,BLQ,116,Unf,0,604,720,GasA,Po,FuseF,803,0,0,803,0,0,1,0,2,1,TA,5,Typ,0,None,Detchd,1941.0,Unf,2,360,TA,TA,Y,0,0,244,0,0,0,,None,,0,12,2007,WD,Normal,87000,0
299,299,20,RL,80.0,14000,Pave,None,Reg,Lvl,AllPub,Inside,Gtl,Crawfor,Norm,Norm,1Fam,1Story,6,8,1950,2004,Gable,CompShg,HdBoard,HdBoard,None,0.0,TA,Gd,CBlock,TA,TA,No,Unf,0,Unf,0,1092,1092,GasA,Ex,SBrkr,1152,0,0,1152,0,1,1,0,3,1,Gd,6,Typ,1,Gd,Attchd,1950.0,Unf,1,300,TA,TA,Y,0,36,0,0,0,0,,GdPrv,,0,8,2009,WD,Family,158500,1
1242,1242,85,RL,85.0,10625,Pave,None,Reg,Lvl,AllPub,Inside,Gtl,NWAmes,Norm,Norm,1Fam,SFoyer,7,6,1974,1974,Gable,CompShg,Plywood,Plywood,BrkFace,81.0,TA,TA,CBlock,Gd,TA,Gd,GLQ,885,LwQ,168,0,1053,GasA,TA,SBrkr,1173,0,0,1173,1,0,2,0,3,1,Gd,6,Typ,2,TA,Attchd,1974.0,RFn,2,528,TA,TA,Y,0,120,0,0,0,0,,MnPrv,,0,1,2010,WD,Family,170000,1
705,705,190,RM,70.0,5600,Pave,None,Reg,Lvl,AllPub,Inside,Gtl,IDOTRR,Norm,Norm,2fmCon,2Story,4,5,1930,1950,Hip,CompShg,VinylSd,Wd Shng,None,0.0,Fa,Fa,Slab,None,None,None,None,0,None,0,0,0,GasA,Fa,SBrkr,372,720,0,1092,0,0,2,0,3,2,Fa,7,Mod,0,None,None,1980.0,None,0,0,None,None,N,0,0,0,0,0,0,,None,Othr,3500,7,2010,WD,Normal,55000,0
1235,1235,70,RL,96.0,13132,Pave,None,Reg,Lvl,AllPub,Inside,Gtl,Crawfor,Norm,Norm,1Fam,2Story,5,5,1914,1950,Gable,CompShg,Wd Sdng,Wd Sdng,None,0.0,TA,TA,BrkTil,Gd,TA,Mn,Unf,0,Unf,0,747,747,GasA,Gd,FuseF,892,892,0,1784,0,0,1,1,4,1,TA,9,Typ,0,None,Detchd,1914.0,Unf,1,180,Fa,Fa,N,203,40,0,0,0,0,,None,,0,7,2006,WD,Normal,138887,0
1355,1355,80,RL,102.0,10192,Pave,None,IR1,Lvl,AllPub,Inside,Gtl,NWAmes,Norm,Norm,1Fam,SLvl,7,6,1968,1992,Gable,CompShg,MetalSd,MetalSd,BrkFace,143.0,TA,TA,CBlock,TA,TA,No,Unf,0,Unf,0,570,570,GasA,Gd,SBrkr,1222,698,0,1920,0,0,3,0,4,1,Gd,8,Typ,1,TA,Attchd,1968.0,RFn,2,487,TA,TA,Y,0,98,0,0,0,0,,GdPrv,,0,9,2006,WD,Normal,170000,1
903,903,20,RL,50.0,14859,Pave,None,IR1,HLS,AllPub,CulDSac,Gtl,Gilbert,Norm,Norm,1Fam,1Story,7,5,2006,2006,Hip,CompShg,VinylSd,VinylSd,BrkFace,27.0,Gd,TA,PConc,Gd,TA,No,Unf,0,Unf,0,1670,1670,GasA,Ex,SBrkr,1670,0,0,1670,0,0,2,0,3,1,Gd,7,Typ,1,Gd,Attchd,2006.0,RFn,3,690,TA,TA,Y,144,60,0,0,0,0,,None,,0,8,2006,New,Partial,240000,2
829,829,160,FV,24.0,2544,Pave,Pave,Reg,Lvl,AllPub,Inside,Gtl,Somerst,Norm,Norm,Twnhs,2Story,7,5,2005,2005,Gable,CompShg,MetalSd,MetalSd,None,0.0,Gd,TA,PConc,Gd,TA,No,Unf,0,Unf,0,600,600,GasA,Ex,SBrkr,520,623,80,1223,0,0,2,1,2,1,Gd,4,Typ,0,None,Detchd,2005.0,RFn,2,480,TA,TA,Y,0,166,0,0,0,0,,None,,0,7,2006,WD,Normal,147400,1
503,503,20,RL,100.0,15602,Pave,None,IR1,Lvl,AllPub,Inside,Gtl,Crawfor,Norm,Norm,1Fam,1Story,7,8,1959,1997,Gable,CompShg,BrkFace,Wd Sdng,None,0.0,TA,TA,CBlock,TA,TA,No,ALQ,1247,Unf,0,254,1501,GasA,TA,SBrkr,1801,0,0,1801,1,0,2,0,1,1,TA,6,Typ,2,TA,Attchd,1959.0,Fin,2,484,TA,TA,Y,0,54,0,0,161,0,,GdWo,,0,3,2010,WD,Normal,289000,2
1336,1336,90,RL,87.0,9246,Pave,None,IR1,Lvl,AllPub,Inside,Gtl,NWAmes,Feedr,Norm,Duplex,1Story,5,5,1973,1973,Gable,CompShg,Plywood,Plywood,BrkFace,564.0,TA,TA,CBlock,TA,TA,No,Unf,0,Unf,0,1656,1656,GasA,TA,SBrkr,1656,0,0,1656,0,0,2,0,4,2,TA,8,Typ,0,None,Detchd,1973.0,Unf,2,506,TA,TA,Y,0,211,0,0,0,0,,None,,0,11,2008,WD,Normal,135000,0
3,3,70,RL,60.0,9550,Pave,None,IR1,Lvl,AllPub,Corner,Gtl,Crawfor,Norm,Norm,1Fam,2Story,7,5,1915,1970,Gable,CompShg,Wd Sdng,Wd Shng,None,0.0,TA,TA,BrkTil,TA,Gd,No,ALQ,216,Unf,0,540,756,GasA,Gd,SBrkr,961,756,0,1717,1,0,1,0,3,1,Gd,7,Typ,1,Gd,Detchd,1998.0,Unf,3,642,TA,TA,Y,0,35,272,0,0,0,,None,,0,2,2006,WD,Abnorml,140000,1
1313,1313,60,RL,108.0,14774,Pave,None,IR1,Lvl,AllPub,Corner,Gtl,NoRidge,Norm,Norm,1Fam,2Story,9,5,1999,1999,Gable,CompShg,VinylSd,VinylSd,BrkFace,165.0,Gd,TA,PConc,Gd,TA,No,Unf,0,Unf,0,1393,1393,GasA,Ex,SBrkr,1422,1177,0,2599,0,0,2,1,4,1,Gd,10,Typ,1,TA,BuiltIn,1999.0,Fin,3,779,TA,TA,Y,668,30,0,0,0,0,,None,,0,5,2010,WD,Normal,333168,2
467,467,70,RL,79.0,9480,Pave,None,Reg,Lvl,AllPub,Inside,Gtl,NAmes,Artery,Norm,1Fam,2Story,5,7,1942,1995,Gable,CompShg,MetalSd,MetalSd,Stone,224.0,TA,TA,CBlock,TA,TA,No,LwQ,386,Unf,0,342,728,GasA,Ex,SBrkr,888,756,0,1644,0,0,1,1,3,1,Gd,7,Typ,2,Gd,Attchd,1942.0,Unf,1,312,TA,TA,Y,168,0,0,0,0,0,,None,,0,6,2007,WD,Normal,146500,1
321,321,60,RL,99.0,12099,Pave,None,IR1,Lvl,AllPub,Inside,Gtl,NridgHt,Norm,Norm,1Fam,2Story,8,5,2004,2004,Gable,CompShg,VinylSd,VinylSd,BrkFace,388.0,Gd,TA,PConc,Ex,TA,Av,GLQ,970,Unf,0,166,1136,GasA,Ex,SBrkr,1136,1332,0,2468,1,0,2,1,4,1,Gd,10,Typ,1,Gd,BuiltIn,2004.0,Fin,3,872,TA,TA,Y,184,154,0,0,0,0,,None,,0,6,2007,WD,Normal,354000,2
5,5,50,RL,85.0,14115,Pave,None,IR1,Lvl,AllPub,Inside,Gtl,Mitchel,Norm,Norm,1Fam,1.5Fin,5,5,1993,1995,Gable,CompShg,VinylSd,VinylSd,None,0.0,TA,TA,Wood,Gd,TA,No,GLQ,732,Unf,0,64,796,GasA,Ex,SBrkr,796,566,0,1362,1,0,1,1,1,1,TA,5,Typ,0,None,Attchd,1993.0,Unf,2,480,TA,TA,Y,40,30,0,320,0,0,,MnPrv,Shed,700,10,2009,WD,Normal,143000,1
1239,1239,20,RL,64.0,9037,Pave,None,IR1,HLS,AllPub,Inside,Gtl,Timber,Norm,Norm,1Fam,1Story,8,5,2006,2006,Hip,CompShg,VinylSd,VinylSd,BrkFace,32.0,Gd,TA,PConc,Gd,TA,Av,GLQ,428,Unf,0,1048,1476,GasA,Ex,SBrkr,1484,0,0,1484,0,0,2,0,2,1,Ex,6,Typ,1,Gd,Attchd,2006.0,RFn,2,472,TA,TA,Y,120,33,0,0,0,0,,None,,0,12,2007,WD,Normal,265900,2
1093,1093,20,RL,71.0,9230,Pave,None,Reg,Lvl,AllPub,Corner,Gtl,NAmes,Feedr,Norm,1Fam,1Story,5,8,1965,1998,Hip,CompShg,MetalSd,MetalSd,BrkFace,166.0,TA,TA,CBlock,TA,TA,Mn,GLQ,661,Unf,0,203,864,GasA,Gd,SBrkr,1200,0,0,1200,1,0,1,1,1,1,Gd,6,Typ,0,None,Detchd,1977.0,Unf,2,884,TA,TA,Y,0,64,0,0,0,0,,MnPrv,,0,10,2006,WD,Normal,146000,1
715,715,20,RL,78.0,10140,Pave,None,Reg,Lvl,AllPub,Inside,Gtl,NWAmes,Norm,Norm,1Fam,1Story,6,5,1974,1974,Hip,CompShg,HdBoard,HdBoard,BrkFace,174.0,TA,TA,CBlock,Gd,TA,No,Unf,0,Unf,0,1064,1064,GasA,TA,SBrkr,1350,0,0,1350,0,0,2,0,3,1,TA,7,Typ,1,TA,Attchd,1974.0,RFn,2,478,TA,TA,Y,0,0,0,0,0,0,,MnPrv,,0,8,2009,WD,Normal,165000,1
39,39,90,RL,65.0,6040,Pave,None,Reg,Lvl,AllPub,Inside,Gtl,Edwards,Norm,Norm,Duplex,1Story,4,5,1955,1955,Gable,CompShg,AsbShng,Plywood,None,0.0,TA,TA,PConc,None,None,None,None,0,None,0,0,0,GasA,TA,FuseP,1152,0,0,1152,0,0,2,0,2,2,Fa,6,Typ,0,None,None,1980.0,None,0,0,None,None,N,0,0,0,0,0,0,,None,,0,6,2008,WD,AdjLand,82000,0
542,542,20,RL,78.0,10140,Pave,None,Reg,Lvl,AllPub,Inside,Gtl,NWAmes,RRAn,Norm,1Fam,1Story,7,5,1998,1999,Hip,CompShg,VinylSd,VinylSd,None,0.0,Gd,TA,PConc,Ex,TA,No,LwQ,144,GLQ,1127,379,1650,GasA,Ex,SBrkr,1680,0,0,1680,1,0,2,0,3,1,Gd,7,Maj1,1,TA,Attchd,1998.0,Fin,2,583,TA,TA,Y,78,73,0,0,0,0,,None,,0,6,2009,WD,Normal,213250,2
242,242,50,RM,63.0,5000,Pave,None,Reg,Lvl,AllPub,Corner,Gtl,OldTown,Norm,Norm,1Fam,1.5Fin,5,4,1900,1950,Gable,CompShg,Wd Sdng,Wd Sdng,None,0.0,TA,TA,BrkTil,TA,TA,No,Unf,0,Unf,0,540,540,GasA,Gd,FuseA,889,551,0,1440,0,0,1,0,3,1,TA,6,Typ,0,None,Attchd,1940.0,Unf,1,352,Fa,TA,Y,0,0,77,0,0,0,,None,,0,4,2006,WD,Normal,79000,0
136,136,20,RL,69.0,10355,Pave,None,IR1,Lvl,AllPub,Corner,Gtl,NAmes,Norm,Norm,1Fam,1Story,5,5,1967,1967,Gable,CompShg,MetalSd,MetalSd,BrkFace,196.0,TA,TA,CBlock,TA,TA,No,BLQ,695,Unf,0,519,1214,GasA,TA,SBrkr,1214,0,0,1214,0,0,2,0,3,1,TA,5,Typ,1,Fa,Attchd,1967.0,RFn,1,318,TA,TA,Y,0,111,0,0,0,0,,None,,0,7,2007,WD,Normal,143000,1
714,714,60,RL,69.0,13517,Pave,None,IR1,Lvl,AllPub,CulDSac,Gtl,Sawyer,RRAe,Norm,1Fam,2Story,6,8,1976,2005,Gable,CompShg,HdBoard,Plywood,BrkFace,289.0,Gd,TA,CBlock,TA,TA,No,GLQ,533,Unf,0,192,725,GasA,Ex,SBrkr,725,754,0,1479,0,0,2,1,3,1,Gd,6,Typ,0,None,Attchd,1976.0,RFn,2,475,TA,TA,Y,0,44,0,0,0,0,,None,,0,3,2010,WD,Normal,130500,0
737,737,60,RL,72.0,10463,Pave,None,IR1,HLS,AllPub,CulDSac,Gtl,Gilbert,Norm,Norm,1Fam,2Story,8,5,2005,2005,Gable,CompShg,VinylSd,VinylSd,None,0.0,Gd,TA,PConc,Gd,TA,No,Unf,0,Unf,0,893,893,GasA,Ex,SBrkr,901,900,0,1801,0,0,2,1,3,1,Gd,8,Typ,1,Gd,Attchd,2005.0,Fin,3,800,TA,TA,Y,0,116,0,0,0,0,,None,,0,6,2006,WD,Normal,239900,2
1301,1301,70,RL,69.0,7500,Pave,None,IR1,Bnk,AllPub,Inside,Gtl,Crawfor,Norm,Norm,1Fam,2Story,6,7,1942,1950,Gable,CompShg,Wd Sdng,Wd Sdng,None,0.0,TA,TA,CBlock,TA,TA,No,BLQ,547,Unf,0,224,771,GasA,Fa,SBrkr,753,741,0,1494,0,0,1,0,3,1,Gd,7,Typ,2,Gd,Attchd,1942.0,Unf,1,213,TA,TA,P,0,0,0,0,224,0,,None,,0,11,2009,WD,Normal,177500,1
1043,1043,60,RL,86.0,11839,Pave,None,Reg,Lvl,AllPub,Inside,Gtl,SawyerW,Norm,Norm,1Fam,2Story,7,5,1990,1990,Hip,CompShg,HdBoard,HdBoard,BrkFace,99.0,TA,TA,PConc,Gd,TA,No,GLQ,1085,Unf,0,390,1475,GasA,Ex,SBrkr,1532,797,0,2329,1,0,2,1,4,1,Gd,10,Typ,1,Ex,Attchd,1990.0,Unf,2,514,TA,TA,Y,192,121,0,0,0,0,,None,,0,5,2008,WD,Normal,262280,2
1330,1330,20,RL,85.0,10000,Pave,None,Reg,Lvl,AllPub,Inside,Gtl,Somerst,Norm,Norm,1Fam,1Story,8,5,2006,2006,Hip,CompShg,VinylSd,VinylSd,Stone,410.0,Gd,TA,PConc,Gd,Gd,Av,Unf,0,Unf,0,1588,1588,GasA,Ex,SBrkr,1588,0,0,1588,0,0,2,0,3,1,Gd,7,Typ,1,Gd,Attchd,2006.0,RFn,3,825,TA,TA,Y,144,45,0,0,0,0,,None,,0,12,2007,WD,Normal,227000,2
1103,1103,20,RL,79.0,8910,Pave,None,Reg,Lvl,AllPub,Corner,Gtl,NAmes,Norm,Norm,1Fam,1Story,6,6,1959,1959,Hip,CompShg,BrkFace,BrkFace,None,0.0,TA,TA,CBlock,TA,TA,Mn,ALQ,655,Unf,0,0,655,GasA,Ex,SBrkr,1194,0,0,1194,0,1,1,0,3,1,TA,6,Typ,1,Fa,BuiltIn,1954.0,Fin,2,539,TA,TA,Y,0,0,192,0,0,0,,None,,0,7,2006,WD,Normal,159500,1
752,752,20,RL,79.0,9236,Pave,None,IR1,Lvl,AllPub,Inside,Gtl,CollgCr,Norm,Norm,1Fam,1Story,6,5,1997,1997,Gable,CompShg,VinylSd,VinylSd,None,0.0,TA,Gd,PConc,Gd,TA,Gd,GLQ,1200,Unf,0,279,1479,GasA,Ex,SBrkr,1494,0,0,1494,1,0,2,0,3,1,Gd,6,Typ,0,None,Attchd,1997.0,RFn,2,576,TA,TA,Y,168,27,0,0,0,0,,None,,0,7,2006,WD,Normal,217000,2
1353,1353,50,RL,56.0,14720,Pave,None,IR1,Lvl,AllPub,CulDSac,Gtl,NoRidge,Norm,Norm,1Fam,1.5Fin,8,5,1995,1996,Hip,CompShg,VinylSd,VinylSd,BrkFace,579.0,Gd,TA,PConc,Gd,TA,Av,GLQ,816,Unf,0,1217,2033,GasA,Ex,SBrkr,2053,1185,0,3238,1,0,2,1,4,1,Gd,9,Typ,1,Ex,Attchd,1996.0,Fin,3,666,TA,TA,Y,283,86,0,0,0,0,,None,,0,3,2010,WD,Normal,410000,2
376,376,85,RL,57.0,8846,Pave,None,IR1,Lvl,AllPub,CulDSac,Gtl,CollgCr,Norm,Norm,1Fam,SFoyer,5,5,1996,1996,Gable,CompShg,VinylSd,VinylSd,None,0.0,Gd,TA,PConc,Gd,TA,Av,GLQ,298,Unf,0,572,870,GasA,Ex,SBrkr,914,0,0,914,0,0,1,0,2,1,TA,5,Typ,0,None,Detchd,1998.0,Unf,2,576,TA,TA,Y,0,0,0,0,0,0,,None,,0,7,2006,WD,Normal,148000,1
314,314,70,RM,60.0,9600,Pave,Grvl,Reg,Lvl,AllPub,Inside,Gtl,OldTown,Norm,Norm,1Fam,2Story,7,7,1925,1990,Gable,CompShg,Wd Sdng,Wd Sdng,None,0.0,TA,TA,BrkTil,TA,Gd,No,LwQ,16,Unf,0,712,728,GasA,Ex,SBrkr,832,809,0,1641,0,1,1,1,3,1,Ex,6,Typ,1,Gd,Detchd,1925.0,Unf,2,546,Fa,TA,Y,0,0,234,0,0,0,,None,,0,8,2006,WD,Normal,178000,1
442,442,50,RM,52.0,6240,Pave,None,Reg,Lvl,AllPub,Inside,Gtl,BrkSide,Norm,Norm,1Fam,1.5Fin,5,7,1930,1992,Gable,CompShg,MetalSd,MetalSd,None,0.0,TA,TA,PConc,TA,TA,No,Unf,0,Unf,0,1078,1078,GasA,TA,SBrkr,1128,445,0,1573,0,0,2,0,3,1,TA,8,Typ,1,Gd,Detchd,1930.0,Unf,2,360,TA,TA,P,0,0,0,0,0,0,,None,,0,6,2008,WD,Normal,162900,1
319,319,80,RL,69.0,14115,Pave,None,Reg,Lvl,AllPub,Inside,Gtl,NWAmes,Norm,Norm,1Fam,SLvl,7,5,1980,1980,Gable,CompShg,Plywood,Plywood,BrkFace,225.0,TA,TA,CBlock,Gd,TA,Av,GLQ,1036,Unf,0,336,1372,GasA,TA,SBrkr,1472,0,0,1472,1,0,2,0,3,1,TA,6,Typ,2,TA,Attchd,1980.0,Unf,2,588,TA,TA,Y,233,48,0,0,0,0,,None,,0,6,2009,WD,Normal,187500,1
767,767,50,RL,75.0,12508,Pave,None,IR1,Lvl,AllPub,Inside,Gtl,Mitchel,Norm,Norm,1Fam,1.5Fin,6,7,1940,1985,Gable,CompShg,VinylSd,VinylSd,None,0.0,TA,TA,CBlock,Gd,TA,Mn,ALQ,660,Unf,0,323,983,GasA,Ex,SBrkr,983,767,0,1750,1,0,2,0,4,1,TA,7,Mod,0,None,Attchd,1989.0,Unf,1,423,TA,TA,Y,245,0,156,0,0,0,,None,Shed,1300,7,2008,WD,Normal,160000,1
756,756,60,RL,68.0,10769,Pave,None,IR1,Lvl,AllPub,Inside,Gtl,CollgCr,Norm,Norm,1Fam,2Story,8,5,2007,2007,Gable,CompShg,VinylSd,VinylSd,None,0.0,Gd,TA,PConc,Gd,TA,Av,GLQ,20,Unf,0,846,866,GasA,Ex,SBrkr,866,902,0,1768,0,0,2,1,3,1,Gd,7,Typ,0,None,Attchd,2007.0,RFn,2,578,TA,TA,Y,144,105,0,0,0,0,,None,,0,4,2009,WD,Normal,212000,2
424,424,20,RL,72.0,9000,Pave,None,Reg,Lvl,AllPub,Inside,Gtl,NAmes,Norm,Norm,1Fam,1Story,6,5,1956,1956,Gable,CompShg,Wd Sdng,Wd Sdng,BrkFace,74.0,TA,TA,CBlock,Gd,TA,No,LwQ,616,Unf,0,580,1196,GasA,Gd,FuseA,1196,0,0,1196,1,0,1,0,2,1,TA,6,Typ,1,Gd,Attchd,1956.0,RFn,1,297,TA,TA,Y,0,44,0,0,0,0,,None,,0,5,2008,WD,Normal,139000,0
553,553,20,RL,67.0,8777,Pave,None,Reg,Lvl,AllPub,Inside,Gtl,Edwards,Feedr,Norm,1Fam,1Story,4,5,1949,2003,Gable,CompShg,VinylSd,VinylSd,None,0.0,TA,TA,CBlock,None,None,None,None,0,None,0,0,0,GasA,Ex,SBrkr,1126,0,0,1126,0,0,2,0,2,1,Gd,5,Typ,0,None,Detchd,2002.0,Fin,2,520,TA,TA,N,0,96,0,0,0,0,,MnPrv,,0,5,2009,WD,Normal,108000,0
1035,1035,20,RL,69.0,11500,Pave,None,IR1,Lvl,AllPub,CulDSac,Gtl,Edwards,Norm,Norm,1Fam,1Story,4,3,1957,1957,Gable,CompShg,Wd Sdng,Wd Sdng,None,0.0,TA,Gd,Slab,None,None,None,None,0,None,0,0,0,GasA,Ex,SBrkr,845,0,0,845,0,0,1,0,3,1,TA,5,Typ,0,None,Detchd,1957.0,Unf,1,290,TA,TA,N,186,0,0,0,0,0,,None,,0,1,2009,WD,Normal,84000,0
953,953,60,RL,69.0,11075,Pave,None,IR1,Lvl,AllPub,Inside,Mod,Mitchel,Norm,Norm,1Fam,2Story,5,4,1969,1969,Gable,CompShg,HdBoard,HdBoard,BrkFace,232.0,TA,TA,CBlock,TA,TA,Av,ALQ,562,LwQ,193,29,784,GasA,Ex,SBrkr,1168,800,0,1968,0,1,2,1,4,1,TA,7,Min2,1,Po,Attchd,1969.0,RFn,2,530,TA,TA,Y,305,189,0,0,0,0,,MnPrv,Shed,400,9,2008,WD,Normal,172000,1
1185,1185,50,RL,60.0,9738,Pave,None,Reg,Lvl,AllPub,Inside,Gtl,Edwards,Norm,Norm,1Fam,1.5Fin,5,7,1924,1950,Gable,CompShg,AsbShng,AsbShng,None,0.0,TA,Gd,BrkTil,TA,TA,No,BLQ,392,Unf,0,392,784,GasA,Gd,SBrkr,949,272,0,1221,1,0,1,0,4,1,TA,7,Typ,0,None,Attchd,1965.0,Unf,1,392,TA,TA,Y,0,0,236,0,0,0,,None,,0,3,2006,WD,Normal,104900,0
596,596,70,RM,60.0,3600,Pave,Grvl,Reg,Lvl,AllPub,Inside,Gtl,OldTown,Norm,Norm,1Fam,2Story,6,7,1910,1993,Gable,CompShg,VinylSd,VinylSd,None,0.0,TA,TA,CBlock,TA,TA,No,Unf,0,Unf,0,684,684,GasA,Ex,FuseA,684,684,0,1368,0,0,1,0,3,1,TA,7,Typ,0,None,Detchd,1930.0,Unf,1,216,TA,Fa,N,0,158,0,0,0,0,,None,,0,10,2006,WD,Normal,114504,0
227,227,160,RM,21.0,1869,Pave,None,Reg,Lvl,AllPub,Inside,Gtl,BrDale,Norm,Norm,Twnhs,2Story,6,6,1970,1970,Gable,CompShg,HdBoard,HdBoard,BrkFace,127.0,TA,TA,CBlock,TA,TA,No,Rec,321,Unf,0,162,483,GasA,TA,SBrkr,483,504,0,987,0,0,1,1,2,1,TA,5,Typ,0,None,Detchd,1987.0,Unf,1,280,TA,TA,Y,0,0,0,0,0,0,,None,,0,9,2008,WD,Normal,106000,0
1106,1106,20,RL,114.0,10357,Pave,None,IR1,Lvl,AllPub,Corner,Gtl,SawyerW,Feedr,Norm,1Fam,1Story,7,5,1990,1991,Hip,CompShg,HdBoard,HdBoard,None,0.0,Gd,TA,PConc,Gd,TA,Mn,GLQ,738,Unf,0,172,910,GasA,Gd,SBrkr,1442,0,0,1442,1,0,2,0,3,1,Gd,6,Typ,1,TA,Attchd,1990.0,Fin,2,719,TA,TA,Y,0,244,0,0,0,0,,None,,0,5,2007,WD,Normal,179900,1
771,771,20,RL,67.0,8877,Pave,None,Reg,Lvl,AllPub,Inside,Gtl,Edwards,Norm,Norm,1Fam,1Story,4,5,1951,1951,Gable,CompShg,Wd Sdng,Wd Sdng,None,0.0,TA,TA,CBlock,Fa,Fa,No,LwQ,836,Unf,0,0,836,GasA,TA,FuseF,1220,0,0,1220,0,0,1,0,2,1,TA,6,Typ,0,None,Detchd,1951.0,Unf,2,396,TA,TA,Y,0,0,0,0,0,0,,None,,0,4,2006,COD,Normal,102000,0
933,933,20,RL,63.0,8487,Pave,None,Reg,Lvl,AllPub,FR2,Gtl,CollgCr,Norm,Norm,1Fam,1Story,7,5,2004,2004,Gable,CompShg,VinylSd,VinylSd,BrkFace,210.0,Gd,TA,PConc,Gd,TA,Av,GLQ,20,Unf,0,1480,1500,GasA,Ex,SBrkr,1500,0,0,1500,0,0,2,0,3,1,Gd,6,Typ,0,None,Attchd,2004.0,RFn,2,570,TA,TA,Y,192,36,0,0,0,0,,None,,0,8,2009,WD,Normal,190000,2
1417,1417,60,RL,69.0,16545,Pave,None,IR1,Lvl,AllPub,Inside,Gtl,NoRidge,Norm,Norm,1Fam,2Story,8,5,1998,1998,Gable,CompShg,VinylSd,VinylSd,BrkFace,731.0,Gd,TA,PConc,Gd,TA,Mn,GLQ,781,Unf,0,503,1284,GasA,Ex,SBrkr,1310,1140,0,2450,1,0,2,1,3,1,Gd,7,Typ,1,TA,Attchd,1998.0,Fin,3,1069,TA,TA,Y,0,126,0,0,0,0,,None,,0,5,2009,WD,Normal,340000,2
66,66,20,RL,69.0,19900,Pave,None,Reg,Lvl,AllPub,Inside,Gtl,NAmes,PosA,Norm,1Fam,1Story,7,5,1970,1989,Gable,CompShg,Plywood,Plywood,BrkFace,287.0,TA,TA,CBlock,Gd,TA,Gd,GLQ,912,Unf,0,1035,1947,GasA,TA,SBrkr,2207,0,0,2207,1,0,2,0,3,1,TA,7,Min1,1,Gd,Attchd,1970.0,RFn,2,576,TA,TA,Y,301,0,0,0,0,0,,None,,0,7,2010,WD,Normal,180000,1
999,999,20,RL,64.0,6762,Pave,None,Reg,Lvl,AllPub,Inside,Gtl,CollgCr,Norm,Norm,1Fam,1Story,7,5,2006,2006,Gable,CompShg,VinylSd,VinylSd,Stone,24.0,Gd,TA,PConc,Gd,TA,Av,GLQ,686,Unf,0,501,1187,GasA,Ex,SBrkr,1208,0,0,1208,1,0,2,0,2,1,Gd,6,Typ,0,None,Attchd,2006.0,RFn,2,632,TA,TA,Y,105,61,0,0,0,0,,None,,0,2,2010,WD,Normal,206000,2
579,579,50,RM,81.0,12150,Pave,Grvl,Reg,Lvl,AllPub,Inside,Gtl,OldTown,Norm,Norm,1Fam,1.5Fin,5,5,1954,1954,Gable,CompShg,MetalSd,MetalSd,BrkFace,335.0,TA,TA,BrkTil,TA,TA,No,Unf,0,Unf,0,1050,1050,GasA,Ex,FuseF,1050,745,0,1795,0,0,2,0,4,1,TA,7,Typ,0,None,Attchd,1954.0,Unf,1,352,Fa,TA,Y,0,0,0,0,0,0,,None,,0,11,2008,WD,Normal,131500,0
942,942,90,RL,42.0,7711,Pave,None,IR1,Lvl,AllPub,Inside,Gtl,Edwards,Norm,Norm,Duplex,1Story,4,3,1977,1977,Gable,CompShg,MetalSd,MetalSd,None,0.0,TA,TA,PConc,Gd,TA,Gd,GLQ,1440,Unf,0,0,1440,GasA,TA,SBrkr,1440,0,0,1440,2,0,2,0,4,2,TA,8,Typ,0,None,None,1980.0,None,0,0,None,None,N,321,0,0,0,0,0,,None,,0,8,2007,Oth,Abnorml,150000,1
211,211,20,RL,83.0,10420,Pave,None,Reg,Lvl,AllPub,Corner,Gtl,Edwards,Norm,Norm,1Fam,1Story,6,5,2009,2009,Gable,CompShg,VinylSd,VinylSd,None,0.0,TA,TA,PConc,Gd,TA,Mn,GLQ,36,Unf,0,1176,1212,GasA,Ex,SBrkr,1212,0,0,1212,0,0,2,0,3,1,Gd,6,Typ,0,None,Attchd,2009.0,RFn,2,460,TA,TA,Y,100,22,0,0,0,0,,None,,0,3,2010,WD,Normal,186000,1
1148,1148,50,RM,69.0,5700,Pave,None,Reg,Lvl,AllPub,Inside,Gtl,OldTown,Norm,Norm,1Fam,1.5Fin,7,7,1926,1950,Gable,CompShg,Wd Sdng,Wd Sdng,None,0.0,TA,TA,PConc,TA,TA,No,Unf,0,Unf,0,572,572,GasA,TA,SBrkr,572,539,0,1111,0,0,1,0,2,1,TA,5,Typ,1,Gd,Detchd,1982.0,Unf,1,288,TA,TA,Y,0,0,176,0,0,0,,None,,0,8,2008,WD,Normal,116900,0
745,745,60,RL,69.0,8963,Pave,None,IR1,Lvl,AllPub,Inside,Gtl,NWAmes,Norm,Norm,1Fam,2Story,8,9,1976,1996,Hip,CompShg,VinylSd,VinylSd,BrkFace,289.0,Ex,Gd,CBlock,TA,Gd,No,GLQ,575,ALQ,80,487,1142,GasA,Ex,SBrkr,1175,1540,0,2715,0,1,3,1,4,1,Gd,11,Typ,2,TA,BuiltIn,1994.0,Fin,2,831,TA,TA,Y,0,204,0,0,0,0,,None,,0,7,2008,WD,Normal,299800,2
536,536,60,RL,57.0,8924,Pave,None,IR1,Lvl,AllPub,CulDSac,Gtl,CollgCr,Norm,Norm,1Fam,2Story,7,5,1998,1999,Gable,CompShg,VinylSd,VinylSd,None,0.0,TA,TA,PConc,Gd,TA,Av,Unf,0,Unf,0,880,880,GasA,Ex,SBrkr,880,844,0,1724,0,0,2,1,3,1,Gd,8,Typ,0,None,Attchd,1998.0,Fin,2,527,TA,TA,Y,120,155,0,0,0,0,,None,,0,7,2008,WD,Normal,188000,1
1286,1286,20,RL,69.0,9790,Pave,None,Reg,Lvl,AllPub,Inside,Gtl,NWAmes,Feedr,Norm,1Fam,1Story,6,5,1963,1963,Hip,CompShg,HdBoard,HdBoard,BrkFace,451.0,TA,TA,CBlock,TA,TA,No,ALQ,569,Rec,81,678,1328,GasA,TA,SBrkr,1328,0,0,1328,1,0,1,1,3,1,TA,6,Typ,2,Gd,Attchd,1963.0,Unf,2,528,TA,TA,Y,0,26,0,0,0,0,,None,,0,6,2010,WD,Normal,143000,1
1295,1295,20,RL,70.0,8400,Pave,None,Reg,Lvl,AllPub,Inside,Gtl,NAmes,Feedr,Norm,1Fam,1Story,5,5,1968,1968,Hip,CompShg,HdBoard,HdBoard,BrkFace,168.0,TA,TA,CBlock,TA,TA,Av,BLQ,1016,Unf,0,36,1052,GasA,Gd,SBrkr,1052,0,0,1052,1,0,1,1,3,1,TA,5,Typ,0,None,Attchd,1968.0,RFn,1,288,TA,TA,Y,356,0,0,0,0,0,,GdWo,,0,11,2006,WD,Normal,138500,0
85,85,60,RL,121.0,16059,Pave,None,Reg,Lvl,AllPub,Corner,Gtl,NoRidge,Norm,Norm,1Fam,2Story,8,5,1991,1992,Hip,CompShg,HdBoard,HdBoard,BrkFace,284.0,Gd,TA,CBlock,Gd,TA,No,Unf,0,Unf,0,1288,1288,GasA,Ex,SBrkr,1301,1116,0,2417,0,0,2,1,4,1,Gd,9,Typ,1,TA,Attchd,1991.0,Unf,2,462,TA,TA,Y,127,82,0,0,0,0,,None,,0,4,2006,WD,Normal,260000,2
1314,1314,20,RL,60.0,8190,Pave,None,Reg,Lvl,AllPub,Inside,Gtl,Edwards,Norm,Norm,1Fam,1Story,4,6,1954,1954,Hip,CompShg,Wd Sdng,Wd Sdng,None,0.0,TA,TA,CBlock,TA,TA,No,Rec,732,Unf,0,216,948,GasA,Ex,SBrkr,948,0,0,948,1,0,1,0,3,1,TA,5,Typ,1,TA,Detchd,1956.0,Unf,1,280,TA,TA,Y,0,36,0,0,0,0,,None,,0,10,2007,WD,Normal,119000,0
974,974,70,RL,60.0,11414,Pave,None,IR1,Lvl,AllPub,Corner,Gtl,BrkSide,RRAn,Feedr,1Fam,2Story,7,8,1910,1993,Gable,CompShg,HdBoard,HdBoard,None,0.0,TA,Gd,BrkTil,Gd,TA,No,Unf,0,Unf,0,728,728,GasA,TA,SBrkr,1136,883,0,2019,0,0,1,0,3,1,Gd,8,Typ,0,None,Detchd,1997.0,Unf,2,532,TA,TA,Y,509,135,0,0,0,0,,GdPrv,,0,10,2009,WD,Normal,167500,1
976,976,30,RL,51.0,5900,Pave,None,IR1,Bnk,AllPub,Inside,Gtl,BrkSide,Norm,Norm,1Fam,1Story,4,7,1923,1958,Gable,CompShg,Wd Sdng,Wd Sdng,None,0.0,TA,TA,PConc,Gd,TA,No,Unf,0,Unf,0,440,440,GasA,TA,FuseA,869,0,0,869,0,0,1,0,2,1,Fa,4,Typ,0,None,None,1980.0,None,0,0,None,None,Y,0,0,0,0,0,0,,None,,0,8,2006,WD,Normal,85500,0
631,631,120,RL,34.0,4590,Pave,None,Reg,Lvl,AllPub,Inside,Gtl,NridgHt,Norm,Norm,Twnhs,1Story,8,5,2006,2006,Gable,CompShg,VinylSd,VinylSd,Stone,108.0,Gd,TA,PConc,Gd,Gd,Mn,GLQ,24,Unf,0,1530,1554,GasA,Ex,SBrkr,1554,0,0,1554,0,0,2,0,2,1,Gd,6,Typ,1,Gd,Attchd,2006.0,RFn,2,627,TA,TA,Y,156,73,0,0,0,0,,None,,0,8,2007,WD,Normal,209500,2
1315,1315,60,RL,85.0,11075,Pave,None,Reg,Lvl,AllPub,Inside,Gtl,NAmes,Norm,Norm,1Fam,2Story,6,5,1969,1969,Gable,CompShg,HdBoard,HdBoard,None,0.0,TA,TA,CBlock,Fa,TA,Mn,ALQ,500,LwQ,276,176,952,GasA,TA,SBrkr,1092,1020,0,2112,0,0,2,1,4,1,TA,9,Typ,2,Gd,Attchd,1969.0,Unf,2,576,TA,TA,Y,280,0,0,0,0,0,,None,,0,6,2008,WD,Normal,206900,2
1383,1383,30,RL,69.0,25339,Pave,None,Reg,Lvl,AllPub,Inside,Gtl,Sawyer,Norm,Norm,1Fam,1Story,5,7,1918,2007,Gable,CompShg,Wd Sdng,Wd Sdng,None,0.0,TA,Gd,BrkTil,TA,TA,No,Unf,0,Unf,0,816,816,GasA,Ex,SBrkr,1416,0,0,1416,0,0,2,0,3,1,Gd,7,Typ,0,None,Attchd,2007.0,Unf,2,576,TA,TA,N,0,0,112,0,0,0,,None,,0,8,2007,WD,Normal,112000,0
1401,1401,60,RL,62.0,7415,Pave,None,IR1,Lvl,AllPub,Inside,Gtl,Gilbert,Norm,Norm,1Fam,2Story,6,5,2004,2004,Gable,CompShg,VinylSd,VinylSd,None,0.0,TA,TA,PConc,TA,TA,No,GLQ,759,Unf,0,80,839,GasA,Ex,SBrkr,864,729,0,1593,1,0,2,1,3,1,TA,8,Typ,1,TA,Attchd,2004.0,Fin,2,398,TA,TA,Y,100,75,0,0,0,0,,None,,0,4,2008,WD,Normal,193000,2
949,949,20,RL,78.0,9360,Pave,None,Reg,Lvl,AllPub,Inside,Gtl,NWAmes,Norm,Norm,1Fam,1Story,6,7,1972,2006,Hip,CompShg,Plywood,Plywood,None,0.0,TA,TA,CBlock,TA,TA,No,ALQ,982,Unf,0,179,1161,GasA,TA,SBrkr,1381,0,0,1381,1,0,1,1,3,1,Gd,5,Typ,1,TA,Attchd,1972.0,RFn,2,676,TA,TA,Y,0,0,0,0,0,0,,None,,0,3,2010,WD,Normal,197500,2
273,273,20,RL,80.0,9600,Pave,None,Reg,Lvl,AllPub,Inside,Gtl,NAmes,Feedr,Norm,1Fam,1Story,6,6,1958,1988,Hip,CompShg,Wd Sdng,Wd Sdng,BrkCmn,183.0,TA,TA,CBlock,TA,TA,No,Rec,620,LwQ,620,0,1240,GasA,Gd,SBrkr,1632,0,0,1632,1,0,2,0,3,1,TA,6,Min1,1,Gd,Attchd,1958.0,RFn,1,338,TA,TA,Y,289,0,0,0,0,0,,MnPrv,,0,4,2009,WD,Normal,139000,0
1034,1034,30,RL,50.0,6305,Pave,None,Reg,Bnk,AllPub,Inside,Gtl,Crawfor,Norm,Norm,1Fam,1Story,5,7,1938,1950,Gable,CompShg,MetalSd,MetalSd,None,0.0,TA,Gd,PConc,Fa,Fa,No,Unf,0,Unf,0,920,920,GasA,Ex,SBrkr,954,0,0,954,0,0,1,0,2,1,Fa,5,Typ,1,Gd,Basment,1938.0,Unf,1,240,Fa,TA,Y,0,0,0,0,0,0,,MnPrv,,0,6,2007,WD,Normal,119750,0
362,362,85,RL,64.0,7301,Pave,None,Reg,Lvl,AllPub,Corner,Gtl,Edwards,Norm,Norm,1Fam,SFoyer,7,5,2003,2003,Gable,CompShg,HdBoard,HdBoard,BrkFace,500.0,Gd,TA,Slab,None,None,None,None,0,None,0,0,0,GasA,Ex,SBrkr,495,1427,0,1922,0,0,3,0,4,1,Gd,7,Typ,1,Ex,BuiltIn,2003.0,RFn,2,672,TA,TA,Y,0,0,177,0,0,0,,None,,0,7,2009,ConLD,Normal,198500,2
622,622,20,RL,71.0,7064,Pave,None,Reg,Lvl,AllPub,Inside,Gtl,Sawyer,Norm,Norm,1Fam,1Story,5,6,1977,1977,Gable,CompShg,Plywood,Plywood,BrkFace,153.0,TA,TA,CBlock,TA,TA,No,BLQ,560,Unf,0,420,980,GasA,TA,SBrkr,980,0,0,980,0,0,1,0,3,1,TA,6,Typ,0,None,Detchd,1986.0,Unf,2,484,TA,TA,Y,192,0,0,0,0,0,,None,,0,7,2009,WD,Normal,135000,0
2,2,60,RL,68.0,11250,Pave,None,IR1,Lvl,AllPub,Inside,Gtl,CollgCr,Norm,Norm,1Fam,2Story,7,5,2001,2002,Gable,CompShg,VinylSd,VinylSd,BrkFace,162.0,Gd,TA,PConc,Gd,TA,Mn,GLQ,486,Unf,0,434,920,GasA,Ex,SBrkr,920,866,0,1786,1,0,2,1,3,1,Gd,6,Typ,1,TA,Attchd,2001.0,RFn,2,608,TA,TA,Y,0,42,0,0,0,0,,None,,0,9,2008,WD,Normal,223500,2
6,6,20,RL,75.0,10084,Pave,None,Reg,Lvl,AllPub,Inside,Gtl,Somerst,Norm,Norm,1Fam,1Story,8,5,2004,2005,Gable,CompShg,VinylSd,VinylSd,Stone,186.0,Gd,TA,PConc,Ex,TA,Av,GLQ,1369,Unf,0,317,1686,GasA,Ex,SBrkr,1694,0,0,1694,1,0,2,0,3,1,Gd,7,Typ,1,Gd,Attchd,2004.0,RFn,2,636,TA,TA,Y,255,57,0,0,0,0,,None,,0,8,2007,WD,Normal,307000,2
311,311,20,RL,50.0,8000,Pave,None,Reg,Lvl,AllPub,Inside,Gtl,NAmes,Norm,Norm,1Fam,1Story,6,6,1948,2002,Gable,CompShg,VinylSd,VinylSd,None,0.0,TA,Gd,CBlock,TA,TA,No,ALQ,680,Unf,0,292,972,GasA,Ex,SBrkr,972,0,0,972,1,0,1,0,2,1,TA,5,Typ,1,Gd,Detchd,1948.0,Unf,1,240,TA,TA,Y,0,0,0,0,0,0,,None,,0,5,2009,WD,Normal,132000,0
668,668,20,RL,69.0,14175,Pave,None,Reg,Bnk,AllPub,Corner,Mod,Sawyer,Norm,Norm,1Fam,1Story,5,6,1956,1987,Gable,CompShg,CemntBd,Wd Sdng,None,0.0,TA,TA,CBlock,TA,TA,No,Rec,988,Unf,0,200,1188,GasA,Gd,SBrkr,1437,0,0,1437,1,0,1,1,3,1,TA,6,Min2,1,TA,Detchd,1999.0,Unf,2,576,TA,TA,Y,304,0,0,0,0,0,,None,,0,11,2006,WD,Normal,168000,1
1037,1037,60,RL,69.0,9240,Pave,None,Reg,Lvl,AllPub,Inside,Gtl,CollgCr,Norm,Norm,1Fam,2Story,8,5,2001,2002,Gable,CompShg,VinylSd,VinylSd,BrkFace,396.0,Gd,TA,PConc,Gd,TA,No,Unf,0,Unf,0,1055,1055,GasA,Ex,SBrkr,1055,1208,0,2263,0,0,2,1,3,1,Gd,7,Typ,1,TA,BuiltIn,2001.0,Fin,2,905,TA,TA,Y,0,45,0,0,189,0,,None,,0,9,2008,WD,Normal,287000,2
1439,1439,60,RL,80.0,11584,Pave,None,Reg,Lvl,AllPub,Inside,Gtl,NWAmes,Norm,Norm,1Fam,SLvl,7,6,1979,1979,Hip,CompShg,HdBoard,HdBoard,BrkFace,96.0,TA,TA,CBlock,TA,TA,No,GLQ,315,Rec,110,114,539,GasA,TA,SBrkr,1040,685,0,1725,0,0,2,1,3,1,TA,6,Typ,1,TA,Attchd,1979.0,RFn,2,550,TA,TA,Y,0,88,216,0,0,0,,None,,0,11,2007,WD,Normal,197000,2
215,215,20,RL,72.0,10011,Pave,None,IR1,Lvl,AllPub,Inside,Gtl,NAmes,Norm,Norm,1Fam,1Story,5,6,1957,1996,Gable,CompShg,HdBoard,HdBoard,BrkFace,64.0,TA,TA,CBlock,TA,TA,No,BLQ,360,Unf,0,710,1070,GasA,TA,SBrkr,1236,0,0,1236,0,1,1,0,2,1,Gd,6,Min1,1,Fa,Attchd,1957.0,Unf,1,447,TA,TA,Y,0,0,0,0,0,0,,MnPrv,,0,5,2006,WD,Normal,134450,0
1119,1119,20,RL,70.0,7560,Pave,None,Reg,Lvl,AllPub,Inside,Gtl,NAmes,Norm,Norm,1Fam,1Story,5,5,1959,1959,Gable,CompShg,BrkFace,Wd Sdng,None,0.0,TA,TA,CBlock,TA,TA,No,LwQ,369,Unf,0,671,1040,GasA,TA,FuseA,1040,0,0,1040,0,0,1,0,3,1,TA,6,Typ,0,None,Attchd,1959.0,RFn,1,286,TA,TA,Y,140,0,252,0,0,0,,GdWo,,0,7,2006,WD,Normal,133700,0
27,27,20,RL,98.0,11478,Pave,None,Reg,Lvl,AllPub,Inside,Gtl,NridgHt,Norm,Norm,1Fam,1Story,8,5,2007,2008,Gable,CompShg,VinylSd,VinylSd,Stone,200.0,Gd,TA,PConc,Ex,TA,No,GLQ,1218,Unf,0,486,1704,GasA,Ex,SBrkr,1704,0,0,1704,1,0,2,0,3,1,Gd,7,Typ,1,Gd,Attchd,2008.0,RFn,3,772,TA,TA,Y,0,50,0,0,0,0,,None,,0,5,2010,WD,Normal,306000,2
1055,1055,20,RL,104.0,11361,Pave,None,Reg,Lvl,AllPub,Inside,Gtl,NWAmes,Norm,Norm,1Fam,1Story,6,5,1976,1976,Gable,CompShg,Plywood,Plywood,BrkFace,160.0,TA,TA,CBlock,Gd,TA,No,ALQ,644,Unf,0,549,1193,GasA,TA,SBrkr,1523,0,0,1523,0,1,2,0,3,1,TA,7,Typ,1,TA,Attchd,1976.0,Fin,2,478,TA,TA,Y,0,0,0,0,189,0,,MnPrv,,0,5,2008,COD,Abnorml,180000,1
824,824,20,FV,81.0,11216,Pave,None,Reg,Lvl,AllPub,Inside,Gtl,Somerst,Norm,Norm,1Fam,1Story,8,5,2006,2006,Gable,CompShg,VinylSd,VinylSd,None,0.0,Gd,TA,PConc,Gd,Gd,No,Unf,0,Unf,0,1489,1489,GasA,Ex,SBrkr,1489,0,0,1489,0,0,2,0,3,1,Gd,7,Typ,1,Gd,Attchd,2006.0,RFn,2,776,TA,TA,Y,0,140,0,0,0,0,,None,,0,6,2006,New,Partial,232600,2
1415,1415,120,RL,51.0,3635,Pave,None,Reg,Lvl,AllPub,Inside,Gtl,Blmngtn,Norm,Norm,TwnhsE,1Story,7,5,2007,2007,Hip,CompShg,VinylSd,VinylSd,BrkFace,130.0,Gd,TA,PConc,Gd,TA,No,ALQ,988,Unf,0,398,1386,GasA,Ex,SBrkr,1569,0,0,1569,0,1,2,0,1,1,Gd,7,Typ,1,TA,Attchd,2007.0,RFn,3,660,TA,TA,Y,143,20,0,0,0,0,,None,,0,5,2009,WD,Normal,175900,1
1198,1198,20,RL,70.0,9100,Pave,None,Reg,Lvl,AllPub,Inside,Gtl,CollgCr,Norm,Norm,1Fam,1Story,7,5,2001,2001,Gable,CompShg,VinylSd,VinylSd,None,0.0,Gd,TA,PConc,Gd,TA,No,Unf,0,Unf,0,1212,1212,GasA,Ex,SBrkr,1212,0,0,1212,0,0,2,0,3,1,Gd,6,Typ,0,None,Attchd,2001.0,RFn,2,573,TA,TA,Y,356,0,0,0,0,0,,None,,0,6,2009,WD,Normal,178000,1
1280,1280,20,RL,67.0,9808,Pave,None,IR1,Lvl,AllPub,Inside,Gtl,CollgCr,Norm,Norm,1Fam,1Story,7,5,2002,2002,Gable,CompShg,VinylSd,VinylSd,BrkFace,110.0,Gd,TA,PConc,Gd,TA,No,GLQ,788,Unf,0,785,1573,GasA,Ex,SBrkr,1573,0,0,1573,1,0,2,0,3,1,Gd,6,Typ,0,None,Attchd,2002.0,RFn,2,544,TA,TA,Y,0,72,0,0,0,0,,None,,0,3,2009,WD,Normal,227000,2
624,624,60,RL,80.0,10400,Pave,None,Reg,Lvl,AllPub,Inside,Gtl,NWAmes,Norm,Norm,1Fam,2Story,6,5,1972,1972,Gable,CompShg,VinylSd,VinylSd,None,288.0,TA,TA,CBlock,TA,TA,No,Rec,247,Unf,0,485,732,GasA,Gd,SBrkr,1012,778,0,1790,1,0,1,2,4,1,TA,8,Min2,1,TA,Attchd,1972.0,RFn,2,484,TA,TA,Y,148,0,0,0,147,0,,None,,0,11,2006,WD,Normal,165150,1
807,807,70,RL,144.0,21384,Pave,None,Reg,Lvl,AllPub,Inside,Gtl,BrkSide,Norm,Norm,1Fam,2Story,5,6,1923,2004,Gable,CompShg,Wd Sdng,Wd Sdng,None,0.0,TA,TA,CBlock,TA,TA,Gd,GLQ,1309,Unf,0,15,1324,GasA,Ex,SBrkr,1072,504,0,1576,2,0,1,1,3,1,Gd,6,Typ,1,TA,Attchd,1923.0,RFn,2,528,TA,TA,Y,0,312,0,0,0,0,,None,,0,5,2009,WD,Normal,223500,2
256,256,60,FV,64.0,8791,Pave,None,IR1,Lvl,AllPub,Inside,Gtl,Somerst,Norm,Norm,1Fam,2Story,6,5,2003,2003,Gable,CompShg,VinylSd,VinylSd,None,0.0,Gd,TA,PConc,Gd,TA,No,Rec,503,Unf,0,361,864,GasA,Ex,SBrkr,864,864,0,1728,0,0,2,1,3,1,Gd,7,Typ,0,None,Attchd,2003.0,RFn,2,673,TA,TA,Y,216,56,0,0,0,0,,None,,0,5,2008,WD,Normal,207500,2
25,25,20,RL,110.0,14230,Pave,None,Reg,Lvl,AllPub,Corner,Gtl,NridgHt,Norm,Norm,1Fam,1Story,8,5,2007,2007,Gable,CompShg,VinylSd,VinylSd,Stone,640.0,Gd,TA,PConc,Gd,TA,No,Unf,0,Unf,0,1566,1566,GasA,Ex,SBrkr,1600,0,0,1600,0,0,2,0,3,1,Gd,7,Typ,1,Gd,Attchd,2007.0,RFn,3,890,TA,TA,Y,0,56,0,0,0,0,,None,,0,7,2009,WD,Normal,256300,2
336,336,20,RL,86.0,14157,Pave,None,IR1,HLS,AllPub,Corner,Gtl,StoneBr,Norm,Norm,1Fam,1Story,9,5,2005,2006,Hip,CompShg,VinylSd,VinylSd,Stone,200.0,Gd,TA,PConc,Ex,TA,Gd,GLQ,1249,Unf,0,673,1922,GasA,Ex,SBrkr,1922,0,0,1922,1,0,2,0,3,1,Gd,8,Typ,1,Gd,Attchd,2005.0,Fin,3,676,TA,TA,Y,178,51,0,0,0,0,,None,,0,7,2007,WD,Normal,377426,2
572,572,60,RL,83.0,13159,Pave,None,IR1,HLS,AllPub,Corner,Gtl,Timber,Norm,Norm,1Fam,2Story,7,5,2009,2009,Gable,CompShg,VinylSd,VinylSd,None,0.0,TA,TA,PConc,Ex,TA,Av,Unf,0,Unf,0,846,846,GasA,Gd,SBrkr,846,846,0,1692,0,0,2,1,3,1,Gd,6,Typ,0,None,Attchd,2009.0,RFn,2,650,TA,TA,Y,208,114,0,0,0,0,,None,,0,7,2009,New,Partial,224500,2
47,47,20,FV,84.0,11096,Pave,None,Reg,Lvl,AllPub,Inside,Gtl,Somerst,Norm,Norm,1Fam,1Story,8,5,2006,2006,Gable,CompShg,VinylSd,VinylSd,None,0.0,Gd,TA,PConc,Gd,TA,Av,GLQ,24,Unf,0,1632,1656,GasA,Ex,SBrkr,1656,0,0,1656,0,0,2,0,3,1,Gd,7,Typ,0,None,Attchd,2006.0,RFn,3,826,TA,TA,Y,0,146,0,0,0,0,,None,,0,7,2007,WD,Normal,249700,2
106,106,30,RM,60.0,10800,Pave,Grvl,Reg,Lvl,AllPub,Inside,Gtl,OldTown,Norm,Norm,1Fam,1Story,4,7,1885,1995,Mansard,CompShg,VinylSd,VinylSd,None,0.0,TA,TA,BrkTil,Fa,TA,No,Unf,0,Unf,0,641,641,GasA,Gd,SBrkr,1047,0,0,1047,0,0,1,0,2,1,TA,6,Typ,0,None,Detchd,1954.0,Unf,1,273,Fa,Fa,N,0,0,0,0,0,0,,None,Shed,450,8,2007,WD,Normal,100000,0
349,349,60,RL,56.0,20431,Pave,None,IR2,Lvl,AllPub,Inside,Gtl,NridgHt,Norm,Norm,1Fam,2Story,9,5,2005,2006,Hip,CompShg,CemntBd,CmentBd,BrkFace,870.0,Ex,TA,PConc,Ex,TA,No,GLQ,1410,Unf,0,438,1848,GasA,Ex,SBrkr,1848,880,0,2728,1,0,2,1,4,1,Ex,10,Typ,2,Ex,Attchd,2006.0,Fin,3,706,TA,TA,Y,0,0,0,0,0,0,,None,,0,4,2006,New,Partial,437154,2
55,55,20,RL,100.0,10175,Pave,None,IR1,Lvl,AllPub,Inside,Gtl,NAmes,Norm,Norm,1Fam,1Story,6,5,1964,1964,Gable,CompShg,HdBoard,Plywood,BrkFace,272.0,TA,TA,CBlock,TA,TA,No,BLQ,490,Unf,0,935,1425,GasA,Gd,SBrkr,1425,0,0,1425,0,0,2,0,3,1,TA,7,Typ,1,Gd,Attchd,1964.0,RFn,2,576,TA,TA,Y,0,0,0,407,0,0,,None,,0,7,2008,WD,Normal,180500,1
1443,1443,30,RL,69.0,8854,Pave,None,Reg,Lvl,AllPub,Inside,Gtl,BrkSide,Norm,Norm,1Fam,1.5Unf,6,6,1916,1950,Gable,CompShg,Wd Sdng,Wd Sdng,None,0.0,TA,TA,BrkTil,TA,TA,No,Unf,0,Unf,0,952,952,Grav,Fa,FuseF,952,0,0,952,0,0,1,0,2,1,Fa,4,Typ,1,Gd,Detchd,1916.0,Unf,1,192,Fa,Po,P,0,98,0,0,40,0,,None,,0,5,2009,WD,Normal,121000,0
213,213,20,RL,43.0,13568,Pave,None,IR2,Lvl,AllPub,CulDSac,Gtl,CollgCr,Norm,Norm,1Fam,1Story,5,5,1995,1995,Gable,CompShg,VinylSd,VinylSd,None,0.0,TA,TA,PConc,Gd,TA,No,ALQ,716,Unf,0,274,990,GasA,Ex,SBrkr,990,0,0,990,0,1,1,0,3,1,TA,5,Typ,0,None,Attchd,1996.0,Unf,2,576,TA,TA,Y,224,0,0,0,0,0,,None,,0,7,2006,WD,Normal,156000,1
120,120,80,RL,69.0,21453,Pave,None,IR1,Low,AllPub,CulDSac,Sev,ClearCr,Norm,Norm,1Fam,SLvl,6,5,1969,1969,Flat,Metal,Plywood,Plywood,None,0.0,TA,TA,CBlock,TA,TA,Gd,ALQ,938,Unf,0,0,938,GasA,Ex,SBrkr,988,0,0,988,1,0,1,0,1,1,TA,4,Typ,2,TA,Attchd,1969.0,Unf,2,540,TA,TA,Y,0,130,0,130,0,0,,None,,0,10,2006,WD,Normal,180000,1
1206,1206,20,RH,69.0,8900,Pave,None,Reg,Lvl,AllPub,Inside,Gtl,SawyerW,Norm,Norm,1Fam,1Story,4,4,1966,1966,Gable,CompShg,HdBoard,HdBoard,None,0.0,TA,TA,CBlock,TA,TA,No,Rec,1056,Unf,0,0,1056,GasA,TA,SBrkr,1056,0,0,1056,1,0,1,0,2,1,TA,5,Typ,0,None,Detchd,1966.0,Unf,1,384,TA,TA,Y,0,42,0,0,0,0,,MnPrv,,0,11,2006,WD,Normal,107000,0
1388,1388,20,RL,42.0,14892,Pave,None,IR1,HLS,AllPub,CulDSac,Gtl,Gilbert,Norm,Norm,1Fam,1Story,9,5,2006,2007,Gable,CompShg,VinylSd,VinylSd,Stone,160.0,Ex,TA,PConc,Ex,TA,Gd,GLQ,1320,Unf,0,426,1746,GasA,Ex,SBrkr,1746,0,0,1746,1,0,2,0,3,1,Ex,7,Typ,2,Gd,Attchd,2006.0,Fin,3,758,TA,TA,Y,201,39,0,0,0,0,,None,,0,10,2009,WD,Normal,377500,2
72,72,60,RL,74.0,10141,Pave,None,IR1,Lvl,AllPub,Corner,Gtl,Gilbert,Norm,Norm,1Fam,2Story,7,5,1998,1998,Gable,CompShg,VinylSd,VinylSd,BrkFace,40.0,TA,TA,PConc,Gd,TA,No,Unf,0,Unf,0,832,832,GasA,Gd,SBrkr,885,833,0,1718,0,0,2,1,3,1,TA,7,Typ,1,TA,Attchd,1998.0,Fin,2,427,TA,TA,Y,0,94,0,0,291,0,,None,,0,12,2009,WD,Normal,185000,1
743,743,80,RL,70.0,12886,Pave,None,IR1,Lvl,AllPub,Inside,Gtl,Sawyer,Norm,Norm,1Fam,SLvl,5,6,1963,1999,Gable,CompShg,HdBoard,HdBoard,None,0.0,TA,TA,CBlock,Gd,TA,Av,ALQ,444,Unf,0,76,520,GasA,Ex,SBrkr,1464,0,0,1464,0,1,2,0,3,1,TA,6,Min2,1,TA,Attchd,1997.0,RFn,2,480,TA,TA,Y,302,0,0,0,100,0,,None,,0,10,2009,WD,Normal,175000,1
1188,1188,60,RL,68.0,8935,Pave,None,IR1,Lvl,AllPub,Inside,Gtl,CollgCr,Norm,Norm,1Fam,2Story,7,5,2002,2002,Gable,CompShg,VinylSd,VinylSd,BrkFace,95.0,Gd,TA,PConc,Gd,TA,No,Unf,0,Unf,0,831,831,GasA,Ex,SBrkr,831,829,0,1660,0,0,2,1,3,1,Gd,7,Typ,0,None,Attchd,2002.0,RFn,2,493,TA,TA,Y,144,68,0,0,0,0,,None,,0,7,2009,WD,Normal,195000,2
45,45,120,RL,61.0,7658,Pave,None,Reg,Lvl,AllPub,Inside,Gtl,NridgHt,Norm,Norm,TwnhsE,1Story,9,5,2005,2005,Hip,CompShg,MetalSd,MetalSd,BrkFace,412.0,Ex,TA,PConc,Ex,TA,No,GLQ,456,Unf,0,1296,1752,GasA,Ex,SBrkr,1752,0,0,1752,1,0,2,0,2,1,Ex,6,Typ,1,Gd,Attchd,2005.0,RFn,2,576,TA,TA,Y,196,82,0,0,0,0,,None,,0,2,2010,WD,Normal,319900,2
1230,1230,90,RL,69.0,18890,Pave,None,IR1,Lvl,AllPub,Inside,Gtl,Sawyer,Feedr,RRAe,Duplex,1.5Fin,5,5,1977,1977,Shed,CompShg,Plywood,Plywood,None,1.0,TA,TA,CBlock,Gd,TA,No,GLQ,498,Rec,211,652,1361,GasA,Ex,SBrkr,1361,1259,0,2620,0,0,2,2,4,2,TA,12,Typ,1,TA,BuiltIn,1977.0,RFn,2,600,TA,TA,N,155,24,145,0,0,0,,None,Gar2,8300,8,2007,WD,Normal,190000,2
523,523,60,RL,130.0,40094,Pave,None,IR1,Bnk,AllPub,Inside,Gtl,Edwards,PosN,PosN,1Fam,2Story,10,5,2007,2008,Hip,CompShg,CemntBd,CmentBd,Stone,762.0,Ex,TA,PConc,Ex,TA,Gd,GLQ,2260,Unf,0,878,3138,GasA,Ex,SBrkr,3138,1538,0,4676,1,0,3,1,3,1,Ex,11,Typ,1,Gd,BuiltIn,2007.0,Fin,3,884,TA,TA,Y,208,406,0,0,0,0,,None,,0,10,2007,New,Partial,184750,1
826,826,45,RM,50.0,6130,Pave,None,Reg,Lvl,AllPub,Inside,Gtl,BrkSide,Norm,Norm,1Fam,1.5Unf,5,6,1924,1950,Gable,CompShg,MetalSd,MetalSd,None,0.0,TA,TA,BrkTil,TA,TA,No,ALQ,784,Unf,0,0,784,GasA,Gd,SBrkr,784,0,0,784,1,0,1,0,2,1,Gd,5,Typ,0,None,None,1980.0,None,0,0,None,None,Y,0,0,116,0,0,0,,None,,0,5,2008,WD,Normal,109500,0
867,867,20,RL,85.0,6970,Pave,None,Reg,Lvl,AllPub,Corner,Gtl,Sawyer,Feedr,Norm,1Fam,1Story,4,5,1961,1961,Gable,CompShg,VinylSd,VinylSd,None,0.0,TA,TA,CBlock,TA,TA,No,ALQ,932,Unf,0,108,1040,GasA,TA,SBrkr,1120,0,0,1120,1,0,1,1,3,1,Fa,5,Typ,0,None,Attchd,1961.0,RFn,2,544,TA,TA,Y,168,0,0,0,0,0,,None,Shed,400,5,2007,WD,Normal,129000,0
1199,1199,20,RL,75.0,11235,Pave,None,Reg,Lvl,AllPub,Inside,Gtl,Sawyer,Norm,Norm,1Fam,1Story,4,5,1963,1979,Gable,CompShg,HdBoard,HdBoard,BrkFace,51.0,TA,TA,CBlock,TA,TA,No,Rec,547,Unf,0,504,1051,GasA,Gd,SBrkr,1382,0,0,1382,0,0,1,1,3,1,TA,6,Typ,1,Po,Attchd,1974.0,Unf,2,459,TA,TA,Y,0,82,0,0,0,0,,None,,0,10,2006,WD,Normal,148000,1
757,757,60,RL,69.0,11616,Pave,None,IR1,Lvl,AllPub,CulDSac,Gtl,Sawyer,Norm,Norm,1Fam,2Story,6,5,1978,1978,Hip,CompShg,HdBoard,HdBoard,BrkCmn,328.0,TA,TA,CBlock,TA,TA,Mn,Rec,438,Unf,0,234,672,GasA,TA,SBrkr,672,714,0,1386,0,0,2,1,3,1,TA,6,Typ,1,TA,Attchd,1978.0,Fin,2,440,TA,TA,Y,335,0,0,0,0,0,,GdPrv,,0,4,2010,WD,Abnorml,158900,1
533,533,20,RL,50.0,5000,Pave,None,Reg,Low,AllPub,Inside,Mod,BrkSide,Norm,Norm,1Fam,1Story,1,3,1946,1950,Gable,CompShg,VinylSd,VinylSd,None,0.0,Fa,Fa,Slab,None,None,None,None,0,None,0,0,0,GasA,Fa,FuseF,334,0,0,334,0,0,1,0,1,1,Fa,2,Typ,0,None,None,1980.0,None,0,0,None,None,N,0,0,0,0,0,0,,None,,0,1,2007,WD,Normal,39300,0
603,603,160,FV,30.0,3182,Pave,Pave,Reg,Lvl,AllPub,Inside,Gtl,Somerst,Norm,Norm,TwnhsE,2Story,7,5,2004,2005,Gable,CompShg,MetalSd,MetalSd,None,0.0,Gd,TA,PConc,Gd,TA,No,Unf,0,Unf,0,600,600,GasA,Ex,SBrkr,600,600,0,1200,0,0,2,1,2,1,Gd,4,Typ,0,None,Detchd,2004.0,RFn,2,480,TA,TA,Y,0,172,0,0,0,0,,None,,0,6,2010,WD,Normal,151000,1
465,465,120,RM,69.0,3072,Pave,None,Reg,Lvl,AllPub,Inside,Gtl,Blmngtn,Norm,Norm,TwnhsE,1Story,7,5,2004,2004,Hip,CompShg,VinylSd,VinylSd,BrkFace,18.0,Gd,TA,PConc,Gd,TA,No,Unf,0,Unf,0,1375,1375,GasA,Ex,SBrkr,1414,0,0,1414,0,0,2,0,2,1,Gd,6,Typ,1,TA,Attchd,2004.0,Fin,2,398,TA,TA,Y,144,20,0,0,0,0,,None,,0,5,2006,WD,Normal,178740,1
1391,1391,90,RL,65.0,8944,Pave,None,Reg,Lvl,AllPub,Inside,Gtl,NAmes,Norm,Norm,Duplex,1Story,5,5,1967,1967,Gable,CompShg,Plywood,Plywood,None,0.0,TA,TA,CBlock,TA,TA,No,Unf,0,Unf,0,1584,1584,GasA,TA,SBrkr,1584,0,0,1584,0,0,2,0,4,2,TA,8,Mod,0,None,Detchd,1967.0,Unf,3,792,TA,TA,Y,0,152,0,0,0,0,,None,,0,4,2009,WD,Normal,124000,0
1244,1244,70,RL,69.0,11435,Pave,None,IR1,HLS,AllPub,Corner,Mod,Crawfor,Norm,Norm,1Fam,2Story,8,7,1929,1950,Gable,CompShg,BrkFace,Stucco,None,0.0,TA,TA,PConc,Gd,TA,No,Unf,0,Unf,0,792,792,GasA,Fa,SBrkr,792,725,0,1517,0,0,1,0,3,1,Gd,7,Typ,2,Gd,Detchd,1931.0,Unf,2,400,TA,TA,Y,0,0,0,0,0,0,,None,,0,6,2006,WD,Normal,230000,2
1080,1080,20,RL,80.0,11040,Pave,None,Reg,Lvl,AllPub,Inside,Gtl,NWAmes,Norm,Norm,1Fam,1Story,6,7,1971,2004,Gable,CompShg,VinylSd,VinylSd,BrkFace,144.0,Gd,Gd,CBlock,TA,TA,No,ALQ,656,Unf,0,602,1258,GasA,Ex,SBrkr,1258,0,0,1258,0,1,2,0,3,1,Gd,5,Typ,0,None,Attchd,1971.0,RFn,2,528,TA,TA,Y,55,0,0,216,0,0,,None,,0,10,2008,COD,Abnorml,145000,1
904,904,20,RL,69.0,6173,Pave,None,IR1,Lvl,AllPub,Inside,Gtl,Sawyer,Norm,Norm,1Fam,1Story,5,6,1967,1967,Gable,CompShg,HdBoard,Wd Sdng,BrkFace,75.0,TA,TA,CBlock,TA,TA,No,GLQ,599,Unf,0,277,876,GasA,TA,SBrkr,902,0,0,902,0,0,1,0,3,1,TA,6,Typ,0,None,Attchd,1967.0,Unf,1,288,TA,TA,Y,0,0,0,0,0,0,,MnPrv,,0,8,2007,WD,Normal,125500,0
60,60,20,RL,63.0,13072,Pave,None,Reg,Lvl,AllPub,Inside,Gtl,SawyerW,RRAe,Norm,1Fam,1Story,6,5,2004,2004,Gable,CompShg,VinylSd,VinylSd,None,0.0,TA,TA,PConc,Gd,TA,No,ALQ,941,Unf,0,217,1158,GasA,Ex,SBrkr,1158,0,0,1158,1,0,1,1,3,1,Gd,5,Typ,0,None,Detchd,2006.0,Unf,2,576,TA,TA,Y,0,50,0,0,0,0,,None,,0,5,2006,New,Partial,158000,1
92,92,30,RL,80.0,13360,Pave,Grvl,IR1,HLS,AllPub,Inside,Gtl,Crawfor,Norm,Norm,1Fam,1Story,5,7,1921,2006,Gable,CompShg,Wd Sdng,Wd Sdng,None,0.0,TA,Gd,BrkTil,Gd,TA,No,ALQ,713,Unf,0,163,876,GasA,Ex,SBrkr,964,0,0,964,1,0,1,0,2,1,TA,5,Typ,0,None,Detchd,1921.0,Unf,2,432,TA,TA,Y,0,0,44,0,0,0,,None,,0,8,2009,WD,Normal,163500,1
666,666,60,RL,69.0,18450,Pave,None,IR1,Lvl,AllPub,Inside,Gtl,NAmes,Norm,Norm,1Fam,2Story,6,5,1965,1979,Flat,Tar&Grv,Plywood,Plywood,BrkCmn,113.0,TA,Gd,CBlock,Gd,TA,No,LwQ,187,Rec,723,111,1021,GasA,TA,SBrkr,1465,915,0,2380,0,0,2,1,3,1,TA,7,Sev,1,Po,CarPort,1965.0,Unf,2,596,TA,TA,Y,0,265,0,0,0,0,,None,,0,8,2007,WD,Abnorml,129000,0
727,727,20,RL,64.0,7314,Pave,None,Reg,Lvl,AllPub,Inside,Gtl,CollgCr,Norm,Norm,1Fam,1Story,7,5,2007,2007,Gable,CompShg,VinylSd,VinylSd,Stone,82.0,Gd,TA,PConc,Gd,TA,Av,GLQ,724,Unf,0,508,1232,GasA,Ex,SBrkr,1232,0,0,1232,1,0,2,0,2,1,Gd,6,Typ,0,None,Attchd,2007.0,RFn,2,632,TA,TA,Y,132,0,0,0,0,0,,None,,0,2,2009,WD,Normal,194500,2
194,194,20,RL,60.0,7180,Pave,None,IR1,Lvl,AllPub,Inside,Gtl,CollgCr,Norm,Norm,1Fam,1Story,5,7,1972,1972,Hip,CompShg,HdBoard,HdBoard,None,0.0,TA,TA,CBlock,TA,TA,Av,ALQ,390,Unf,0,474,864,GasA,TA,SBrkr,864,0,0,864,0,0,1,0,3,1,TA,5,Typ,0,None,Detchd,1989.0,Unf,1,352,TA,TA,Y,0,0,0,0,0,0,,None,,0,5,2008,WD,Normal,127000,0
280,280,60,RL,82.0,11287,Pave,None,Reg,Lvl,AllPub,Inside,Gtl,SawyerW,Norm,Norm,1Fam,2Story,7,6,1989,1989,Gable,CompShg,Plywood,Plywood,BrkFace,340.0,Gd,TA,CBlock,Gd,TA,Av,GLQ,421,Unf,0,386,807,GasA,Gd,SBrkr,1175,807,0,1982,0,0,2,1,3,1,Gd,7,Typ,1,TA,Attchd,1989.0,Fin,2,575,TA,TA,Y,0,84,0,196,0,0,,None,,0,1,2007,WD,Normal,228500,2
359,359,60,RL,78.0,12011,Pave,None,IR1,Lvl,AllPub,CulDSac,Gtl,NoRidge,Norm,Norm,1Fam,2Story,8,5,1998,1998,Gable,CompShg,VinylSd,VinylSd,BrkFace,530.0,Gd,TA,PConc,Gd,TA,Av,GLQ,956,Unf,0,130,1086,GasA,Ex,SBrkr,1086,838,0,1924,1,0,2,1,3,1,Gd,7,Typ,1,TA,Attchd,1998.0,RFn,2,592,TA,TA,Y,208,75,0,0,374,0,,None,,0,6,2006,WD,Normal,280000,2
519,519,70,RL,53.0,10918,Pave,None,Reg,Lvl,AllPub,Inside,Gtl,Crawfor,Norm,Norm,1Fam,2Story,7,9,1926,2004,Gambrel,CompShg,MetalSd,MetalSd,None,0.0,Gd,TA,BrkTil,Gd,TA,No,Unf,0,Unf,0,1276,1276,GasA,Ex,SBrkr,1276,804,0,2080,0,0,1,1,3,1,Gd,9,Typ,2,Gd,Detchd,1926.0,Unf,1,282,TA,TA,Y,0,0,0,0,145,0,,MnPrv,,0,6,2009,WD,Normal,234000,2
1455,1455,60,RL,62.0,7917,Pave,None,Reg,Lvl,AllPub,Inside,Gtl,Gilbert,Norm,Norm,1Fam,2Story,6,5,1999,2000,Gable,CompShg,VinylSd,VinylSd,None,0.0,TA,TA,PConc,Gd,TA,No,Unf,0,Unf,0,953,953,GasA,Ex,SBrkr,953,694,0,1647,0,0,2,1,3,1,TA,7,Typ,1,TA,Attchd,1999.0,RFn,2,460,TA,TA,Y,0,40,0,0,0,0,,None,,0,8,2007,WD,Normal,175000,1
923,923,120,RL,50.0,8012,Pave,None,Reg,Lvl,AllPub,Inside,Gtl,SawyerW,Norm,Norm,TwnhsE,1Story,6,5,1993,1994,Gable,CompShg,Plywood,Plywood,None,0.0,Gd,TA,PConc,Gd,TA,No,LwQ,165,GLQ,841,598,1604,GasA,Ex,SBrkr,1617,0,0,1617,1,0,2,0,2,1,Gd,5,Typ,1,Fa,Attchd,1993.0,RFn,2,533,TA,TA,Y,0,69,0,0,0,0,,None,,0,7,2008,WD,Normal,193000,2
182,182,20,RL,60.0,9060,Pave,None,Reg,Lvl,AllPub,Inside,Gtl,Edwards,Artery,Norm,1Fam,1Story,5,6,1957,2006,Hip,CompShg,Wd Sdng,Wd Sdng,BrkFace,98.0,TA,TA,PConc,None,None,None,None,0,None,0,0,0,GasA,Ex,SBrkr,1340,0,0,1340,0,0,1,0,3,1,TA,7,Typ,1,Gd,Attchd,1957.0,RFn,1,252,TA,TA,Y,116,0,0,180,0,0,,MnPrv,,0,6,2007,WD,Normal,120000,0
987,987,20,RL,83.0,10159,Pave,None,IR1,Lvl,AllPub,Inside,Gtl,NridgHt,Norm,Norm,1Fam,1Story,9,5,2009,2010,Hip,CompShg,VinylSd,VinylSd,Stone,450.0,Ex,TA,PConc,Ex,TA,Av,GLQ,1646,Unf,0,284,1930,GasA,Ex,SBrkr,1940,0,0,1940,1,0,2,1,3,1,Ex,8,Typ,1,Gd,Attchd,2010.0,Fin,3,606,TA,TA,Y,168,95,0,0,0,0,,None,,0,4,2010,New,Partial,395192,2
110,110,50,RL,75.0,9525,Pave,None,Reg,Lvl,AllPub,Inside,Gtl,Edwards,Norm,Norm,1Fam,1.5Fin,6,4,1954,1972,Gable,CompShg,Wd Sdng,Wd Sdng,None,0.0,TA,TA,CBlock,TA,Fa,No,Rec,444,Unf,0,550,994,GasA,Gd,SBrkr,1216,639,0,1855,0,0,2,0,4,1,TA,7,Typ,0,None,Attchd,1954.0,Unf,1,325,TA,TA,Y,182,0,0,0,0,0,,None,,0,10,2006,WD,Normal,136900,0
42,42,85,RL,69.0,9180,Pave,None,IR1,Lvl,AllPub,CulDSac,Gtl,SawyerW,Norm,Norm,1Fam,SFoyer,5,7,1983,1983,Gable,CompShg,HdBoard,HdBoard,None,0.0,TA,TA,CBlock,Gd,TA,Av,ALQ,747,LwQ,93,0,840,GasA,Gd,SBrkr,884,0,0,884,1,0,1,0,2,1,Gd,5,Typ,0,None,Attchd,1983.0,RFn,2,504,TA,Gd,Y,240,0,0,0,0,0,,MnPrv,,0,12,2007,WD,Normal,144000,1
1236,1236,160,RL,36.0,2628,Pave,None,Reg,Lvl,AllPub,Inside,Gtl,NridgHt,Norm,Norm,Twnhs,2Story,7,5,2003,2003,Gable,CompShg,VinylSd,Wd Shng,Stone,106.0,Gd,TA,PConc,Gd,TA,No,Unf,0,Unf,0,764,764,GasA,Ex,SBrkr,764,862,0,1626,0,0,2,1,2,1,Gd,6,Typ,0,None,BuiltIn,2003.0,RFn,2,474,TA,TA,Y,0,27,0,0,0,0,,None,,0,6,2010,WD,Normal,175500,1
204,204,50,RM,50.0,3500,Pave,Grvl,Reg,Lvl,AllPub,Inside,Gtl,OldTown,Norm,Norm,1Fam,1.5Fin,5,7,1947,1950,Gable,CompShg,AsbShng,AsbShng,None,0.0,TA,TA,CBlock,TA,TA,No,LwQ,312,Unf,0,408,720,GasA,TA,SBrkr,720,564,0,1284,0,0,1,1,2,1,TA,5,Typ,0,None,Detchd,1948.0,Unf,1,240,TA,TA,Y,0,35,0,0,0,0,,MnWw,,0,4,2009,WD,Normal,110000,0
983,983,60,RL,69.0,11250,Pave,None,Reg,Lvl,AllPub,Corner,Gtl,CollgCr,Norm,Norm,1Fam,2Story,8,5,2002,2002,Gable,CompShg,CemntBd,CmentBd,None,0.0,Gd,TA,PConc,Gd,TA,Mn,Unf,0,Unf,0,1128,1128,GasA,Ex,SBrkr,1149,1141,0,2290,0,0,2,1,4,1,Gd,9,Typ,1,Gd,Attchd,2002.0,Unf,2,779,TA,TA,Y,0,0,0,0,0,0,,None,,0,5,2008,WD,Normal,255900,2
52,52,90,RM,110.0,8472,Grvl,None,IR2,Bnk,AllPub,Corner,Mod,IDOTRR,RRNn,Norm,Duplex,1Story,5,5,1963,1963,Gable,CompShg,Wd Sdng,Wd Sdng,None,0.0,Fa,TA,CBlock,Gd,TA,Gd,LwQ,104,GLQ,712,0,816,GasA,TA,SBrkr,816,0,0,816,1,0,1,0,2,1,TA,5,Typ,0,None,CarPort,1963.0,Unf,2,516,TA,TA,Y,106,0,0,0,0,0,,None,,0,5,2010,WD,Normal,110000,0
545,545,50,RL,69.0,13837,Pave,None,IR1,Lvl,AllPub,Corner,Gtl,NWAmes,Norm,Norm,1Fam,1.5Fin,7,5,1988,1988,Gable,CompShg,HdBoard,HdBoard,BrkFace,178.0,Gd,Gd,PConc,Gd,Gd,No,GLQ,1002,LwQ,202,0,1204,GasA,Gd,SBrkr,1377,806,0,2183,0,0,2,1,4,1,Gd,9,Typ,0,None,Attchd,1988.0,Unf,3,786,TA,TA,Y,0,0,0,0,0,0,,None,,0,2,2006,WD,Normal,229000,2
945,945,50,RM,98.0,8820,Pave,None,Reg,Lvl,AllPub,Corner,Gtl,OldTown,Norm,Norm,1Fam,1.5Fin,5,6,1890,1996,Hip,CompShg,VinylSd,VinylSd,None,0.0,TA,TA,BrkTil,TA,TA,No,LwQ,1088,Unf,0,0,1088,GasA,TA,SBrkr,1188,561,120,1869,0,0,1,0,2,1,TA,7,Typ,0,None,Detchd,1963.0,Unf,2,456,TA,TA,Y,48,0,244,0,0,0,,MnWw,,0,9,2009,WD,Normal,124900,0
852,852,75,RL,53.0,7128,Pave,None,Reg,Lvl,AllPub,Inside,Gtl,Crawfor,Norm,Norm,1Fam,2.5Unf,7,5,1941,1950,Gable,CompShg,MetalSd,MetalSd,None,0.0,TA,Gd,CBlock,TA,TA,No,Rec,364,Unf,0,554,918,GasA,Gd,SBrkr,918,728,0,1646,0,0,2,0,4,1,TA,7,Typ,2,Gd,Detchd,1941.0,Unf,1,240,TA,TA,Y,0,0,0,0,126,0,,MnPrv,,0,8,2007,WD,Normal,164000,1
1413,1413,20,RL,88.0,10994,Pave,None,IR1,Lvl,AllPub,Corner,Gtl,SawyerW,Norm,Norm,1Fam,1Story,8,5,2005,2006,Gable,CompShg,VinylSd,VinylSd,Stone,366.0,Gd,TA,PConc,Gd,Gd,No,GLQ,976,Unf,0,868,1844,GasA,Ex,SBrkr,1844,0,0,1844,1,0,2,0,2,1,Gd,7,Typ,1,Gd,Attchd,2005.0,Fin,2,620,TA,TA,Y,165,44,0,0,0,0,,None,,0,9,2009,COD,Abnorml,257000,2
1375,1375,20,RL,89.0,10991,Pave,None,IR1,HLS,AllPub,Inside,Gtl,Timber,Norm,Norm,1Fam,1Story,8,5,2007,2007,Gable,CompShg,VinylSd,VinylSd,BrkFace,80.0,Gd,TA,PConc,Gd,TA,Gd,Unf,0,Unf,0,1571,1571,GasA,Ex,SBrkr,1571,0,0,1571,0,0,2,0,3,1,Gd,7,Typ,1,Gd,Attchd,2007.0,Fin,3,722,TA,TA,Y,100,36,0,0,0,0,,None,,0,12,2007,New,Partial,239000,2
183,183,50,RM,63.0,11426,Pave,None,Reg,Lvl,AllPub,Inside,Gtl,OldTown,Norm,Norm,1Fam,1.5Fin,7,5,2003,2003,Gable,CompShg,VinylSd,VinylSd,None,0.0,TA,TA,PConc,Gd,TA,No,Unf,0,Unf,0,1362,1362,GasA,Ex,SBrkr,1362,720,0,2082,0,0,2,1,3,1,Gd,6,Mod,0,None,Detchd,2003.0,Unf,2,484,TA,TA,N,280,238,0,0,0,0,,None,,0,6,2008,WD,Normal,200000,2
137,137,90,RL,82.0,11070,Pave,None,Reg,Lvl,AllPub,Inside,Gtl,Mitchel,Norm,Norm,Duplex,1Story,7,5,1988,1989,Gable,CompShg,VinylSd,VinylSd,BrkFace,70.0,TA,TA,CBlock,TA,TA,No,Unf,0,Unf,0,1907,1907,GasA,Gd,SBrkr,1959,0,0,1959,0,0,3,0,5,2,TA,9,Typ,0,None,2Types,1989.0,Unf,3,766,TA,TA,Y,0,0,0,0,0,0,,None,,0,7,2006,WD,Family,171000,1
926,926,60,RL,93.0,11999,Pave,None,Reg,Lvl,AllPub,Inside,Gtl,NridgHt,Norm,Norm,1Fam,2Story,8,5,2003,2004,Hip,CompShg,VinylSd,VinylSd,BrkFace,340.0,Gd,TA,PConc,Gd,TA,No,Unf,0,Unf,0,1181,1181,GasA,Ex,SBrkr,1234,1140,0,2374,0,0,2,1,4,1,Ex,10,Typ,1,Gd,BuiltIn,2003.0,Fin,3,656,TA,TA,Y,104,100,0,0,0,0,,None,,0,5,2007,WD,Normal,285000,2
80,80,60,RL,100.0,13000,Pave,None,Reg,Lvl,AllPub,Corner,Gtl,NAmes,Norm,Norm,1Fam,2Story,6,6,1968,1968,Gable,CompShg,VinylSd,VinylSd,BrkFace,576.0,TA,Gd,CBlock,Gd,TA,No,Rec,448,Unf,0,448,896,GasA,TA,SBrkr,1182,960,0,2142,0,0,2,1,4,1,Gd,8,Typ,1,Gd,Attchd,1968.0,Fin,1,509,TA,TA,Y,0,72,0,0,252,0,,None,,0,6,2009,WD,Normal,193500,2
1364,1364,160,FV,30.0,3180,Pave,Pave,Reg,Lvl,AllPub,Inside,Gtl,Somerst,Norm,Norm,TwnhsE,2Story,7,5,2005,2005,Gable,CompShg,MetalSd,MetalSd,None,0.0,Gd,TA,PConc,Gd,TA,No,Unf,0,Unf,0,600,600,GasA,Ex,SBrkr,520,600,80,1200,0,0,2,1,2,1,Gd,4,Typ,0,None,Detchd,2005.0,RFn,2,480,TA,TA,Y,0,166,0,0,0,0,,None,,0,4,2006,WD,Abnorml,144152,1
105,105,60,FV,75.0,9375,Pave,None,Reg,Lvl,AllPub,Inside,Gtl,Somerst,Norm,Norm,1Fam,2Story,8,5,2003,2004,Hip,CompShg,VinylSd,VinylSd,BrkFace,768.0,Gd,TA,PConc,Ex,TA,No,Unf,0,Unf,0,1053,1053,GasA,Ex,SBrkr,1053,939,0,1992,0,0,2,1,3,1,Gd,9,Typ,1,Gd,Attchd,2003.0,RFn,2,648,TA,TA,Y,140,45,0,0,0,0,,None,,0,8,2008,WD,Normal,250000,2
541,541,60,RL,69.0,11000,Pave,None,Reg,Lvl,AllPub,FR2,Gtl,NoRidge,Norm,Norm,1Fam,2Story,8,5,2000,2000,Gable,CompShg,VinylSd,VinylSd,BrkFace,72.0,Gd,TA,PConc,Gd,TA,No,Unf,0,Unf,0,969,969,GasA,Ex,SBrkr,997,1288,0,2285,0,0,2,1,4,1,Gd,8,Typ,1,TA,BuiltIn,2000.0,Fin,3,648,TA,TA,Y,0,56,0,0,0,0,,None,,0,6,2007,WD,Normal,248000,2
706,706,20,RL,69.0,115149,Pave,None,IR2,Low,AllPub,CulDSac,Sev,ClearCr,Norm,Norm,1Fam,1Story,7,5,1971,2002,Gable,CompShg,Plywood,Plywood,Stone,351.0,TA,TA,CBlock,Gd,TA,Gd,GLQ,1219,Unf,0,424,1643,GasA,TA,SBrkr,1824,0,0,1824,1,0,2,0,2,1,Gd,5,Typ,2,TA,Attchd,1971.0,Unf,2,739,TA,TA,Y,380,48,0,0,0,0,,None,,0,6,2007,WD,Normal,302000,2
480,480,20,RL,98.0,16033,Pave,None,IR1,Lvl,AllPub,FR2,Gtl,NridgHt,Norm,Norm,1Fam,1Story,9,5,2004,2005,Hip,CompShg,VinylSd,VinylSd,BrkFace,378.0,Gd,TA,PConc,Ex,TA,Gd,GLQ,1261,Unf,0,572,1833,GasA,Ex,SBrkr,1850,0,0,1850,1,0,2,0,3,1,Gd,8,Typ,1,Gd,Attchd,2004.0,Fin,3,772,TA,TA,Y,519,112,0,0,0,0,,None,,0,3,2006,WD,Normal,326000,2
165,165,190,RL,62.0,10106,Pave,None,Reg,Lvl,AllPub,Inside,Gtl,Edwards,Norm,Norm,2fmCon,1.5Fin,5,7,1940,1999,Gable,CompShg,Wd Sdng,Wd Sdng,None,0.0,TA,Gd,BrkTil,TA,TA,No,ALQ,351,Rec,181,112,644,GasA,Gd,SBrkr,808,547,0,1355,1,0,2,0,4,2,TA,6,Typ,0,None,None,1980.0,None,0,0,None,None,Y,140,0,0,0,0,0,,None,,0,9,2008,WD,Normal,127500,0
248,248,60,RL,72.0,11317,Pave,None,Reg,Lvl,AllPub,Inside,Gtl,CollgCr,Norm,Norm,1Fam,2Story,7,5,2003,2003,Gable,CompShg,VinylSd,VinylSd,BrkFace,101.0,Gd,TA,PConc,Gd,TA,No,Unf,0,Unf,0,840,840,GasA,Ex,SBrkr,840,828,0,1668,0,0,2,1,3,1,Gd,8,Typ,0,None,Attchd,2003.0,RFn,2,500,TA,TA,Y,144,68,0,0,0,0,,None,,0,9,2007,WD,Normal,180000,1
307,307,50,RM,69.0,7920,Pave,Grvl,IR1,Lvl,AllPub,Inside,Gtl,IDOTRR,Artery,Norm,1Fam,1.5Fin,6,7,1920,1950,Gable,CompShg,MetalSd,MetalSd,None,0.0,TA,Fa,CBlock,TA,TA,No,Unf,0,Unf,0,319,319,GasA,TA,FuseA,1035,371,0,1406,0,0,1,0,3,1,Fa,6,Typ,0,None,None,1980.0,None,0,0,None,None,N,0,144,0,0,0,0,,MnPrv,,0,3,2008,WD,Normal,89500,0
446,446,20,RL,137.0,16492,Pave,None,IR1,Lvl,AllPub,Corner,Gtl,NAmes,PosA,Norm,1Fam,1Story,6,6,1966,2002,Gable,CompShg,BrkFace,Plywood,None,0.0,Gd,TA,CBlock,TA,TA,No,ALQ,247,Rec,713,557,1517,GasA,Ex,SBrkr,1888,0,0,1888,0,0,2,1,2,1,Gd,6,Mod,1,Gd,Attchd,1966.0,Fin,2,578,TA,TA,Y,0,0,0,0,0,0,,None,,0,6,2010,WD,Normal,190000,2
712,712,120,RL,40.0,4671,Pave,None,IR1,HLS,AllPub,Inside,Gtl,StoneBr,Norm,Norm,TwnhsE,1Story,8,5,1988,1989,Gable,CompShg,HdBoard,HdBoard,None,0.0,Gd,TA,PConc,Gd,TA,Mn,GLQ,767,Unf,0,461,1228,GasA,Gd,SBrkr,1228,0,0,1228,1,0,2,0,2,1,Gd,5,Typ,1,Gd,Attchd,1988.0,Fin,2,472,TA,TA,Y,168,120,0,0,0,0,,None,,0,10,2008,WD,Normal,189000,1
334,334,60,RL,59.0,9042,Pave,None,IR1,Lvl,AllPub,Inside,Gtl,Gilbert,Norm,Norm,1Fam,2Story,6,5,1998,1998,Gable,CompShg,VinylSd,VinylSd,None,0.0,TA,TA,PConc,Gd,TA,Gd,GLQ,828,Unf,0,115,943,GasA,Gd,SBrkr,943,695,0,1638,1,0,2,1,3,1,TA,7,Typ,2,TA,Attchd,1998.0,Fin,2,472,TA,TA,Y,100,38,0,0,0,0,,None,,0,7,2008,WD,Normal,192000,2
97,97,20,RL,73.0,10921,Pave,None,Reg,HLS,AllPub,Inside,Gtl,Edwards,Norm,Norm,1Fam,1Story,4,5,1965,1965,Hip,CompShg,HdBoard,HdBoard,BrkFace,48.0,TA,TA,CBlock,TA,TA,No,Rec,520,Unf,0,440,960,GasA,TA,FuseF,960,0,0,960,1,0,1,0,3,1,TA,6,Typ,0,None,Attchd,1965.0,Fin,1,432,TA,TA,P,120,0,0,0,0,0,,None,,0,5,2007,WD,Normal,94750,0
724,724,20,RL,86.0,13286,Pave,None,IR1,Lvl,AllPub,Inside,Gtl,Edwards,Norm,Norm,1Fam,1Story,9,5,2007,2008,Hip,CompShg,CemntBd,CmentBd,Stone,340.0,Ex,TA,PConc,Ex,TA,No,GLQ,1234,Unf,0,464,1698,GasA,Ex,SBrkr,1698,0,0,1698,1,0,2,0,3,1,Ex,8,Typ,1,Gd,Attchd,2007.0,Fin,3,768,TA,TA,Y,327,64,0,0,0,0,,None,,0,2,2009,WD,Normal,320000,2
905,905,20,RL,80.0,9920,Pave,None,Reg,Lvl,AllPub,Inside,Gtl,NAmes,Norm,Norm,1Fam,1Story,5,5,1954,1954,Gable,CompShg,HdBoard,HdBoard,Stone,110.0,TA,TA,CBlock,TA,TA,No,Rec,354,LwQ,290,412,1056,GasA,TA,SBrkr,1063,0,0,1063,1,0,1,0,3,1,TA,6,Typ,0,None,Attchd,1954.0,RFn,1,280,TA,TA,Y,0,0,164,0,0,0,,MnPrv,,0,2,2010,WD,Normal,128000,0
899,899,20,RL,65.0,6993,Pave,None,Reg,Lvl,AllPub,Inside,Gtl,Sawyer,Feedr,Norm,1Fam,1Story,5,7,1961,1994,Gable,CompShg,HdBoard,Plywood,None,0.0,TA,TA,CBlock,TA,TA,No,BLQ,465,Unf,0,447,912,GasA,TA,SBrkr,1236,0,0,1236,0,0,1,0,3,1,TA,6,Typ,1,TA,Attchd,1961.0,Unf,1,288,TA,TA,Y,0,0,0,0,0,0,,None,,0,6,2006,WD,Normal,135000,0
102,102,90,RL,64.0,7018,Pave,None,Reg,Bnk,AllPub,Inside,Gtl,SawyerW,Norm,Norm,Duplex,1Story,5,5,1979,1979,Gable,CompShg,HdBoard,HdBoard,None,0.0,TA,Fa,Slab,None,None,None,None,0,None,0,0,0,GasA,TA,SBrkr,1535,0,0,1535,0,0,2,0,4,2,TA,8,Typ,0,None,Attchd,1979.0,Unf,2,410,TA,TA,Y,0,0,0,0,0,0,,None,,0,6,2009,WD,Alloca,118964,0
434,434,180,RM,21.0,1890,Pave,None,Reg,Lvl,AllPub,Inside,Gtl,MeadowV,Norm,Norm,Twnhs,SFoyer,4,7,1972,1972,Gable,CompShg,CemntBd,CmentBd,None,0.0,TA,Gd,CBlock,Gd,TA,Av,ALQ,495,Unf,0,135,630,GasA,Gd,SBrkr,630,0,0,630,1,0,1,0,1,1,TA,3,Typ,0,None,None,1980.0,None,0,0,None,None,Y,88,0,0,0,0,0,,None,,0,6,2008,WD,Normal,81000,0
1007,1007,160,RM,21.0,2217,Pave,None,Reg,Lvl,AllPub,Inside,Gtl,MeadowV,Norm,Norm,TwnhsE,2Story,4,4,1970,1970,Gable,CompShg,CemntBd,CmentBd,None,0.0,TA,TA,CBlock,TA,TA,No,BLQ,273,LwQ,273,0,546,GasA,TA,SBrkr,546,546,0,1092,0,0,1,1,3,1,TA,6,Typ,0,None,Attchd,1970.0,RFn,1,286,TA,TA,Y,238,0,0,0,0,0,,None,,0,8,2009,WD,Normal,88000,0
1305,1305,20,RL,108.0,13173,Pave,None,IR1,Lvl,AllPub,Corner,Gtl,NridgHt,Norm,Norm,1Fam,1Story,9,5,2006,2007,Hip,CompShg,VinylSd,VinylSd,Stone,300.0,Gd,TA,PConc,Ex,TA,No,GLQ,1572,Unf,0,80,1652,GasA,Ex,SBrkr,1652,0,0,1652,1,0,2,0,2,1,Ex,6,Typ,2,Ex,Attchd,2006.0,Fin,2,840,TA,TA,Y,404,102,0,0,0,0,,None,,0,11,2009,WD,Normal,325000,2
834,834,20,RL,75.0,7875,Pave,None,Reg,Lvl,AllPub,Inside,Gtl,NAmes,Norm,Norm,1Fam,1Story,5,6,1961,1961,Gable,CompShg,VinylSd,VinylSd,BrkFace,136.0,TA,TA,CBlock,TA,TA,No,Rec,572,Unf,0,572,1144,GasA,Gd,SBrkr,1144,0,0,1144,1,0,1,0,3,1,TA,6,Typ,0,None,Attchd,1961.0,Unf,2,456,TA,TA,Y,0,0,0,0,0,0,,GdWo,,0,9,2008,WD,Normal,139950,1
1324,1324,20,RL,75.0,9986,Pave,None,Reg,Lvl,AllPub,Inside,Gtl,Somerst,Norm,Norm,1Fam,1Story,8,5,2006,2007,Gable,CompShg,VinylSd,VinylSd,BrkFace,428.0,Gd,TA,PConc,Ex,TA,Av,Unf,0,Unf,0,1795,1795,GasA,Ex,SBrkr,1795,0,0,1795,0,0,2,0,2,1,Gd,7,Typ,1,Gd,Attchd,2007.0,RFn,3,895,TA,TA,Y,0,49,0,0,0,0,,None,,0,2,2007,New,Partial,147000,1
302,302,20,RL,118.0,13704,Pave,None,IR1,Lvl,AllPub,Corner,Gtl,CollgCr,Norm,Norm,1Fam,1Story,7,5,2001,2002,Gable,CompShg,VinylSd,VinylSd,BrkFace,150.0,Gd,TA,PConc,Gd,TA,No,Unf,0,Unf,0,1541,1541,GasA,Ex,SBrkr,1541,0,0,1541,0,0,2,0,3,1,Gd,6,Typ,1,TA,Attchd,2001.0,RFn,3,843,TA,TA,Y,468,81,0,0,0,0,,None,,0,1,2006,WD,Normal,205000,2
1229,1229,80,RL,70.0,7910,Pave,None,Reg,Lvl,AllPub,Inside,Gtl,NAmes,Norm,Norm,1Fam,SLvl,5,5,1960,1960,Hip,CompShg,BrkFace,HdBoard,None,0.0,TA,TA,CBlock,TA,TA,No,ALQ,666,Unf,0,409,1075,GasA,Gd,SBrkr,1507,0,0,1507,0,0,2,0,4,1,TA,7,Maj1,0,None,Basment,1960.0,Unf,1,404,TA,TA,Y,0,0,0,0,0,0,,GdWo,,0,8,2008,WD,Normal,127000,0
1191,1191,160,FV,24.0,2645,Pave,Pave,Reg,Lvl,AllPub,Inside,Gtl,Somerst,Norm,Norm,Twnhs,2Story,8,5,1999,2000,Gable,CompShg,MetalSd,MetalSd,BrkFace,456.0,Gd,TA,PConc,Gd,TA,No,Unf,0,Unf,0,776,776,GasA,Ex,SBrkr,764,677,0,1441,0,0,2,1,2,1,Gd,5,Typ,0,None,Detchd,1999.0,Unf,2,492,TA,TA,Y,206,0,0,0,0,0,,None,,0,11,2007,WD,Normal,174000,1
388,388,20,RL,93.0,9382,Pave,None,IR1,Lvl,AllPub,CulDSac,Gtl,CollgCr,Norm,Norm,1Fam,1Story,7,5,1999,2000,Gable,CompShg,VinylSd,VinylSd,BrkFace,125.0,Gd,TA,PConc,Gd,TA,No,Unf,0,Unf,0,1468,1468,GasA,Ex,SBrkr,1479,0,0,1479,0,0,2,0,3,1,Gd,6,Typ,0,None,Attchd,1999.0,RFn,2,577,TA,TA,Y,120,25,0,0,0,0,,None,,0,7,2008,WD,Normal,191000,2
235,235,160,RM,21.0,1680,Pave,None,Reg,Lvl,AllPub,Inside,Gtl,BrDale,Norm,Norm,TwnhsE,2Story,6,3,1971,1971,Gable,CompShg,HdBoard,HdBoard,BrkFace,604.0,TA,TA,CBlock,TA,TA,No,ALQ,358,Unf,0,125,483,GasA,TA,SBrkr,483,504,0,987,0,0,1,1,2,1,TA,5,Typ,0,None,Detchd,1971.0,Unf,1,264,TA,TA,Y,0,0,0,0,0,0,,None,,0,8,2008,WD,Normal,89500,0
1212,1212,30,RL,50.0,9340,Pave,None,Reg,Lvl,AllPub,Inside,Gtl,Edwards,Norm,Norm,1Fam,1Story,4,6,1941,1950,Hip,CompShg,MetalSd,MetalSd,None,0.0,TA,TA,CBlock,TA,TA,No,Rec,344,Unf,0,328,672,GasA,TA,SBrkr,672,0,0,672,1,0,1,0,2,1,TA,4,Typ,0,None,Attchd,1941.0,Unf,1,234,TA,TA,N,0,113,0,0,0,0,,None,,0,8,2009,WD,Normal,113000,0
267,267,75,RL,60.0,8400,Pave,None,Reg,Bnk,AllPub,Inside,Mod,SWISU,Norm,Norm,1Fam,2.5Fin,5,8,1939,1997,Gable,CompShg,Wd Sdng,Wd Sdng,None,0.0,TA,TA,PConc,TA,TA,No,LwQ,378,Unf,0,342,720,GasA,Ex,SBrkr,1052,720,420,2192,0,0,2,1,4,1,Gd,8,Typ,1,Gd,Detchd,1939.0,Unf,1,240,TA,TA,Y,262,24,0,0,0,0,,None,,0,7,2008,WD,Normal,179500,1
305,305,20,RL,80.0,10386,Pave,None,Reg,Lvl,AllPub,Inside,Gtl,CollgCr,Norm,Norm,1Fam,1Story,8,5,2004,2005,Gable,CompShg,CemntBd,CmentBd,Stone,246.0,Gd,TA,PConc,Gd,TA,No,GLQ,1464,Unf,0,536,2000,GasA,Ex,SBrkr,2000,0,0,2000,1,0,2,0,3,1,Gd,8,Typ,0,None,Attchd,2004.0,Fin,3,888,TA,TA,Y,168,0,0,0,0,0,,None,,0,7,2007,WD,Normal,305900,2
117,117,20,RL,74.0,8536,Pave,None,Reg,Lvl,AllPub,Corner,Gtl,Edwards,Norm,Norm,1Fam,1Story,5,5,2006,2007,Gable,CompShg,VinylSd,VinylSd,None,0.0,TA,TA,PConc,Gd,TA,No,Unf,0,Unf,0,1125,1125,GasA,Gd,SBrkr,1125,0,0,1125,0,0,1,1,2,1,TA,5,Typ,0,None,Attchd,2007.0,Unf,2,430,TA,TA,Y,80,64,0,0,0,0,,None,,0,4,2007,New,Partial,155000,1
1179,1179,20,RL,77.0,8335,Pave,None,Reg,Lvl,AllPub,Corner,Gtl,Edwards,Norm,Norm,1Fam,1Story,5,5,1954,1954,Gable,CompShg,Wd Sdng,Wd Sdng,None,0.0,TA,TA,Slab,None,None,None,None,0,None,0,0,0,GasA,Gd,SBrkr,1124,0,0,1124,0,0,1,0,3,1,TA,5,Min2,1,Gd,None,1980.0,None,0,0,None,None,N,0,36,190,0,0,0,,None,,0,4,2006,WD,Normal,93000,0
673,673,20,RL,110.0,14442,Pave,None,Reg,Lvl,AllPub,Inside,Gtl,Crawfor,Norm,Norm,1Fam,1Story,6,7,1957,2004,Hip,CompShg,CemntBd,CmentBd,BrkFace,106.0,TA,TA,PConc,TA,TA,No,GLQ,1186,Unf,0,291,1477,GasA,Ex,SBrkr,1839,0,0,1839,1,0,2,0,3,1,Gd,7,Typ,2,TA,Attchd,1957.0,Fin,2,416,TA,TA,Y,0,87,0,0,200,0,,None,,0,6,2007,WD,Normal,257500,2
249,249,50,RL,69.0,159000,Pave,None,IR2,Low,AllPub,CulDSac,Sev,ClearCr,Norm,Norm,1Fam,1.5Fin,6,7,1958,2006,Gable,CompShg,Wd Sdng,HdBoard,BrkCmn,472.0,Gd,TA,CBlock,Gd,TA,Gd,Rec,697,Unf,0,747,1444,GasA,Gd,SBrkr,1444,700,0,2144,0,1,2,0,4,1,Gd,7,Typ,2,TA,Attchd,1958.0,Fin,2,389,TA,TA,Y,0,98,0,0,0,0,,None,Shed,500,6,2007,WD,Normal,277000,2
1065,1065,60,RL,80.0,14000,Pave,None,Reg,Lvl,AllPub,Inside,Mod,ClearCr,Norm,Norm,1Fam,2Story,7,5,1996,1997,Gable,CompShg,Wd Sdng,Wd Sdng,None,0.0,Gd,TA,PConc,Ex,TA,Gd,GLQ,1201,Unf,0,105,1306,GasA,Ex,SBrkr,1306,954,0,2260,1,0,2,1,3,1,Gd,7,Typ,0,None,Attchd,1996.0,RFn,2,533,TA,TA,Y,296,44,0,0,0,0,,None,,0,4,2010,WD,Normal,328000,2
1052,1052,60,RL,100.0,9500,Pave,None,Reg,Lvl,AllPub,Corner,Gtl,NAmes,Artery,Norm,1Fam,2Story,6,6,1964,1978,Gable,CompShg,VinylSd,VinylSd,BrkCmn,272.0,TA,TA,CBlock,TA,TA,No,Rec,442,Unf,0,374,816,GasA,TA,SBrkr,1127,850,0,1977,0,1,1,1,4,1,TA,9,Typ,1,TA,Attchd,1964.0,RFn,2,540,TA,TA,Y,0,52,0,0,0,0,,GdPrv,,0,6,2007,WD,Normal,165000,1
71,71,20,RL,69.0,7599,Pave,None,Reg,Lvl,AllPub,Corner,Gtl,Mitchel,Norm,Norm,1Fam,1Story,4,6,1982,2006,Gable,CompShg,HdBoard,Plywood,None,0.0,TA,TA,CBlock,TA,TA,No,ALQ,565,Unf,0,280,845,GasA,TA,SBrkr,845,0,0,845,1,0,1,0,2,1,TA,4,Typ,0,None,Detchd,1987.0,Unf,2,360,TA,TA,Y,0,0,0,0,0,0,,None,,0,6,2007,WD,Normal,129500,0
94,94,60,RL,69.0,9337,Pave,None,IR1,Lvl,AllPub,Inside,Gtl,CollgCr,Norm,Norm,1Fam,2Story,6,5,1997,1997,Gable,CompShg,VinylSd,VinylSd,None,0.0,TA,Gd,PConc,Gd,TA,No,GLQ,648,Unf,0,176,824,GasA,Ex,SBrkr,905,881,0,1786,1,0,2,1,3,1,Gd,7,Typ,0,None,Attchd,1997.0,RFn,2,684,TA,TA,Y,0,162,0,0,0,0,,None,,0,5,2007,WD,Normal,204750,2
1440,1440,70,RL,79.0,11526,Pave,None,IR1,Bnk,AllPub,Inside,Mod,Crawfor,Norm,Norm,1Fam,2.5Fin,6,7,1922,1994,Gable,CompShg,MetalSd,MetalSd,None,0.0,TA,TA,BrkTil,Ex,TA,No,Unf,0,Unf,0,588,588,GasA,Fa,SBrkr,1423,748,384,2555,0,0,2,0,3,1,TA,11,Min1,1,Gd,Detchd,1993.0,Fin,2,672,TA,TA,Y,431,0,0,0,0,0,,None,,0,9,2008,WD,Normal,191000,2
33,33,20,RL,70.0,10552,Pave,None,IR1,Lvl,AllPub,Inside,Gtl,NAmes,Norm,Norm,1Fam,1Story,5,5,1959,1959,Hip,CompShg,BrkFace,BrkFace,None,0.0,TA,TA,CBlock,TA,TA,No,Rec,1018,Unf,0,380,1398,GasA,Gd,SBrkr,1700,0,0,1700,0,1,1,1,4,1,Gd,6,Typ,1,Gd,Attchd,1959.0,RFn,2,447,TA,TA,Y,0,38,0,0,0,0,,None,,0,4,2010,WD,Normal,165500,1
1167,1167,60,RL,58.0,10852,Pave,None,IR1,Lvl,AllPub,Inside,Gtl,Gilbert,RRAn,Norm,1Fam,2Story,6,5,2000,2000,Gable,CompShg,VinylSd,VinylSd,None,0.0,TA,TA,PConc,Gd,TA,No,GLQ,786,Unf,0,173,959,GasA,Ex,SBrkr,959,712,0,1671,1,0,2,1,3,1,TA,7,Typ,1,TA,Attchd,2000.0,Fin,2,472,TA,TA,Y,0,38,0,0,0,0,,None,,0,2,2006,WD,Normal,173000,1
448,448,50,RM,50.0,8600,Pave,None,Reg,Bnk,AllPub,Inside,Gtl,IDOTRR,Norm,Norm,1Fam,1.5Fin,6,6,1937,1950,Gable,CompShg,MetalSd,MetalSd,None,0.0,TA,TA,BrkTil,TA,TA,No,Unf,0,Unf,0,780,780,GasA,TA,SBrkr,780,596,0,1376,0,0,2,0,3,1,TA,7,Typ,1,Gd,Detchd,1937.0,Unf,1,198,TA,TA,N,0,0,0,0,0,0,,None,,0,6,2006,WD,Normal,119500,0
445,445,20,RL,73.0,9855,Pave,None,Reg,Lvl,AllPub,Corner,Gtl,Edwards,Norm,Norm,1Fam,1Story,6,5,1956,1956,Hip,CompShg,Wd Sdng,Wd Sdng,None,0.0,TA,TA,CBlock,TA,TA,No,Unf,0,Unf,0,1436,1436,GasA,Fa,SBrkr,1689,0,0,1689,0,0,1,0,3,1,TA,7,Typ,1,Gd,Attchd,1956.0,Unf,2,480,TA,TA,Y,0,0,0,0,0,0,,MnPrv,,0,11,2009,COD,Normal,127500,0
716,716,70,RM,60.0,10800,Pave,Grvl,Reg,Bnk,AllPub,Inside,Gtl,OldTown,Norm,Norm,1Fam,2Story,7,8,1890,1998,Gable,CompShg,Wd Sdng,VinylSd,None,0.0,TA,Gd,BrkTil,TA,TA,No,Unf,0,Unf,0,718,718,GasA,Ex,SBrkr,1576,978,0,2554,0,0,1,1,3,1,TA,8,Typ,0,None,Detchd,1996.0,Unf,2,704,TA,TA,P,0,48,143,0,0,0,,None,,0,7,2007,WD,Normal,159500,1
844,844,50,RM,100.0,12665,Pave,Grvl,IR1,Lvl,AllPub,Inside,Gtl,OldTown,Artery,Norm,1Fam,1.5Fin,5,8,1915,1950,Gable,CompShg,Wd Sdng,Wd Sdng,None,0.0,TA,TA,BrkTil,TA,TA,Mn,Unf,0,Unf,0,876,876,GasA,Gd,SBrkr,876,540,0,1416,0,0,1,1,4,1,TA,7,Typ,1,Gd,Detchd,1949.0,Unf,3,720,TA,TA,Y,418,0,194,0,0,0,,None,,0,6,2008,WD,Normal,153900,1
1112,1112,20,RL,73.0,7100,Pave,None,IR1,Lvl,AllPub,Corner,Gtl,NAmes,Norm,Norm,1Fam,1Story,5,7,1957,1957,Gable,CompShg,WdShing,Wd Shng,None,0.0,TA,TA,CBlock,TA,TA,No,GLQ,708,Unf,0,108,816,GasA,TA,FuseA,816,0,0,816,1,0,1,0,2,1,TA,5,Typ,0,None,Detchd,1957.0,Unf,1,308,TA,TA,Y,0,0,0,0,0,0,,None,,0,7,2006,WD,Normal,129900,0
858,858,20,RL,80.0,10400,Pave,None,Reg,Lvl,AllPub,Inside,Gtl,NWAmes,Norm,Norm,1Fam,1Story,7,5,1976,1976,Gable,CompShg,HdBoard,HdBoard,BrkFace,189.0,TA,TA,CBlock,Gd,TA,No,Unf,0,Unf,0,1090,1090,GasA,TA,SBrkr,1370,0,0,1370,0,0,2,0,3,1,TA,6,Typ,1,TA,Attchd,1976.0,RFn,2,479,TA,TA,Y,0,0,0,0,0,0,,MnPrv,,0,6,2009,WD,Family,152000,1
997,997,20,RL,69.0,11717,Pave,None,IR1,Lvl,AllPub,Inside,Gtl,NWAmes,PosA,Norm,1Fam,1Story,6,6,1970,1970,Hip,CompShg,HdBoard,HdBoard,BrkFace,571.0,TA,TA,CBlock,TA,TA,No,Unf,0,Unf,0,1442,1442,GasA,TA,SBrkr,1442,0,0,1442,0,0,2,0,2,1,TA,6,Typ,1,TA,Attchd,1970.0,RFn,2,615,TA,TA,Y,371,0,0,0,0,0,,None,,0,2,2009,WD,Normal,185000,1
77,77,50,RM,50.0,8635,Pave,None,Reg,Lvl,AllPub,Inside,Gtl,BrkSide,Norm,Norm,1Fam,1.5Fin,5,5,1948,2001,Gable,CompShg,Wd Sdng,Wd Sdng,None,0.0,TA,TA,CBlock,TA,TA,No,BLQ,336,GLQ,41,295,672,GasA,TA,SBrkr,1072,213,0,1285,1,0,1,0,2,1,TA,6,Min1,0,None,Detchd,1948.0,Unf,1,240,TA,TA,Y,0,0,0,0,0,0,,MnPrv,,0,1,2008,WD,Normal,127000,0
84,84,80,RL,69.0,8530,Pave,None,IR1,Lvl,AllPub,Inside,Gtl,Gilbert,Norm,Norm,1Fam,SLvl,7,5,1995,1996,Gable,CompShg,HdBoard,HdBoard,BrkFace,22.0,TA,TA,PConc,Gd,TA,No,Unf,0,Unf,0,384,384,GasA,Gd,SBrkr,804,670,0,1474,0,0,2,1,3,1,TA,7,Typ,1,TA,BuiltIn,1995.0,Fin,2,400,TA,TA,Y,120,72,0,0,0,0,,None,Shed,700,5,2009,WD,Normal,168500,1
792,792,60,RL,92.0,9920,Pave,None,IR1,Lvl,AllPub,CulDSac,Gtl,NoRidge,Norm,Norm,1Fam,2Story,7,5,1996,1997,Gable,CompShg,MetalSd,MetalSd,None,0.0,Gd,TA,PConc,Gd,TA,Av,GLQ,862,Unf,0,255,1117,GasA,Ex,SBrkr,1127,886,0,2013,1,0,2,1,3,1,TA,8,Typ,1,TA,Attchd,1997.0,Unf,2,455,TA,TA,Y,180,130,0,0,0,0,,None,,0,6,2007,WD,Normal,269790,2
82,82,20,RL,78.0,10206,Pave,None,Reg,Lvl,AllPub,Inside,Gtl,Somerst,Norm,Norm,1Fam,1Story,8,5,2007,2007,Gable,CompShg,VinylSd,VinylSd,Stone,468.0,TA,TA,PConc,Gd,TA,No,GLQ,33,Unf,0,1530,1563,GasA,Ex,SBrkr,1563,0,0,1563,0,0,2,0,3,1,Gd,6,Typ,1,Gd,Attchd,2007.0,RFn,3,758,TA,TA,Y,144,99,0,0,0,0,,None,,0,10,2008,WD,Normal,245000,2
457,457,20,RL,69.0,53227,Pave,None,IR1,Low,AllPub,CulDSac,Mod,ClearCr,Norm,Norm,1Fam,1Story,4,6,1954,1994,Flat,Tar&Grv,Plywood,Plywood,None,0.0,TA,TA,CBlock,Gd,TA,Gd,BLQ,1116,Unf,0,248,1364,GasA,Ex,SBrkr,1663,0,0,1663,1,0,1,0,2,1,Gd,6,Min1,2,Gd,Attchd,1954.0,Fin,2,529,TA,TA,Y,224,137,0,0,0,0,,None,,0,3,2008,WD,Normal,256000,2
970,970,50,RL,60.0,10800,Pave,None,Reg,Lvl,AllPub,Inside,Gtl,NAmes,Norm,Norm,1Fam,1.5Fin,4,4,1949,1950,Gable,CompShg,AsbShng,AsbShng,None,0.0,TA,TA,CBlock,TA,TA,No,Unf,0,Unf,0,720,720,GasA,TA,FuseA,720,472,0,1192,0,0,1,1,4,1,TA,6,Typ,0,None,None,1980.0,None,0,0,None,None,Y,0,0,0,0,0,0,,None,,0,12,2006,WD,Abnorml,135000,0
676,676,70,RM,60.0,9600,Pave,Grvl,Reg,Lvl,AllPub,Inside,Gtl,OldTown,Norm,Norm,1Fam,2Story,4,2,1900,1950,Gable,CompShg,AsbShng,Stucco,None,0.0,TA,TA,BrkTil,TA,Fa,No,Unf,0,Unf,0,1095,1095,GasW,Fa,SBrkr,1095,679,0,1774,1,0,2,0,4,2,TA,8,Min2,0,None,2Types,1920.0,Unf,3,779,Fa,Fa,N,0,0,90,0,0,0,,None,,0,5,2006,WD,Normal,87000,0
938,938,60,RL,73.0,8760,Pave,None,Reg,Lvl,AllPub,Inside,Gtl,CollgCr,Norm,Norm,1Fam,2Story,7,5,2006,2006,Gable,CompShg,VinylSd,VinylSd,None,0.0,Gd,TA,PConc,Gd,Gd,Mn,GLQ,464,Unf,0,927,1391,GasA,Ex,SBrkr,1391,571,0,1962,0,0,2,1,3,1,Gd,7,Typ,0,None,Attchd,2006.0,RFn,3,868,TA,TA,Y,0,90,0,0,0,0,,None,,0,8,2006,New,Partial,239799,2
1050,1050,20,RL,73.0,8993,Pave,None,IR1,Lvl,AllPub,Inside,Gtl,Gilbert,Norm,Norm,1Fam,1Story,7,5,2007,2007,Gable,CompShg,VinylSd,VinylSd,None,0.0,Gd,TA,PConc,Gd,TA,Av,Unf,0,Unf,0,1302,1302,GasA,Ex,SBrkr,1302,0,0,1302,0,0,2,0,3,1,Gd,6,Typ,0,None,Attchd,2007.0,Fin,2,436,TA,TA,Y,0,22,0,0,0,0,,None,,0,8,2007,New,Partial,176485,1
436,436,50,RM,40.0,4400,Pave,None,Reg,Lvl,AllPub,Inside,Gtl,OldTown,Norm,Norm,1Fam,1.5Fin,6,8,1920,1950,Gable,CompShg,Stucco,Stucco,None,0.0,TA,TA,BrkTil,Fa,TA,No,Unf,0,Unf,0,648,648,GasA,TA,FuseA,734,384,0,1118,0,0,1,0,2,1,TA,6,Typ,0,None,Detchd,1990.0,Unf,2,440,TA,TA,Y,0,0,0,0,0,0,,None,,0,10,2006,WD,Normal,116000,0
644,644,20,FV,85.0,9187,Pave,None,Reg,Lvl,AllPub,Inside,Gtl,Somerst,Norm,Norm,1Fam,1Story,9,5,2009,2009,Gable,CompShg,CemntBd,CmentBd,Stone,162.0,Ex,TA,PConc,Ex,TA,Mn,GLQ,1121,Unf,0,645,1766,GasA,Ex,SBrkr,1766,0,0,1766,1,0,2,1,2,1,Ex,7,Typ,1,Gd,Attchd,2009.0,Fin,3,478,TA,TA,Y,195,130,0,0,0,0,,None,,0,10,2009,New,Partial,370878,2
780,780,20,RL,63.0,7875,Pave,None,Reg,Lvl,AllPub,Inside,Gtl,Gilbert,Norm,Norm,1Fam,1Story,7,5,1995,1996,Gable,CompShg,HdBoard,HdBoard,BrkFace,38.0,TA,TA,PConc,Gd,Gd,No,Unf,0,Unf,0,1237,1237,GasA,Gd,SBrkr,1253,0,0,1253,0,0,2,0,3,1,TA,6,Typ,1,TA,Attchd,1995.0,Fin,2,402,TA,TA,Y,220,21,0,0,0,0,,None,,0,6,2007,WD,Normal,176000,1
862,862,20,RL,81.0,9672,Pave,None,Reg,Lvl,AllPub,Corner,Gtl,SawyerW,Norm,Norm,1Fam,1Story,6,5,1984,1985,Hip,CompShg,HdBoard,Plywood,None,0.0,TA,TA,PConc,Gd,TA,No,GLQ,338,Unf,0,702,1040,GasA,TA,SBrkr,1097,0,0,1097,0,0,2,0,3,1,TA,6,Typ,0,None,Attchd,1986.0,Unf,2,480,TA,TA,Y,0,0,0,0,0,0,,GdPrv,,0,5,2010,WD,Normal,152000,1
1357,1357,20,RL,69.0,12537,Pave,None,IR1,Lvl,AllPub,CulDSac,Gtl,NAmes,Norm,Norm,1Fam,1Story,5,6,1971,2008,Gable,CompShg,VinylSd,VinylSd,None,0.0,TA,TA,CBlock,TA,TA,No,GLQ,734,Unf,0,344,1078,GasA,Ex,SBrkr,1078,0,0,1078,1,0,1,1,3,1,TA,6,Typ,1,Fa,Attchd,1971.0,Fin,2,500,TA,TA,Y,0,0,0,0,0,0,,None,,0,4,2010,WD,Normal,149900,1
404,404,60,RL,69.0,10364,Pave,None,IR1,Lvl,AllPub,Inside,Gtl,Gilbert,Norm,Norm,1Fam,2Story,6,5,1995,1996,Gable,CompShg,MetalSd,MetalSd,None,0.0,TA,TA,PConc,Gd,TA,No,Unf,0,Unf,0,806,806,GasA,Gd,SBrkr,806,766,0,1572,0,0,2,1,3,1,TA,7,Typ,1,TA,BuiltIn,1995.0,Fin,2,373,TA,TA,Y,0,40,0,0,0,0,,None,,0,5,2007,WD,Normal,168000,1
1270,1270,40,RL,69.0,23595,Pave,None,Reg,Low,AllPub,Inside,Sev,ClearCr,Norm,Norm,1Fam,1Story,7,6,1979,1979,Shed,WdShake,Plywood,Plywood,None,0.0,Gd,TA,PConc,Gd,TA,Gd,GLQ,1258,Unf,0,74,1332,GasA,TA,SBrkr,1332,192,0,1524,2,0,0,1,0,1,Gd,4,Typ,1,TA,Attchd,1979.0,Fin,2,586,TA,TA,Y,268,0,0,0,0,0,,None,,0,4,2010,WD,Normal,260000,2
941,941,60,RL,69.0,8755,Pave,None,IR1,Lvl,AllPub,FR2,Gtl,Gilbert,RRNn,Norm,1Fam,2Story,7,5,1999,1999,Gable,CompShg,VinylSd,VinylSd,BrkFace,298.0,Gd,TA,PConc,Gd,TA,No,ALQ,772,Unf,0,220,992,GasA,Ex,SBrkr,1022,1038,0,2060,1,0,2,1,3,1,Gd,8,Typ,1,TA,BuiltIn,1999.0,RFn,2,390,TA,TA,Y,0,0,0,168,0,0,,GdPrv,,0,6,2009,WD,Normal,214000,2
944,944,20,RL,69.0,14375,Pave,None,IR1,Lvl,NoSeWa,CulDSac,Gtl,Timber,Norm,Norm,1Fam,SLvl,6,6,1958,1958,Gable,CompShg,HdBoard,HdBoard,BrkFace,541.0,TA,TA,CBlock,TA,TA,No,GLQ,111,Rec,354,354,819,GasA,Gd,FuseA,1344,0,0,1344,0,1,1,0,3,1,Gd,7,Typ,1,Gd,Basment,1958.0,RFn,2,525,TA,TA,Y,0,118,0,0,233,0,,None,,0,1,2009,COD,Abnorml,137500,0
104,104,50,RM,69.0,7758,Pave,None,Reg,Lvl,AllPub,Corner,Gtl,IDOTRR,Norm,Norm,1Fam,1.5Fin,7,4,1931,1950,Gable,CompShg,Stucco,Stucco,BrkFace,600.0,TA,Fa,PConc,TA,TA,No,LwQ,224,Unf,0,816,1040,GasA,Ex,FuseF,1226,592,0,1818,0,0,1,1,4,1,TA,7,Typ,2,TA,Detchd,1951.0,Unf,1,240,TA,TA,Y,0,0,0,0,184,0,,None,,0,6,2007,WD,Normal,169500,1
609,609,20,RL,61.0,7943,Pave,None,Reg,Lvl,AllPub,Inside,Gtl,Sawyer,Feedr,Norm,1Fam,1Story,4,5,1961,1961,Gable,CompShg,VinylSd,VinylSd,BrkCmn,192.0,TA,Fa,CBlock,TA,TA,Mn,Rec,903,Unf,0,126,1029,GasA,Gd,SBrkr,1029,0,0,1029,1,0,1,0,3,1,TA,5,Typ,0,None,Attchd,1961.0,Unf,1,261,TA,TA,Y,64,0,39,0,0,0,,None,,0,4,2007,WD,Normal,118500,0
1068,1068,160,RM,42.0,3964,Pave,None,Reg,Lvl,AllPub,Inside,Gtl,MeadowV,Norm,Norm,TwnhsE,2Story,6,4,1973,1973,Gable,CompShg,CemntBd,CmentBd,None,0.0,TA,TA,CBlock,Gd,TA,No,ALQ,837,Unf,0,105,942,GasA,Gd,SBrkr,1291,1230,0,2521,1,0,2,1,5,1,TA,10,Maj1,1,Gd,Attchd,1973.0,Fin,2,576,TA,TA,Y,728,20,0,0,0,0,,GdPrv,,0,6,2006,WD,Normal,151400,1
993,993,60,RL,68.0,8846,Pave,None,Reg,Lvl,AllPub,Inside,Gtl,CollgCr,Norm,Norm,1Fam,2Story,6,5,2005,2006,Gable,CompShg,VinylSd,VinylSd,None,0.0,TA,TA,PConc,Gd,TA,No,Unf,0,Unf,0,750,750,GasA,Ex,SBrkr,750,750,0,1500,0,0,2,1,3,1,Gd,6,Typ,0,None,Attchd,2005.0,RFn,2,564,TA,TA,Y,0,35,0,0,0,0,,None,,0,8,2006,New,Partial,173900,1
888,888,20,RL,95.0,15865,Pave,None,IR1,Lvl,AllPub,Inside,Mod,NAmes,Norm,Norm,1Fam,1Story,8,6,1970,1970,Flat,Tar&Grv,Wd Sdng,Wd Sdng,None,0.0,Gd,Gd,PConc,TA,Gd,Gd,ALQ,351,Rec,823,1043,2217,GasA,Ex,SBrkr,2217,0,0,2217,1,0,2,0,4,1,Gd,8,Typ,1,TA,Attchd,1970.0,Unf,2,621,TA,TA,Y,81,207,0,0,224,0,,None,,0,10,2007,WD,Normal,268000,2
62,62,120,RL,44.0,6442,Pave,None,IR1,Lvl,AllPub,Inside,Gtl,NridgHt,Norm,Norm,TwnhsE,1Story,8,5,2006,2006,Gable,CompShg,VinylSd,VinylSd,Stone,178.0,Gd,TA,PConc,Gd,Gd,Mn,GLQ,24,Unf,0,1346,1370,GasA,Ex,SBrkr,1370,0,0,1370,0,0,2,0,2,1,Gd,6,Typ,1,Gd,Attchd,2006.0,RFn,2,484,TA,TA,Y,120,49,0,0,0,0,,None,,0,10,2007,WD,Normal,202500,2
281,281,20,FV,60.0,7200,Pave,Pave,Reg,Lvl,AllPub,Inside,Gtl,Somerst,Norm,Norm,1Fam,1Story,6,5,2006,2006,Gable,CompShg,VinylSd,VinylSd,Stone,68.0,Gd,TA,PConc,Gd,TA,No,GLQ,905,Unf,0,357,1262,GasA,Gd,SBrkr,1262,0,0,1262,0,0,2,0,2,1,Gd,5,Typ,0,None,Attchd,2006.0,Fin,2,572,TA,TA,Y,0,120,0,0,0,0,,None,,0,5,2006,New,Partial,185000,1
964,964,60,RL,80.0,11316,Pave,None,Reg,Lvl,AllPub,Corner,Gtl,Timber,Norm,Norm,1Fam,2Story,7,5,2002,2003,Gable,CompShg,VinylSd,VinylSd,BrkFace,44.0,Gd,TA,PConc,Gd,TA,No,GLQ,624,Unf,0,193,817,GasA,Ex,SBrkr,824,1070,0,1894,1,0,2,1,4,1,Gd,8,Typ,1,Gd,BuiltIn,2002.0,Fin,2,510,TA,TA,Y,0,40,0,0,0,0,,None,,0,2,2010,WD,Normal,214900,2
238,238,20,RL,93.0,12030,Pave,None,Reg,Lvl,AllPub,Inside,Gtl,NridgHt,Norm,Norm,1Fam,1Story,8,5,2007,2007,Hip,CompShg,VinylSd,VinylSd,BrkFace,254.0,Ex,TA,PConc,Ex,TA,No,Unf,0,Unf,0,1694,1694,GasA,Ex,SBrkr,1694,0,0,1694,0,0,2,0,3,1,Gd,7,Typ,0,None,Attchd,2007.0,Fin,3,818,TA,TA,Y,168,228,0,0,0,0,,None,,0,12,2007,New,Partial,318000,2
223,223,20,RL,70.0,10500,Pave,None,Reg,Lvl,AllPub,FR2,Gtl,NAmes,Norm,Norm,1Fam,1Story,4,6,1971,1971,Gable,CompShg,HdBoard,HdBoard,None,0.0,TA,TA,CBlock,TA,TA,No,ALQ,524,LwQ,180,160,864,GasA,Gd,SBrkr,864,0,0,864,0,0,1,0,2,1,TA,4,Typ,0,None,Detchd,1989.0,Unf,2,576,TA,TA,Y,216,0,0,0,0,0,,None,,0,3,2009,WD,Abnorml,97000,0
145,145,160,RM,24.0,2522,Pave,None,Reg,Lvl,AllPub,Inside,Gtl,Edwards,Norm,Norm,Twnhs,2Story,6,5,2004,2006,Gable,CompShg,VinylSd,VinylSd,Stone,50.0,Gd,TA,PConc,Gd,TA,No,Unf,0,Unf,0,970,970,GasA,Ex,SBrkr,970,739,0,1709,0,0,2,0,3,1,Gd,7,Maj1,0,None,Detchd,2004.0,Unf,2,380,TA,TA,Y,0,40,0,0,0,0,,None,,0,4,2006,WD,Normal,130000,0
1362,1362,50,RL,69.0,12513,Pave,None,IR1,Lvl,AllPub,FR2,Gtl,NAmes,Feedr,Norm,1Fam,1.5Fin,4,4,1920,2007,Gable,CompShg,VinylSd,VinylSd,None,0.0,TA,Gd,BrkTil,TA,Fa,No,Unf,0,Unf,0,715,715,GasA,Gd,SBrkr,1281,457,0,1738,0,0,2,0,4,1,TA,7,Typ,1,Gd,Attchd,1920.0,Unf,1,368,TA,TA,Y,55,0,0,0,0,0,,None,,0,6,2009,WD,Normal,104900,0
373,373,20,RL,79.0,10634,Pave,None,Reg,Lvl,AllPub,Inside,Gtl,NAmes,Norm,Norm,1Fam,1Story,5,6,1953,1953,Gable,CompShg,MetalSd,MetalSd,None,0.0,TA,TA,PConc,TA,TA,No,BLQ,428,LwQ,180,0,608,GasA,TA,SBrkr,1319,0,0,1319,1,0,1,0,3,1,TA,5,Min2,0,None,Attchd,1953.0,Unf,1,270,TA,TA,Y,66,0,0,0,0,0,,GdWo,,0,11,2009,WD,Normal,123000,0
118,118,60,RL,90.0,12376,Pave,None,Reg,Lvl,AllPub,Corner,Gtl,SawyerW,Norm,Norm,1Fam,2Story,7,5,1990,1990,Hip,CompShg,Plywood,Plywood,None,0.0,TA,TA,PConc,Gd,TA,Mn,GLQ,1470,Unf,0,203,1673,GasA,Gd,SBrkr,1699,1523,0,3222,1,0,3,0,5,1,Gd,11,Typ,2,TA,Attchd,1990.0,Unf,3,594,TA,TA,Y,367,0,0,0,0,0,,None,,0,5,2010,WD,Normal,320000,2
1096,1096,70,RM,60.0,6882,Pave,None,Reg,Lvl,AllPub,Inside,Gtl,IDOTRR,Norm,Norm,1Fam,2Story,6,7,1914,2006,Gable,CompShg,Wd Sdng,Wd Sdng,None,0.0,TA,TA,PConc,TA,TA,No,Unf,0,Unf,0,684,684,GasA,TA,SBrkr,773,582,0,1355,0,0,1,1,3,1,Gd,7,Typ,0,None,None,1980.0,None,0,0,None,None,Y,136,0,115,0,0,0,,None,,0,3,2007,WD,Normal,127000,0
250,250,30,RL,55.0,5350,Pave,None,IR1,Lvl,AllPub,Inside,Gtl,BrkSide,Norm,Norm,1Fam,1Story,3,2,1940,1966,Gable,CompShg,Wd Sdng,Plywood,None,0.0,TA,Po,CBlock,TA,TA,No,Unf,0,Unf,0,728,728,GasA,Ex,SBrkr,1306,0,0,1306,0,0,1,0,3,1,Fa,6,Mod,0,None,None,1980.0,None,0,0,None,None,Y,263,0,0,0,0,0,,GdWo,Shed,450,5,2010,WD,Normal,76500,0
1406,1406,85,RL,70.0,8445,Pave,None,Reg,Lvl,AllPub,Corner,Gtl,CollgCr,Norm,Norm,1Fam,SFoyer,5,7,1972,2007,Gable,CompShg,HdBoard,Wd Shng,None,0.0,TA,TA,CBlock,Gd,TA,Av,GLQ,656,Unf,0,112,768,GasA,TA,SBrkr,768,0,0,768,1,0,1,0,2,1,TA,5,Typ,0,None,Detchd,1988.0,Unf,2,396,TA,TA,Y,58,0,0,0,0,0,,MnPrv,,0,3,2009,WD,Normal,133000,0
9,9,190,RL,50.0,7420,Pave,None,Reg,Lvl,AllPub,Corner,Gtl,BrkSide,Artery,Artery,2fmCon,1.5Unf,5,6,1939,1950,Gable,CompShg,MetalSd,MetalSd,None,0.0,TA,TA,BrkTil,TA,TA,No,GLQ,851,Unf,0,140,991,GasA,Ex,SBrkr,1077,0,0,1077,1,0,1,0,2,2,TA,5,Typ,2,TA,Attchd,1939.0,RFn,1,205,Gd,TA,Y,0,4,0,0,0,0,,None,,0,1,2008,WD,Normal,118000,0
449,449,50,RM,50.0,6000,Pave,None,Reg,Lvl,AllPub,Inside,Gtl,OldTown,Norm,Norm,1Fam,1.5Fin,3,7,1948,2002,Gable,CompShg,MetalSd,MetalSd,None,0.0,TA,Gd,CBlock,TA,TA,No,ALQ,331,Unf,0,318,649,GasA,Ex,SBrkr,679,504,0,1183,0,0,1,1,2,1,TA,6,Typ,0,None,Detchd,1981.0,Unf,1,308,TA,TA,Y,0,176,0,0,0,0,,None,,0,6,2007,WD,Normal,120000,0
708,708,60,RL,65.0,9018,Pave,None,IR1,Lvl,AllPub,Inside,Gtl,Gilbert,Norm,Norm,1Fam,2Story,7,5,2007,2007,Hip,CompShg,VinylSd,VinylSd,None,0.0,Gd,TA,PConc,Gd,TA,Av,Unf,0,Unf,0,728,728,GasA,Ex,SBrkr,728,728,0,1456,0,0,2,1,3,1,Gd,8,Typ,1,Gd,Attchd,2007.0,Fin,2,400,TA,TA,Y,100,24,0,0,0,0,,None,,0,7,2007,New,Partial,179540,1
255,255,60,RL,66.0,8738,Pave,None,IR1,Lvl,AllPub,Inside,Gtl,Gilbert,Norm,Norm,1Fam,2Story,7,5,1999,1999,Gable,CompShg,VinylSd,VinylSd,BrkFace,302.0,Gd,TA,PConc,Gd,TA,No,Unf,0,Unf,0,975,975,GasA,Ex,SBrkr,1005,1286,0,2291,0,0,2,1,4,1,Gd,8,Typ,1,TA,BuiltIn,1999.0,Fin,2,429,TA,TA,Y,192,0,0,0,0,0,,None,,0,2,2006,WD,Normal,230000,2
593,593,120,RM,69.0,4435,Pave,None,Reg,Lvl,AllPub,Inside,Gtl,CollgCr,Norm,Norm,TwnhsE,1Story,6,5,2003,2003,Gable,CompShg,VinylSd,VinylSd,BrkFace,170.0,Gd,TA,PConc,Gd,TA,Av,GLQ,685,Unf,0,163,848,GasA,Ex,SBrkr,848,0,0,848,1,0,1,0,1,1,Gd,4,Typ,0,None,Attchd,2003.0,Fin,2,420,TA,TA,Y,140,0,0,0,0,0,,None,,0,5,2009,WD,Normal,140000,1
389,389,60,RL,96.0,12474,Pave,None,Reg,Lvl,AllPub,Inside,Gtl,NridgHt,Norm,Norm,1Fam,2Story,10,5,2007,2008,Gable,CompShg,VinylSd,VinylSd,Stone,272.0,Ex,TA,PConc,Ex,TA,Av,GLQ,1280,Unf,0,402,1682,GasA,Ex,SBrkr,1742,590,0,2332,1,0,2,1,3,1,Ex,9,Typ,1,Ex,BuiltIn,2008.0,Fin,3,846,TA,TA,Y,196,134,0,0,0,0,,None,,0,8,2008,New,Partial,426000,2
1202,1202,50,RM,50.0,6000,Pave,None,Reg,Lvl,AllPub,Corner,Gtl,BrkSide,Norm,Norm,1Fam,1.5Fin,5,8,1925,1997,Gable,CompShg,Wd Sdng,Wd Sdng,None,0.0,TA,TA,BrkTil,TA,TA,No,Unf,0,Unf,0,884,884,GasA,Ex,SBrkr,884,464,0,1348,1,0,1,0,3,1,TA,5,Typ,1,Fa,Detchd,1960.0,Unf,1,216,TA,TA,N,0,0,208,0,0,0,,None,,0,5,2009,WD,Normal,117000,0
1168,1168,70,RL,120.0,13728,Pave,None,Reg,Lvl,AllPub,Corner,Gtl,Edwards,Norm,Norm,1Fam,2Story,6,7,1935,1986,Hip,CompShg,Stucco,Stucco,None,0.0,TA,TA,CBlock,TA,TA,No,Rec,626,Unf,0,501,1127,GasA,Ex,SBrkr,1236,872,0,2108,0,0,2,0,4,1,Gd,7,Typ,2,TA,Basment,1935.0,Unf,2,540,TA,TA,Y,0,0,0,0,90,0,,None,,0,7,2008,WD,Normal,235000,2
557,557,50,C (all),60.0,11040,Pave,None,Reg,Low,AllPub,Inside,Mod,IDOTRR,Norm,Norm,1Fam,1.5Fin,4,6,1920,1950,Gable,CompShg,MetalSd,MetalSd,None,0.0,TA,TA,CBlock,TA,TA,No,Rec,637,Unf,0,0,637,GasA,Gd,SBrkr,897,439,0,1336,0,0,1,1,3,1,TA,7,Typ,0,None,CarPort,1994.0,Unf,1,570,TA,TA,Y,0,47,120,0,0,0,,None,,0,9,2006,COD,Normal,108000,0
1298,1298,60,RL,313.0,63887,Pave,None,IR3,Bnk,AllPub,Corner,Gtl,Edwards,Feedr,Norm,1Fam,2Story,10,5,2008,2008,Hip,ClyTile,Stucco,Stucco,Stone,796.0,Ex,TA,PConc,Ex,TA,Gd,GLQ,5644,Unf,0,466,6110,GasA,Ex,SBrkr,4692,950,0,5642,2,0,2,1,3,1,Ex,12,Typ,3,Gd,Attchd,2008.0,Fin,2,1418,TA,TA,Y,214,292,0,0,0,480,Gd,None,,0,1,2008,New,Partial,160000,1
1424,1424,20,RL,69.0,9503,Pave,None,Reg,Lvl,AllPub,Inside,Gtl,NAmes,Norm,Norm,1Fam,1Story,5,5,1958,1983,Hip,CompShg,HdBoard,HdBoard,None,0.0,TA,TA,CBlock,TA,TA,No,ALQ,457,Rec,374,193,1024,GasA,TA,SBrkr,1344,0,0,1344,1,0,1,0,2,1,TA,6,Min1,1,TA,Detchd,1970.0,Unf,1,484,TA,TA,Y,316,28,0,0,0,0,,GdWo,,0,6,2007,WD,Normal,144000,1
460,460,60,FV,75.0,8004,Pave,None,IR1,Lvl,AllPub,Inside,Gtl,Somerst,RRAn,Norm,1Fam,2Story,8,5,2009,2009,Gable,CompShg,VinylSd,VinylSd,Stone,110.0,Gd,TA,PConc,Gd,TA,No,GLQ,544,Unf,0,288,832,GasA,Ex,SBrkr,832,1103,0,1935,1,0,2,1,3,1,TA,8,Typ,0,None,BuiltIn,2009.0,Fin,2,552,TA,TA,Y,0,150,0,0,0,0,,None,,0,12,2009,New,Partial,263435,2
723,723,50,RL,60.0,8172,Pave,None,Reg,Lvl,AllPub,Inside,Gtl,Edwards,Norm,Norm,1Fam,1.5Fin,4,6,1954,1972,Gable,CompShg,MetalSd,MetalSd,None,0.0,TA,TA,PConc,TA,TA,No,Unf,0,Unf,0,941,941,GasA,Ex,SBrkr,997,473,0,1470,0,0,2,0,4,1,TA,7,Typ,0,None,Detchd,1958.0,Unf,1,548,TA,TA,Y,0,0,0,0,156,0,,None,,0,5,2008,WD,Normal,135000,0
1346,1346,20,RL,69.0,20781,Pave,None,IR2,Lvl,AllPub,CulDSac,Gtl,NWAmes,PosN,Norm,1Fam,1Story,7,7,1968,2003,Hip,CompShg,BrkFace,HdBoard,None,0.0,TA,TA,CBlock,TA,TA,No,BLQ,297,Rec,68,1203,1568,GasA,TA,SBrkr,2156,0,0,2156,0,0,2,0,3,1,TA,9,Typ,1,Gd,Attchd,1968.0,RFn,2,508,Gd,TA,Y,0,80,0,290,0,0,,None,,0,6,2006,WD,Normal,262500,2
144,144,90,RM,70.0,9100,Pave,None,Reg,Lvl,AllPub,Inside,Gtl,Sawyer,RRAe,Norm,Duplex,1Story,5,5,1963,1963,Gable,CompShg,HdBoard,HdBoard,BrkFace,336.0,TA,TA,CBlock,TA,TA,No,Rec,1332,Unf,0,396,1728,GasA,TA,SBrkr,1728,0,0,1728,1,0,2,0,6,2,TA,10,Typ,0,None,Detchd,1963.0,Unf,2,504,TA,TA,Y,0,0,0,0,0,0,,None,,0,11,2006,ConLI,Abnorml,125000,0
501,501,60,FV,75.0,9803,Pave,None,Reg,Lvl,AllPub,Inside,Gtl,Somerst,Norm,Norm,1Fam,2Story,7,5,2005,2005,Gable,CompShg,VinylSd,VinylSd,None,0.0,Gd,TA,PConc,Gd,TA,No,GLQ,400,Unf,0,466,866,GasA,Gd,SBrkr,866,902,0,1768,0,0,2,1,3,1,Gd,7,Typ,0,None,Attchd,2005.0,RFn,2,603,TA,TA,Y,0,108,0,0,0,0,,None,,0,2,2008,WD,Normal,226700,2
1070,1070,20,RL,72.0,10152,Pave,None,Reg,Lvl,AllPub,Inside,Gtl,NAmes,Norm,Norm,1Fam,1Story,5,5,1956,1956,Hip,CompShg,MetalSd,MetalSd,BrkFace,120.0,TA,TA,CBlock,TA,TA,No,BLQ,586,Unf,0,462,1048,GasA,TA,SBrkr,1048,0,0,1048,1,0,1,0,3,1,TA,6,Typ,0,None,Attchd,1956.0,Unf,1,286,TA,TA,Y,0,20,0,0,192,0,,None,,0,6,2007,WD,Normal,135000,0
739,739,60,RL,65.0,9313,Pave,None,IR1,Lvl,AllPub,Inside,Gtl,CollgCr,Norm,Norm,1Fam,2Story,7,5,2004,2004,Gable,CompShg,VinylSd,VinylSd,None,0.0,Gd,TA,PConc,Gd,TA,No,Unf,0,Unf,0,864,864,GasA,Ex,SBrkr,864,864,0,1728,0,0,2,1,3,1,Gd,7,Typ,0,None,Attchd,2004.0,RFn,2,572,TA,TA,Y,187,56,0,0,0,0,,None,,0,4,2009,WD,Normal,190000,2
1349,1349,70,RM,50.0,5250,Pave,Pave,Reg,Lvl,AllPub,Inside,Gtl,OldTown,Norm,Norm,1Fam,2Story,8,5,1872,1987,Gable,CompShg,MetalSd,MetalSd,None,0.0,TA,Gd,BrkTil,TA,Fa,No,LwQ,259,Unf,0,425,684,OthW,Fa,SBrkr,938,1215,205,2358,0,0,2,0,4,1,TA,8,Typ,0,None,None,1980.0,None,0,0,None,None,Y,0,54,20,0,0,0,,None,,0,12,2008,WD,Normal,122000,0
731,731,80,RL,73.0,9590,Pave,None,IR1,Lvl,AllPub,Corner,Gtl,Timber,Norm,Norm,1Fam,SLvl,7,5,2003,2003,Gable,CompShg,VinylSd,VinylSd,BrkFace,442.0,Gd,TA,PConc,Ex,TA,Av,GLQ,786,Unf,0,82,868,GasA,Ex,SBrkr,1146,0,0,1146,1,0,2,0,3,1,Gd,6,Typ,1,Gd,Attchd,2003.0,Fin,2,438,TA,TA,Y,160,22,0,0,0,0,,None,,0,5,2007,WD,Normal,187500,1
539,539,20,RL,69.0,11423,Pave,None,Reg,Lvl,AllPub,Inside,Gtl,CollgCr,Norm,Norm,1Fam,1Story,8,5,2001,2002,Gable,CompShg,VinylSd,VinylSd,BrkFace,479.0,Gd,TA,PConc,Gd,TA,Av,GLQ,1358,Unf,0,223,1581,GasA,Ex,SBrkr,1601,0,0,1601,1,0,2,0,3,1,Gd,6,Typ,1,TA,Attchd,2001.0,RFn,2,670,TA,TA,Y,180,0,0,0,0,0,,MnPrv,Shed,2000,5,2010,WD,Normal,272000,2
177,177,50,RL,69.0,13650,Pave,None,Reg,Lvl,AllPub,Inside,Gtl,Sawyer,Norm,Norm,1Fam,1.5Fin,5,5,1958,1958,Gable,CompShg,MetalSd,MetalSd,None,0.0,Gd,Gd,CBlock,TA,TA,No,ALQ,57,BLQ,441,554,1052,GasA,Ex,SBrkr,1252,668,0,1920,1,0,2,0,4,1,Gd,8,Typ,1,Gd,Attchd,1958.0,Unf,2,451,TA,TA,Y,0,0,0,0,0,0,,None,,0,7,2006,WD,Normal,172500,1
1408,1408,70,RM,60.0,7740,Pave,None,Reg,Lvl,AllPub,Inside,Gtl,OldTown,Norm,Norm,1Fam,2Story,4,7,1910,1950,Gable,CompShg,VinylSd,VinylSd,None,0.0,TA,TA,CBlock,Fa,TA,No,Unf,0,Unf,0,622,622,GasA,Gd,SBrkr,741,622,0,1363,0,0,1,0,3,1,TA,6,Typ,0,None,Detchd,1966.0,Unf,2,528,TA,TA,Y,0,0,0,0,168,0,,None,,0,6,2010,WD,Normal,125500,0
697,697,20,RL,57.0,6420,Pave,None,IR1,Lvl,AllPub,Inside,Gtl,Edwards,Norm,Norm,1Fam,1Story,5,7,1952,1952,Gable,CompShg,Wd Sdng,Wd Sdng,None,0.0,TA,TA,PConc,Ex,Gd,Mn,LwQ,210,ALQ,551,219,980,GasA,Fa,FuseA,1148,0,0,1148,0,1,1,0,2,1,TA,6,Typ,0,None,Detchd,1952.0,Unf,1,308,TA,TA,Y,0,0,0,0,0,0,,None,,0,9,2006,WD,Normal,123500,0
1402,1402,20,RL,64.0,6762,Pave,None,Reg,Lvl,AllPub,Inside,Gtl,CollgCr,Norm,Norm,1Fam,1Story,7,5,2006,2006,Gable,CompShg,VinylSd,VinylSd,None,0.0,Gd,TA,PConc,Gd,Gd,Av,Unf,0,Unf,0,1286,1286,GasA,Ex,SBrkr,1294,0,0,1294,0,0,2,0,2,1,Gd,6,Typ,1,Gd,Attchd,2006.0,RFn,2,662,TA,TA,Y,168,55,0,0,0,0,,None,,0,7,2006,New,Partial,193879,2
1022,1022,50,RM,52.0,9439,Pave,None,Reg,Lvl,AllPub,Inside,Gtl,OldTown,Norm,Norm,1Fam,1.5Fin,5,5,1930,1950,Gable,CompShg,Wd Sdng,Wd Sdng,None,0.0,TA,TA,CBlock,TA,TA,No,LwQ,324,Unf,0,588,912,GasA,Gd,FuseA,912,336,0,1248,0,0,1,0,2,1,TA,6,Typ,0,None,Detchd,1957.0,Unf,1,160,Fa,Fa,Y,0,0,192,0,0,0,,None,,0,3,2007,WD,Normal,87000,0
1116,1116,80,RL,69.0,7750,Pave,None,Reg,Lvl,AllPub,Inside,Gtl,Gilbert,Norm,Norm,1Fam,SLvl,8,5,2002,2002,Hip,CompShg,VinylSd,VinylSd,None,0.0,Gd,TA,PConc,Gd,TA,No,GLQ,353,Unf,0,55,408,GasA,Ex,SBrkr,779,640,0,1419,1,0,2,1,3,1,Gd,7,Typ,1,TA,BuiltIn,2002.0,Fin,2,527,TA,TA,Y,120,0,0,0,0,0,,None,,0,3,2009,WD,Normal,184100,1
1429,1429,20,RL,69.0,12546,Pave,None,IR1,Lvl,AllPub,Corner,Gtl,NWAmes,Norm,Norm,1Fam,1Story,6,7,1981,1981,Gable,CompShg,MetalSd,MetalSd,BrkFace,310.0,Gd,Gd,CBlock,Gd,TA,No,BLQ,678,Unf,0,762,1440,GasA,Ex,SBrkr,1440,0,0,1440,0,0,2,0,3,1,Gd,7,Typ,1,TA,Attchd,1981.0,Fin,2,467,TA,TA,Y,0,0,99,0,0,0,,None,,0,4,2007,WD,Normal,182900,1
1453,1453,20,RL,90.0,17217,Pave,None,Reg,Lvl,AllPub,Inside,Gtl,Mitchel,Norm,Norm,1Fam,1Story,5,5,2006,2006,Gable,CompShg,VinylSd,VinylSd,None,0.0,TA,TA,PConc,Gd,TA,No,Unf,0,Unf,0,1140,1140,GasA,Ex,SBrkr,1140,0,0,1140,0,0,1,0,3,1,TA,6,Typ,0,None,None,1980.0,None,0,0,None,None,Y,36,56,0,0,0,0,,None,,0,7,2006,WD,Abnorml,84500,0
7,7,60,RL,69.0,10382,Pave,None,IR1,Lvl,AllPub,Corner,Gtl,NWAmes,PosN,Norm,1Fam,2Story,7,6,1973,1973,Gable,CompShg,HdBoard,HdBoard,Stone,240.0,TA,TA,CBlock,Gd,TA,Mn,ALQ,859,BLQ,32,216,1107,GasA,Ex,SBrkr,1107,983,0,2090,1,0,2,1,3,1,TA,7,Typ,2,TA,Attchd,1973.0,RFn,2,484,TA,TA,Y,235,204,228,0,0,0,,None,Shed,350,11,2009,WD,Normal,200000,2
820,820,60,RL,72.0,7226,Pave,None,IR1,Lvl,AllPub,CulDSac,Gtl,CollgCr,Norm,Norm,1Fam,2Story,7,5,2003,2003,Gable,CompShg,VinylSd,VinylSd,None,0.0,Gd,TA,PConc,Gd,TA,No,Unf,0,Unf,0,798,798,GasA,Ex,SBrkr,798,842,0,1640,0,0,2,1,3,1,Gd,6,Typ,0,None,Attchd,2003.0,RFn,2,595,TA,TA,Y,0,45,0,0,0,0,,None,,0,6,2008,WD,Normal,183000,1
667,667,20,RL,65.0,8125,Pave,None,Reg,Lvl,AllPub,Inside,Gtl,SawyerW,Norm,Norm,1Fam,1Story,6,5,1994,1998,Gable,CompShg,HdBoard,HdBoard,BrkFace,258.0,TA,TA,PConc,Gd,TA,No,GLQ,1138,Unf,0,270,1408,GasA,Ex,SBrkr,1679,0,0,1679,1,0,2,0,3,1,Gd,7,Typ,1,Fa,Attchd,1994.0,RFn,2,575,TA,TA,Y,224,42,0,0,0,0,,None,,0,10,2008,WD,Normal,193500,2
1389,1389,50,RM,60.0,6000,Pave,None,Reg,Lvl,AllPub,Inside,Gtl,BrkSide,Norm,Norm,1Fam,1.5Fin,6,6,1941,1950,Gable,CompShg,Wd Sdng,Wd Sdng,None,0.0,TA,Gd,BrkTil,TA,Gd,No,ALQ,375,Unf,0,360,735,GasA,Ex,SBrkr,869,349,0,1218,0,1,1,0,3,1,TA,6,Typ,1,Gd,Detchd,2003.0,Unf,2,440,TA,TA,Y,0,0,0,0,0,0,,None,,0,3,2007,WD,Normal,131000,0
357,357,120,RM,44.0,4224,Pave,None,Reg,Lvl,AllPub,Inside,Gtl,MeadowV,Norm,Norm,TwnhsE,1Story,5,5,1976,1976,Gable,CompShg,CemntBd,CmentBd,None,0.0,TA,TA,PConc,Gd,TA,No,ALQ,874,Unf,0,268,1142,GasA,TA,SBrkr,1142,0,0,1142,1,0,1,1,3,1,TA,6,Typ,1,Po,Attchd,1976.0,Fin,2,528,TA,TA,Y,536,90,0,0,0,0,,MnPrv,,0,8,2007,WD,Normal,134000,0
783,783,85,RL,69.0,9101,Pave,None,IR1,Lvl,AllPub,Corner,Gtl,Mitchel,Norm,Norm,1Fam,SFoyer,5,6,1978,1978,Gable,CompShg,Plywood,Plywood,BrkFace,104.0,TA,Gd,PConc,Gd,TA,Av,GLQ,1097,Unf,0,0,1097,GasA,Ex,SBrkr,1110,0,0,1110,1,0,1,0,1,1,Gd,4,Typ,1,TA,Attchd,1978.0,Fin,2,602,TA,TA,Y,303,30,0,0,0,0,,None,,0,7,2009,WD,Normal,165500,1
985,985,190,RL,68.0,10880,Pave,None,Reg,Lvl,AllPub,Inside,Gtl,Edwards,Norm,Norm,2fmCon,1Story,5,5,1950,1950,Gable,CompShg,MetalSd,MetalSd,None,0.0,TA,TA,CBlock,TA,TA,No,ALQ,1040,Unf,0,124,1164,GasW,TA,SBrkr,1164,0,0,1164,1,0,1,0,3,1,TA,5,Typ,0,None,Detchd,1950.0,Unf,1,240,TA,TA,Y,0,48,0,0,0,0,,None,,0,8,2008,ConLD,Normal,125000,0
329,329,70,RM,60.0,6402,Pave,None,Reg,Lvl,AllPub,Corner,Gtl,IDOTRR,Norm,Norm,1Fam,2Story,5,5,1920,1950,Gable,CompShg,Wd Sdng,Wd Shng,None,0.0,TA,TA,PConc,TA,TA,Mn,Unf,0,Unf,0,596,596,GasA,TA,SBrkr,596,596,0,1192,0,0,1,0,3,1,TA,6,Typ,0,None,Detchd,1920.0,Unf,1,189,Fa,Fa,N,0,0,137,0,0,0,,GdWo,,0,7,2009,WD,Normal,78000,0
1444,1444,20,RL,63.0,8500,Pave,None,Reg,Lvl,AllPub,FR2,Gtl,CollgCr,Norm,Norm,1Fam,1Story,7,5,2004,2004,Gable,CompShg,VinylSd,VinylSd,BrkFace,106.0,Gd,TA,PConc,Gd,TA,Av,Unf,0,Unf,0,1422,1422,GasA,Ex,SBrkr,1422,0,0,1422,0,0,2,0,3,1,Gd,7,Typ,0,None,Attchd,2004.0,RFn,2,626,TA,TA,Y,192,60,0,0,0,0,,None,,0,11,2007,WD,Normal,179600,1
1117,1117,20,RL,57.0,9764,Pave,None,IR1,Lvl,AllPub,FR2,Gtl,Sawyer,Feedr,Norm,1Fam,1Story,5,7,1967,2003,Gable,CompShg,VinylSd,VinylSd,None,0.0,TA,TA,CBlock,TA,TA,No,BLQ,702,Unf,0,192,894,GasA,Ex,SBrkr,894,0,0,894,1,0,1,0,3,1,Gd,5,Typ,0,None,Attchd,1967.0,RFn,2,450,TA,TA,Y,0,0,0,0,0,0,,None,,0,5,2008,WD,Normal,130000,0
1087,1087,60,FV,85.0,10574,Pave,None,Reg,Lvl,AllPub,Inside,Gtl,Somerst,Norm,Norm,1Fam,2Story,8,5,2005,2006,Gable,CompShg,VinylSd,VinylSd,None,0.0,Gd,TA,PConc,Gd,TA,Mn,Unf,0,Unf,0,1082,1082,GasA,Ex,SBrkr,1082,871,0,1953,0,0,2,1,3,1,Gd,9,Typ,1,Gd,Attchd,2005.0,RFn,3,1043,TA,TA,Y,160,50,0,0,0,0,,None,,0,5,2009,WD,Normal,252000,2
258,258,60,RL,80.0,12435,Pave,None,Reg,Lvl,AllPub,Inside,Gtl,CollgCr,Norm,Norm,1Fam,2Story,7,5,2001,2001,Gable,CompShg,VinylSd,VinylSd,BrkFace,172.0,Gd,TA,PConc,Gd,TA,No,GLQ,361,Unf,0,602,963,GasA,Ex,SBrkr,963,829,0,1792,0,0,2,1,3,1,Gd,7,Typ,1,TA,Attchd,2001.0,RFn,2,564,TA,TA,Y,0,96,0,245,0,0,,None,,0,5,2008,WD,Normal,231500,2
1144,1144,190,RL,60.0,12180,Pave,None,Reg,Lvl,AllPub,Inside,Gtl,Edwards,Norm,Norm,2fmCon,1.5Fin,4,4,1941,1950,Gable,CompShg,MetalSd,MetalSd,None,0.0,TA,Fa,BrkTil,Gd,TA,No,BLQ,348,Unf,0,324,672,Grav,Fa,FuseA,672,252,0,924,1,0,1,0,2,1,Fa,5,Typ,0,None,Detchd,1941.0,Unf,1,280,TA,TA,Y,0,0,0,0,0,0,,MnPrv,,0,7,2010,WD,Normal,80000,0
372,372,120,RL,50.0,7175,Pave,None,Reg,Lvl,AllPub,Inside,Gtl,SawyerW,Norm,Norm,TwnhsE,1Story,6,5,1984,1984,Gable,CompShg,Plywood,Plywood,None,0.0,TA,TA,CBlock,Gd,TA,No,ALQ,623,LwQ,121,0,744,GasA,TA,SBrkr,752,0,0,752,1,0,1,0,2,1,TA,4,Typ,0,None,Attchd,1984.0,Unf,1,264,TA,TA,Y,353,0,0,0,90,0,,MnPrv,,0,2,2010,WD,Normal,125000,0
1075,1075,70,RL,75.0,13125,Pave,None,Reg,Lvl,AllPub,Inside,Gtl,Crawfor,Norm,Norm,1Fam,2Story,7,6,1940,1984,Gable,CompShg,Wd Sdng,Wd Sdng,None,0.0,TA,TA,CBlock,TA,TA,No,BLQ,410,Unf,0,390,800,GasA,TA,SBrkr,960,780,0,1740,0,0,1,1,3,1,TA,6,Typ,2,Gd,Attchd,1940.0,Unf,1,240,TA,TA,Y,0,0,0,0,0,0,,None,,0,7,2007,CWD,Normal,219500,2
882,882,60,RL,69.0,9636,Pave,None,IR1,Lvl,AllPub,Corner,Gtl,Gilbert,Norm,Norm,1Fam,2Story,6,5,1992,1993,Gable,CompShg,VinylSd,VinylSd,None,0.0,TA,TA,PConc,Gd,TA,No,Unf,0,Unf,0,808,808,GasA,Gd,SBrkr,808,785,0,1593,0,0,2,1,3,1,TA,7,Typ,1,TA,BuiltIn,1993.0,RFn,2,389,TA,TA,Y,342,40,0,0,0,0,,MnPrv,,0,12,2009,WD,Normal,178000,1
142,142,50,RL,71.0,8520,Pave,None,Reg,Lvl,AllPub,Corner,Gtl,NAmes,Artery,Norm,1Fam,1.5Fin,5,4,1952,1952,Gable,CompShg,BrkFace,Wd Sdng,None,0.0,TA,Fa,CBlock,TA,TA,No,Rec,507,Unf,0,403,910,GasA,Fa,SBrkr,910,475,0,1385,0,0,2,0,4,1,TA,6,Typ,0,None,Detchd,2000.0,Unf,2,720,TA,TA,Y,0,0,0,0,0,0,,MnPrv,,0,6,2010,WD,Normal,166000,1
525,525,20,FV,62.0,7500,Pave,Pave,Reg,Lvl,AllPub,Inside,Gtl,Somerst,Norm,Norm,1Fam,1Story,7,5,2005,2005,Gable,CompShg,VinylSd,VinylSd,None,0.0,Gd,TA,PConc,Gd,TA,No,Unf,0,Unf,0,1257,1257,GasA,Ex,SBrkr,1266,0,0,1266,0,0,2,0,3,1,Gd,6,Typ,1,TA,Attchd,2005.0,Unf,2,453,TA,TA,Y,38,144,0,0,0,0,,None,,0,4,2006,WD,Normal,176000,1
1107,1107,60,RL,168.0,23257,Pave,None,IR3,HLS,AllPub,CulDSac,Gtl,Gilbert,Norm,Norm,1Fam,2Story,7,5,2006,2006,Gable,CompShg,VinylSd,VinylSd,None,0.0,Gd,TA,PConc,Ex,Gd,No,Unf,0,Unf,0,868,868,GasA,Ex,SBrkr,887,1134,0,2021,0,0,2,1,3,1,Gd,9,Typ,1,Gd,BuiltIn,2006.0,RFn,2,422,TA,TA,Y,0,100,0,0,0,0,,None,,0,9,2006,New,Partial,274725,2
1335,1335,20,RL,80.0,9650,Pave,None,Reg,Lvl,AllPub,Inside,Gtl,NWAmes,Norm,Norm,1Fam,1Story,6,5,1977,1977,Gable,CompShg,Plywood,Plywood,BrkFace,360.0,TA,TA,CBlock,Gd,TA,No,ALQ,686,Unf,0,664,1350,GasA,TA,SBrkr,1334,0,0,1334,0,1,2,0,2,1,TA,6,Typ,1,TA,Attchd,1977.0,RFn,2,630,TA,TA,Y,0,16,0,0,0,0,,None,,0,4,2009,WD,Normal,167900,1
1091,1091,160,FV,24.0,2160,Pave,Pave,Reg,Lvl,AllPub,Inside,Gtl,Somerst,Norm,Norm,Twnhs,2Story,7,5,1999,2000,Gable,CompShg,MetalSd,MetalSd,BrkFace,212.0,Gd,TA,PConc,Gd,TA,No,BLQ,510,Unf,0,90,600,GasA,Ex,SBrkr,624,628,0,1252,1,0,2,1,2,1,Gd,4,Typ,0,None,Detchd,1999.0,Unf,2,462,TA,TA,Y,0,48,0,0,0,0,,None,,0,3,2008,WD,Normal,160000,1
1387,1387,50,RM,60.0,8520,Pave,Grvl,Reg,Lvl,AllPub,Inside,Gtl,OldTown,Artery,Norm,1Fam,1.5Fin,6,7,1916,1950,Gable,CompShg,Stucco,Stucco,None,0.0,TA,Gd,BrkTil,TA,TA,No,Rec,168,LwQ,546,0,714,GasW,TA,SBrkr,1664,862,0,2526,0,0,2,0,5,1,Gd,10,Typ,1,Gd,Detchd,1916.0,Unf,1,216,TA,TA,Y,88,15,0,0,0,0,,GdWo,,0,8,2007,CWD,Family,136000,0
440,440,20,RL,105.0,15431,Pave,None,Reg,Lvl,AllPub,Inside,Gtl,NridgHt,Norm,Norm,1Fam,1Story,10,5,2008,2008,Hip,CompShg,VinylSd,VinylSd,Stone,200.0,Ex,TA,PConc,Ex,TA,Gd,GLQ,1767,ALQ,539,788,3094,GasA,Ex,SBrkr,2402,0,0,2402,1,0,2,0,2,1,Ex,10,Typ,2,Gd,Attchd,2008.0,Fin,3,672,TA,TA,Y,0,72,0,0,170,0,,None,,0,4,2009,WD,Normal,555000,2
531,531,70,RM,60.0,6155,Pave,None,IR1,Lvl,AllPub,FR3,Gtl,BrkSide,RRNn,Feedr,1Fam,2Story,6,8,1920,1999,Gable,CompShg,Wd Sdng,Wd Sdng,None,0.0,TA,TA,BrkTil,Fa,Fa,Mn,Unf,0,Unf,0,611,611,GasA,Ex,SBrkr,751,611,0,1362,0,0,2,0,3,1,TA,6,Typ,0,None,Detchd,1920.0,Fin,2,502,TA,Fa,Y,0,0,84,0,0,0,,None,,0,6,2008,WD,Normal,128000,0
1169,1169,60,RL,118.0,35760,Pave,None,IR1,Lvl,AllPub,CulDSac,Gtl,NoRidge,Norm,Norm,1Fam,2Story,10,5,1995,1996,Hip,CompShg,HdBoard,HdBoard,BrkFace,1378.0,Gd,Gd,PConc,Ex,TA,Gd,GLQ,1387,Unf,0,543,1930,GasA,Ex,SBrkr,1831,1796,0,3627,1,0,3,1,4,1,Gd,10,Typ,1,TA,Attchd,1995.0,Fin,3,807,TA,TA,Y,361,76,0,0,0,0,,None,,0,7,2006,WD,Normal,625000,2
226,226,60,RL,82.0,9950,Pave,None,IR1,Lvl,AllPub,Inside,Gtl,NoRidge,Norm,Norm,1Fam,2Story,7,5,1995,1995,Gable,CompShg,VinylSd,VinylSd,BrkFace,290.0,Gd,TA,PConc,Gd,TA,No,GLQ,565,Unf,0,638,1203,GasA,Ex,SBrkr,1214,1306,0,2520,0,0,2,1,4,1,Gd,9,Typ,1,TA,Attchd,1995.0,RFn,3,721,TA,TA,Y,224,114,0,0,0,0,,None,,0,6,2007,WD,Abnorml,290000,2
1000,1000,20,RL,74.0,10206,Pave,None,Reg,Lvl,AllPub,Corner,Gtl,Edwards,Norm,Norm,1Fam,1Story,3,3,1952,1952,Flat,Tar&Grv,BrkComm,Brk Cmn,None,0.0,TA,TA,Slab,None,None,None,None,0,None,0,0,0,GasW,Fa,FuseF,944,0,0,944,0,0,1,0,2,1,Fa,4,Min1,0,None,Detchd,1956.0,Unf,2,528,TA,Fa,Y,0,0,0,0,0,0,,None,,0,7,2009,WD,Normal,82000,0
228,228,20,RL,70.0,8521,Pave,None,Reg,Lvl,AllPub,FR2,Gtl,Sawyer,Feedr,Norm,1Fam,1Story,5,5,1967,1967,Gable,CompShg,HdBoard,HdBoard,None,0.0,TA,TA,CBlock,TA,TA,No,ALQ,842,Unf,0,70,912,GasA,TA,SBrkr,912,0,0,912,0,0,1,0,3,1,TA,5,Typ,1,Fa,Detchd,1974.0,Unf,1,336,TA,TA,Y,0,0,0,0,0,0,,MnPrv,,0,5,2010,WD,Normal,125000,0
1246,1246,60,FV,65.0,8125,Pave,None,Reg,Lvl,AllPub,Inside,Gtl,Somerst,Norm,Norm,1Fam,2Story,7,5,2005,2006,Gable,CompShg,VinylSd,VinylSd,None,0.0,Gd,TA,PConc,Gd,TA,No,Unf,0,Unf,0,756,756,GasA,Ex,SBrkr,756,797,0,1553,0,0,2,1,3,1,Gd,6,Typ,0,None,Attchd,2005.0,RFn,2,615,TA,TA,Y,0,45,0,0,0,0,,None,,0,3,2006,New,Partial,186500,1
1319,1319,20,RL,75.0,10215,Pave,None,Reg,Bnk,AllPub,Inside,Gtl,Edwards,Norm,Norm,1Fam,1Story,4,5,1954,1954,Hip,CompShg,Wd Sdng,Wd Sdng,BrkFace,132.0,TA,TA,PConc,TA,TA,No,ALQ,492,Unf,0,372,864,GasA,Ex,SBrkr,948,0,0,948,0,0,1,0,3,1,TA,5,Typ,0,None,Attchd,1954.0,Unf,1,248,TA,TA,Y,0,0,0,0,0,0,,None,,0,2,2007,WD,Normal,111000,0
212,212,60,FV,72.0,8640,Pave,None,Reg,Lvl,AllPub,Inside,Gtl,Somerst,Norm,Norm,1Fam,2Story,7,5,2009,2009,Gable,CompShg,VinylSd,VinylSd,None,0.0,TA,TA,PConc,Gd,TA,No,GLQ,822,Unf,0,78,900,GasA,Ex,SBrkr,932,920,0,1852,1,0,2,1,3,1,Gd,7,Typ,1,TA,Attchd,2009.0,RFn,2,644,TA,TA,Y,168,108,0,0,0,0,,None,,0,7,2009,New,Partial,252678,2
79,79,50,RM,60.0,10440,Pave,Grvl,Reg,Lvl,AllPub,Corner,Gtl,OldTown,Norm,Norm,1Fam,2Story,5,6,1910,1981,Gable,CompShg,Wd Sdng,Wd Sdng,None,0.0,TA,TA,PConc,TA,TA,No,Unf,0,Unf,0,440,440,GasA,Gd,SBrkr,682,548,0,1230,0,0,1,1,2,1,TA,5,Typ,0,None,Detchd,1966.0,Unf,2,440,TA,TA,Y,74,0,128,0,0,0,,MnPrv,,0,5,2009,WD,Normal,110000,0
148,148,20,RL,63.0,7500,Pave,None,Reg,Lvl,AllPub,Inside,Gtl,SawyerW,Norm,Norm,1Fam,1Story,7,5,2004,2005,Gable,CompShg,VinylSd,VinylSd,BrkFace,120.0,TA,TA,PConc,Gd,TA,No,GLQ,680,Unf,0,400,1080,GasA,Ex,SBrkr,1080,0,0,1080,1,0,1,0,3,1,Gd,6,Typ,0,None,None,1980.0,None,0,0,None,None,Y,0,0,0,0,0,0,,None,,0,4,2008,WD,Normal,141000,1
814,814,50,RL,45.0,8248,Pave,Grvl,Reg,Lvl,AllPub,Inside,Gtl,Edwards,Norm,Norm,1Fam,1.5Fin,5,7,1918,1950,Gable,CompShg,Stucco,Stucco,None,0.0,TA,TA,BrkTil,TA,TA,No,Unf,0,Unf,0,686,686,GasW,Gd,SBrkr,686,564,0,1250,0,1,1,1,3,1,Fa,7,Typ,0,None,Detchd,1955.0,Unf,1,280,TA,TA,P,207,0,96,0,0,0,,None,,0,7,2006,WD,Normal,116000,0
1067,1067,60,RL,80.0,9760,Pave,None,Reg,Lvl,AllPub,Inside,Mod,NAmes,Norm,Norm,1Fam,2Story,6,6,1964,1964,Gable,CompShg,HdBoard,HdBoard,BrkFace,360.0,TA,TA,CBlock,TA,TA,Gd,GLQ,674,LwQ,106,0,780,GasA,TA,SBrkr,798,813,0,1611,1,0,1,1,4,1,TA,7,Typ,0,None,Attchd,1964.0,RFn,2,442,TA,TA,Y,328,128,0,0,189,0,,None,,0,6,2008,WD,Normal,167900,1
869,869,60,RL,80.0,9938,Pave,None,Reg,Lvl,AllPub,Inside,Gtl,SawyerW,Norm,Norm,1Fam,2Story,7,5,1993,1994,Gable,CompShg,MetalSd,MetalSd,BrkFace,246.0,Gd,TA,PConc,Gd,TA,No,GLQ,750,Unf,0,300,1050,GasA,Ex,SBrkr,1062,887,0,1949,1,0,2,1,3,1,Gd,8,Typ,1,TA,Attchd,1993.0,Fin,2,574,TA,TA,Y,156,90,0,0,0,0,,GdPrv,,0,6,2010,WD,Normal,236000,2
671,671,70,RH,54.0,6629,Pave,None,Reg,Lvl,AllPub,Inside,Gtl,Edwards,Artery,Norm,1Fam,2Story,6,6,1925,1950,Gambrel,CompShg,Wd Sdng,Wd Sdng,None,0.0,TA,Gd,BrkTil,TA,TA,No,BLQ,551,Unf,0,121,672,GasA,TA,SBrkr,697,672,0,1369,1,0,2,0,3,1,TA,6,Typ,0,None,Detchd,1930.0,Unf,1,300,TA,TA,Y,147,0,0,0,0,0,,None,,0,7,2009,WD,Normal,103600,0
1124,1124,80,RL,69.0,9125,Pave,None,IR1,Lvl,AllPub,Inside,Gtl,Gilbert,Norm,Norm,1Fam,SLvl,7,5,1992,1992,Gable,CompShg,HdBoard,HdBoard,BrkFace,170.0,TA,TA,PConc,Gd,TA,No,Unf,0,Unf,0,384,384,GasA,Gd,SBrkr,812,670,0,1482,0,0,2,1,3,1,Gd,7,Typ,1,TA,Attchd,1992.0,Fin,2,392,TA,TA,Y,100,25,0,0,0,0,,None,,0,7,2007,WD,Normal,163900,1
555,555,45,RM,58.0,6380,Pave,None,Reg,Lvl,AllPub,Inside,Gtl,BrkSide,Norm,Norm,1Fam,1.5Unf,5,6,1922,1950,Gable,CompShg,MetalSd,MetalSd,None,0.0,TA,TA,BrkTil,TA,Fa,No,Unf,0,Unf,0,993,993,GasA,TA,FuseA,1048,0,0,1048,0,0,1,0,2,1,TA,5,Typ,1,Gd,Detchd,1922.0,Unf,1,280,TA,TA,Y,0,0,116,0,0,0,,None,,0,8,2006,WD,Normal,113000,0
864,864,20,FV,72.0,8640,Pave,None,Reg,Lvl,AllPub,Inside,Gtl,Somerst,Norm,Norm,1Fam,1Story,7,5,2007,2008,Gable,CompShg,VinylSd,VinylSd,None,0.0,Gd,TA,PConc,Ex,TA,No,Unf,0,Unf,0,1372,1372,GasA,Ex,SBrkr,1372,0,0,1372,0,0,2,0,3,1,Gd,6,Typ,0,None,Attchd,2008.0,Fin,2,529,TA,TA,Y,0,140,0,0,0,0,,None,,0,5,2008,New,Partial,250580,2
133,133,20,RL,69.0,6853,Pave,None,IR1,Lvl,AllPub,Inside,Gtl,Timber,Norm,Norm,1Fam,1Story,8,5,2001,2002,Gable,CompShg,VinylSd,VinylSd,BrkFace,136.0,Gd,TA,PConc,Ex,TA,No,GLQ,1005,Unf,0,262,1267,GasA,Ex,SBrkr,1296,0,0,1296,1,0,2,0,2,1,Gd,6,Typ,0,None,Attchd,2001.0,Fin,2,471,TA,TA,Y,192,25,0,0,0,0,,None,,0,6,2009,WD,Normal,220000,2
1079,1079,20,RL,65.0,8775,Pave,None,Reg,Lvl,AllPub,Inside,Gtl,CollgCr,Norm,Norm,1Fam,1Story,5,5,1994,1994,Gable,CompShg,VinylSd,VinylSd,None,0.0,TA,TA,PConc,Gd,TA,No,GLQ,495,Unf,0,495,990,GasA,Gd,SBrkr,990,0,0,990,0,0,1,0,3,1,TA,5,Typ,0,None,Attchd,1996.0,Unf,1,299,TA,TA,Y,0,64,0,0,0,0,,None,,0,4,2007,WD,Normal,126000,0
823,823,50,RL,60.0,9900,Pave,None,Reg,Lvl,AllPub,Inside,Gtl,SWISU,Norm,Norm,1Fam,1.5Fin,6,7,1940,1950,Gable,CompShg,VinylSd,VinylSd,None,0.0,TA,TA,BrkTil,TA,TA,No,Unf,0,Unf,0,778,778,GasA,TA,SBrkr,944,545,0,1489,0,0,2,0,3,1,TA,7,Typ,1,Gd,Detchd,1940.0,Unf,1,240,TA,TA,Y,335,0,0,0,0,0,,GdWo,,0,7,2009,WD,Normal,139500,1
408,408,60,RL,109.0,14154,Pave,None,Reg,Lvl,AllPub,Corner,Gtl,NridgHt,Norm,Norm,1Fam,2Story,7,5,2006,2006,Gable,CompShg,VinylSd,VinylSd,BrkFace,350.0,Gd,TA,PConc,Ex,Gd,No,Unf,0,Unf,0,1063,1063,GasA,Ex,SBrkr,1071,1101,0,2172,0,0,2,1,3,1,Gd,9,Typ,1,Gd,Attchd,2006.0,RFn,3,947,TA,TA,Y,192,62,0,0,0,0,,None,,0,8,2007,New,Partial,280000,2
982,982,20,RL,43.0,3182,Pave,None,Reg,Lvl,AllPub,Inside,Gtl,Blmngtn,Norm,Norm,1Fam,1Story,7,5,2007,2007,Gable,CompShg,VinylSd,VinylSd,BrkFace,16.0,Gd,TA,PConc,Gd,TA,Av,Unf,0,Unf,0,1266,1266,GasA,Ex,SBrkr,1266,0,0,1266,0,0,2,0,2,1,Gd,6,Typ,1,Gd,Attchd,2007.0,Fin,2,388,TA,TA,Y,100,16,0,0,0,0,,None,,0,3,2008,WD,Normal,159895,1
507,507,20,FV,75.0,7862,Pave,None,IR1,Lvl,AllPub,Inside,Gtl,Somerst,Norm,Norm,1Fam,1Story,6,5,2009,2009,Gable,CompShg,VinylSd,VinylSd,None,0.0,Gd,TA,PConc,Gd,TA,No,GLQ,27,Unf,0,1191,1218,GasA,Ex,SBrkr,1218,0,0,1218,0,0,2,0,2,1,Gd,4,Typ,0,None,Attchd,2009.0,Fin,2,676,TA,TA,Y,0,102,0,0,0,0,,None,,0,9,2009,New,Partial,208300,2
1150,1150,20,RL,57.0,8280,Pave,None,IR1,Lvl,AllPub,Inside,Gtl,NAmes,Norm,Norm,1Fam,1Story,6,5,1950,1950,Gable,CompShg,BrkFace,BrkFace,None,0.0,TA,TA,CBlock,TA,TA,No,Unf,0,Unf,0,932,932,GasA,Ex,FuseA,932,0,0,932,0,0,1,0,2,1,Gd,4,Typ,1,Gd,Attchd,1950.0,Unf,1,306,TA,TA,Y,0,0,214,0,0,0,,GdPrv,,0,11,2007,WD,Normal,124000,0
504,504,160,RL,24.0,2308,Pave,None,Reg,Lvl,AllPub,Inside,Gtl,NPkVill,Norm,Norm,TwnhsE,2Story,6,5,1974,1974,Gable,CompShg,Plywood,Brk Cmn,None,0.0,TA,TA,CBlock,TA,TA,No,ALQ,257,Rec,495,103,855,GasA,TA,SBrkr,855,467,0,1322,0,1,2,1,3,1,TA,6,Typ,1,Fa,Attchd,1974.0,Unf,2,440,TA,TA,Y,260,0,0,0,0,0,,None,,0,6,2009,WD,Normal,147000,1
986,986,50,RM,59.0,5310,Pave,None,Reg,Lvl,AllPub,Corner,Gtl,OldTown,Feedr,Norm,1Fam,1.5Fin,6,8,1910,2003,Hip,CompShg,VinylSd,VinylSd,None,0.0,TA,Gd,CBlock,TA,Fa,No,Unf,0,Unf,0,485,485,GasA,Gd,SBrkr,1001,634,0,1635,0,0,1,0,2,1,Gd,5,Typ,0,None,Attchd,1950.0,Unf,1,255,Fa,TA,Y,394,0,0,0,0,0,,None,,0,6,2006,WD,Normal,117000,0
347,347,20,RL,69.0,17600,Pave,None,IR1,Lvl,AllPub,Inside,Gtl,NAmes,Norm,Norm,1Fam,1Story,6,5,1960,1960,Gable,CompShg,Wd Sdng,Wd Sdng,BrkFace,30.0,TA,TA,CBlock,TA,TA,No,BLQ,1270,Unf,0,208,1478,GasA,Ex,FuseA,1478,0,0,1478,1,0,2,0,3,1,TA,6,Typ,2,Gd,Attchd,1960.0,Unf,2,498,TA,TA,Y,0,40,0,0,0,0,,None,,0,12,2009,WD,Normal,157500,1
386,386,50,RL,58.0,8410,Pave,None,Reg,Lvl,AllPub,FR2,Gtl,Edwards,Feedr,Norm,1Fam,1.5Fin,5,3,1910,1996,Gambrel,CompShg,Wd Sdng,VinylSd,None,0.0,TA,Fa,PConc,TA,TA,No,Unf,0,Unf,0,658,658,GasA,TA,SBrkr,658,526,0,1184,0,0,1,0,5,1,TA,8,Typ,0,None,None,1980.0,None,0,0,None,None,N,0,151,0,0,0,0,,None,,0,5,2006,WD,AdjLand,81000,0
0,0,60,RL,65.0,8450,Pave,None,Reg,Lvl,AllPub,Inside,Gtl,CollgCr,Norm,Norm,1Fam,2Story,7,5,2003,2003,Gable,CompShg,VinylSd,VinylSd,BrkFace,196.0,Gd,TA,PConc,Gd,TA,No,GLQ,706,Unf,0,150,856,GasA,Ex,SBrkr,856,854,0,1710,1,0,2,1,3,1,Gd,8,Typ,0,None,Attchd,2003.0,RFn,2,548,TA,TA,Y,0,61,0,0,0,0,,None,,0,2,2008,WD,Normal,208500,2
360,360,85,RL,69.0,7540,Pave,None,IR1,Lvl,AllPub,CulDSac,Gtl,Mitchel,Norm,Norm,1Fam,SFoyer,6,6,1978,1978,Gable,CompShg,VinylSd,VinylSd,None,0.0,TA,TA,CBlock,Gd,TA,Av,GLQ,773,Unf,0,115,888,GasA,Ex,SBrkr,912,0,0,912,1,0,1,0,2,1,TA,5,Typ,1,TA,Attchd,1978.0,RFn,2,470,TA,TA,Y,0,0,0,0,192,0,,MnPrv,,0,6,2007,WD,Normal,156000,1
828,828,60,RL,69.0,28698,Pave,None,IR2,Low,AllPub,CulDSac,Sev,ClearCr,Norm,Norm,1Fam,2Story,5,5,1967,1967,Flat,Tar&Grv,Plywood,Plywood,None,0.0,TA,TA,PConc,TA,Gd,Gd,LwQ,249,ALQ,764,0,1013,GasA,TA,SBrkr,1160,966,0,2126,0,1,2,1,3,1,TA,7,Min2,0,None,Attchd,1967.0,Fin,2,538,TA,TA,Y,486,0,0,0,225,0,,None,,0,6,2009,WD,Abnorml,185000,1
1379,1379,80,RL,73.0,9735,Pave,None,Reg,Lvl,AllPub,Inside,Gtl,Timber,Norm,Norm,1Fam,SLvl,5,5,2006,2007,Gable,CompShg,VinylSd,VinylSd,None,0.0,TA,TA,PConc,Gd,TA,No,Unf,0,Unf,0,384,384,GasA,Gd,SBrkr,754,640,0,1394,0,0,2,1,3,1,Gd,7,Typ,0,None,BuiltIn,2007.0,Fin,2,400,TA,TA,Y,100,0,0,0,0,0,,None,,0,5,2008,WD,Normal,167500,1
475,475,20,RL,80.0,8480,Pave,None,Reg,Lvl,AllPub,Corner,Gtl,Sawyer,Norm,Norm,1Fam,1Story,5,6,1963,1963,Hip,CompShg,HdBoard,HdBoard,None,0.0,TA,TA,CBlock,TA,TA,No,GLQ,630,Unf,0,340,970,GasA,TA,SBrkr,970,0,0,970,1,0,1,0,2,1,TA,5,Typ,0,None,Detchd,1996.0,Unf,2,624,TA,TA,Y,0,24,0,0,192,0,,None,,0,7,2007,WD,Normal,132500,0
1247,1247,80,RL,69.0,12328,Pave,None,IR1,Lvl,AllPub,Inside,Gtl,Mitchel,Norm,Norm,1Fam,SLvl,6,5,1976,1976,Gable,CompShg,HdBoard,HdBoard,BrkFace,335.0,TA,TA,CBlock,TA,TA,Av,GLQ,539,Unf,0,473,1012,GasA,TA,SBrkr,1034,0,0,1034,1,0,1,0,3,1,TA,6,Typ,0,None,Attchd,1976.0,Unf,3,888,TA,TA,Y,0,0,0,0,0,0,,None,,0,5,2010,WD,Normal,169900,1
57,57,60,RL,89.0,11645,Pave,None,IR1,Lvl,AllPub,Corner,Gtl,CollgCr,Norm,Norm,1Fam,2Story,7,5,2004,2004,Gable,CompShg,VinylSd,VinylSd,None,0.0,Gd,TA,PConc,Gd,TA,No,Unf,0,Unf,0,860,860,GasA,Ex,SBrkr,860,860,0,1720,0,0,2,1,3,1,Gd,7,Typ,0,None,Attchd,2004.0,RFn,2,565,TA,TA,Y,0,70,0,0,0,0,,None,,0,8,2006,WD,Normal,196500,2
637,637,190,RM,50.0,6000,Pave,None,Reg,Lvl,AllPub,Inside,Gtl,OldTown,Norm,Norm,2fmCon,1.5Fin,5,4,1954,1954,Gable,CompShg,Wd Sdng,Wd Sdng,None,0.0,TA,TA,CBlock,TA,TA,No,Unf,0,Unf,0,811,811,GasA,TA,FuseA,811,576,0,1387,0,0,2,0,3,2,Gd,7,Typ,0,None,BuiltIn,1954.0,Unf,1,256,TA,TA,Y,0,0,0,0,0,0,,None,,0,11,2009,WD,Normal,93000,0
1273,1273,80,RL,124.0,11512,Pave,None,IR1,Lvl,AllPub,Corner,Gtl,Edwards,Norm,Norm,1Fam,SLvl,6,7,1959,2006,Gable,CompShg,Plywood,Plywood,BrkFace,84.0,TA,TA,CBlock,TA,TA,Av,ALQ,719,Unf,0,300,1019,GasA,Gd,SBrkr,1357,0,0,1357,1,0,1,0,2,1,Ex,5,Typ,1,Gd,Basment,1959.0,RFn,1,312,TA,TA,Y,0,0,0,0,163,0,,GdPrv,,0,5,2008,WD,Normal,177000,1
1026,1026,20,RL,73.0,9300,Pave,None,Reg,Lvl,AllPub,Inside,Gtl,NAmes,Feedr,Norm,1Fam,1Story,5,5,1960,1960,Gable,CompShg,MetalSd,HdBoard,BrkFace,324.0,TA,TA,CBlock,TA,TA,No,Rec,697,Unf,0,571,1268,GasA,TA,SBrkr,1264,0,0,1264,1,0,1,0,3,1,TA,6,Typ,2,Gd,Attchd,1960.0,Unf,2,461,TA,TA,Y,0,0,0,0,143,0,,None,,0,4,2010,WD,Normal,167500,1
909,909,60,RL,149.0,12589,Pave,None,IR2,Lvl,AllPub,Inside,Gtl,Gilbert,Norm,Norm,1Fam,2Story,6,5,2005,2005,Gable,CompShg,VinylSd,VinylSd,None,0.0,Gd,TA,PConc,Gd,TA,No,Unf,0,Unf,0,742,742,GasA,Ex,SBrkr,742,742,0,1484,0,0,2,1,3,1,Gd,8,Typ,1,Gd,Attchd,2005.0,Fin,2,390,TA,TA,Y,36,24,0,0,0,0,,None,,0,6,2009,WD,Normal,174000,1
172,172,160,RL,44.0,5306,Pave,None,IR1,Lvl,AllPub,Inside,Gtl,StoneBr,Norm,Norm,TwnhsE,2Story,7,7,1987,1987,Gable,CompShg,HdBoard,HdBoard,None,0.0,Gd,Gd,PConc,Gd,Gd,No,GLQ,495,Rec,215,354,1064,GasA,Gd,SBrkr,1064,703,0,1767,1,0,2,0,2,1,Gd,5,Typ,1,TA,Attchd,1987.0,RFn,2,504,Gd,TA,Y,441,35,0,0,0,0,,None,,0,6,2006,WD,Normal,239000,2
450,450,30,RM,70.0,5684,Pave,None,Reg,Lvl,AllPub,Inside,Gtl,OldTown,Norm,Norm,1Fam,1Story,6,8,1930,2005,Hip,CompShg,Wd Sdng,Wd Sdng,None,0.0,TA,TA,BrkTil,TA,TA,No,Unf,0,Unf,0,813,813,GasA,Ex,FuseA,813,0,0,813,0,0,1,0,2,1,Gd,5,Typ,0,None,Detchd,1932.0,Unf,1,270,Fa,Fa,N,0,113,0,0,0,0,,None,,0,6,2006,WD,Normal,110000,0
125,125,190,RM,60.0,6780,Pave,None,Reg,Lvl,AllPub,Inside,Gtl,IDOTRR,Norm,Norm,2fmCon,1.5Fin,6,8,1935,1982,Gable,CompShg,Wd Sdng,Wd Sdng,None,0.0,TA,Fa,CBlock,TA,TA,Av,GLQ,490,Unf,0,30,520,GasA,Gd,SBrkr,520,0,234,754,1,0,1,0,2,1,TA,5,Typ,0,None,None,1980.0,None,0,0,None,None,N,53,0,0,0,0,0,,None,,0,6,2006,WD,Normal,84500,0
934,934,20,RL,313.0,27650,Pave,None,IR2,HLS,AllPub,Inside,Mod,NAmes,PosA,Norm,1Fam,1Story,7,7,1960,2007,Flat,Tar&Grv,Wd Sdng,Wd Sdng,None,0.0,TA,TA,CBlock,Gd,TA,Gd,GLQ,425,Unf,0,160,585,GasA,Ex,SBrkr,2069,0,0,2069,1,0,2,0,4,1,Gd,9,Typ,1,Gd,Attchd,1960.0,RFn,2,505,TA,TA,Y,0,0,0,0,0,0,,None,,0,11,2008,WD,Normal,242000,2
530,530,80,RL,85.0,10200,Pave,None,Reg,Lvl,AllPub,Inside,Gtl,Timber,Norm,Norm,1Fam,SLvl,6,5,1988,1989,Gable,CompShg,HdBoard,HdBoard,BrkFace,219.0,Gd,TA,CBlock,Gd,TA,Av,GLQ,783,Unf,0,678,1461,GasA,Ex,SBrkr,1509,0,0,1509,1,0,2,0,3,1,Gd,5,Typ,1,Fa,Attchd,1988.0,RFn,2,600,TA,TA,Y,224,0,0,0,0,0,,None,,0,8,2008,WD,Abnorml,175000,1
857,857,60,RL,65.0,8125,Pave,None,Reg,Lvl,AllPub,Inside,Gtl,Gilbert,Norm,Norm,1Fam,2Story,6,5,1994,1995,Gable,CompShg,HdBoard,HdBoard,None,0.0,TA,TA,PConc,Gd,TA,No,Unf,0,Unf,0,702,702,GasA,Gd,SBrkr,702,779,0,1481,0,0,2,1,3,1,TA,6,Typ,1,TA,Attchd,1994.0,Fin,2,343,TA,TA,Y,0,36,0,0,0,0,,None,,0,3,2009,WD,Normal,174000,1
713,713,190,RL,60.0,9873,Pave,None,Reg,Lvl,AllPub,Inside,Gtl,BrkSide,RRAn,Norm,2fmCon,1Story,4,5,1970,1970,Gable,CompShg,HdBoard,HdBoard,BrkFace,160.0,TA,TA,CBlock,TA,TA,Av,ALQ,789,Unf,0,171,960,GasW,TA,SBrkr,960,0,0,960,1,0,1,0,3,1,TA,6,Typ,0,None,Detchd,1970.0,Unf,2,576,TA,TA,Y,0,288,0,0,0,0,,None,,0,5,2006,WD,Normal,129000,0
90,90,20,RL,60.0,7200,Pave,None,Reg,Lvl,AllPub,Inside,Gtl,NAmes,Norm,Norm,1Fam,1Story,4,5,1950,1950,Gable,CompShg,BrkFace,Wd Sdng,None,0.0,TA,TA,Slab,None,None,None,None,0,None,0,0,0,GasA,TA,FuseA,1040,0,0,1040,0,0,1,0,2,1,TA,4,Typ,0,None,Detchd,1950.0,Unf,2,420,TA,TA,Y,0,29,0,0,0,0,,None,,0,7,2006,WD,Normal,109900,0
1412,1412,90,RL,60.0,7200,Pave,None,Reg,Lvl,AllPub,Inside,Gtl,NAmes,Norm,Norm,Duplex,1Story,4,5,1949,1950,Gable,CompShg,BrkFace,Stone,None,0.0,TA,TA,Slab,None,None,None,None,0,None,0,0,0,Wall,Fa,FuseF,1040,0,0,1040,0,0,2,0,2,2,TA,6,Typ,0,None,Detchd,1956.0,Unf,2,420,TA,TA,Y,0,0,0,0,0,0,,None,,0,6,2009,WD,Normal,90000,0
181,181,70,RL,54.0,7588,Pave,None,Reg,Lvl,AllPub,Inside,Gtl,Crawfor,Norm,Norm,1Fam,2Story,7,6,1920,1950,Gable,CompShg,Stucco,Stucco,None,0.0,TA,TA,BrkTil,Fa,TA,No,LwQ,352,Unf,0,441,793,GasA,Gd,SBrkr,901,901,0,1802,0,0,1,1,4,1,TA,9,Typ,1,Gd,Detchd,1920.0,Unf,1,216,Fa,TA,Y,0,0,40,0,0,0,,None,,0,7,2006,WD,Normal,200100,2
875,875,60,FV,75.0,9000,Pave,None,Reg,Lvl,AllPub,Inside,Gtl,Somerst,Norm,Norm,1Fam,2Story,8,5,2007,2007,Gable,CompShg,CemntBd,CmentBd,None,0.0,Gd,TA,PConc,Gd,TA,Av,GLQ,64,Unf,0,1120,1184,GasA,Ex,SBrkr,1184,1426,0,2610,0,0,2,1,4,1,Ex,11,Typ,1,Gd,BuiltIn,2007.0,Fin,2,550,TA,TA,Y,208,364,0,0,0,0,,None,,0,8,2007,New,Partial,303477,2
1151,1151,20,RL,134.0,17755,Pave,None,Reg,Lvl,AllPub,Inside,Gtl,Edwards,Norm,Norm,1Fam,1Story,5,4,1959,1959,Gable,CompShg,HdBoard,Plywood,BrkFace,132.0,TA,TA,CBlock,TA,TA,No,BLQ,176,Unf,0,1290,1466,GasA,TA,SBrkr,1466,0,0,1466,0,0,1,1,3,1,Fa,6,Typ,2,Gd,Attchd,1959.0,Fin,2,528,TA,TA,Y,0,140,0,0,100,0,,None,,0,11,2006,WD,Normal,149900,1
786,786,50,RM,60.0,10800,Pave,None,Reg,Lvl,AllPub,Inside,Gtl,OldTown,Artery,Norm,1Fam,1.5Fin,5,6,1915,1950,Gable,CompShg,MetalSd,MetalSd,None,0.0,TA,Gd,PConc,Fa,TA,No,LwQ,686,Unf,0,0,686,GasA,TA,SBrkr,966,686,0,1652,1,0,2,0,4,1,TA,7,Typ,0,None,Detchd,1961.0,Unf,1,416,TA,TA,Y,0,0,196,0,0,0,,None,Shed,1200,6,2010,WD,Normal,139000,0
414,414,60,RL,59.0,11228,Pave,None,IR2,Lvl,AllPub,CulDSac,Gtl,SawyerW,Norm,Norm,1Fam,2Story,7,5,1993,1993,Gable,CompShg,VinylSd,VinylSd,None,0.0,Gd,TA,PConc,Gd,TA,No,BLQ,50,GLQ,531,499,1080,GasA,Ex,SBrkr,1080,1017,0,2097,0,1,2,1,3,1,Gd,9,Typ,1,TA,Attchd,1993.0,Unf,3,678,TA,TA,Y,196,187,0,0,0,0,,None,,0,12,2008,WD,Normal,228000,2
251,251,120,RM,44.0,4750,Pave,None,IR1,HLS,AllPub,Inside,Mod,Crawfor,Norm,Norm,TwnhsE,1Story,8,5,2006,2007,Hip,CompShg,VinylSd,VinylSd,Stone,481.0,Gd,TA,PConc,Gd,TA,Gd,GLQ,1573,Unf,0,0,1573,GasA,Ex,SBrkr,1625,0,0,1625,1,1,2,0,2,1,Gd,5,Typ,1,Gd,Attchd,2006.0,Fin,2,538,TA,TA,Y,123,0,0,0,153,0,,None,,0,12,2007,WD,Family,235000,2
69,69,50,RL,81.0,15593,Pave,None,Reg,Lvl,AllPub,Corner,Gtl,ClearCr,Norm,Norm,1Fam,1.5Fin,7,4,1953,1953,Gable,CompShg,BrkFace,AsbShng,None,0.0,Gd,TA,CBlock,TA,TA,No,BLQ,603,Unf,0,701,1304,GasW,TA,SBrkr,1304,983,0,2287,0,0,2,0,3,1,TA,7,Typ,1,TA,Attchd,1953.0,Fin,2,667,TA,TA,Y,0,21,114,0,0,0,,None,,0,7,2006,WD,Normal,225000,2
803,803,60,RL,107.0,13891,Pave,None,Reg,Lvl,AllPub,Inside,Gtl,NridgHt,Norm,Norm,1Fam,2Story,9,5,2008,2009,Hip,CompShg,VinylSd,VinylSd,Stone,424.0,Ex,TA,PConc,Ex,TA,Gd,Unf,0,Unf,0,1734,1734,GasA,Ex,SBrkr,1734,1088,0,2822,0,0,3,1,4,1,Ex,12,Typ,1,Gd,BuiltIn,2009.0,RFn,3,1020,TA,TA,Y,52,170,0,0,192,0,,None,,0,1,2009,New,Partial,582933,2
131,131,60,RL,69.0,12224,Pave,None,IR1,Lvl,AllPub,Corner,Gtl,Gilbert,Norm,Norm,1Fam,2Story,6,5,2000,2000,Gable,CompShg,VinylSd,VinylSd,BrkFace,40.0,Gd,TA,PConc,Gd,TA,No,GLQ,695,Unf,0,297,992,GasA,Ex,SBrkr,1022,1032,0,2054,1,0,2,1,3,1,Gd,7,Typ,1,TA,BuiltIn,2000.0,RFn,2,390,TA,TA,Y,24,48,0,0,0,0,,None,,0,7,2009,WD,Normal,244000,2
300,300,190,RL,90.0,15750,Pave,None,Reg,Lvl,AllPub,Corner,Gtl,Crawfor,Norm,Norm,2fmCon,1Story,5,5,1953,1953,Hip,CompShg,MetalSd,MetalSd,BrkFace,56.0,TA,TA,CBlock,TA,TA,Mn,BLQ,841,Unf,0,324,1165,GasA,TA,SBrkr,1336,0,0,1336,1,0,1,0,2,1,TA,5,Typ,2,Gd,Attchd,1953.0,Unf,1,375,TA,TA,Y,0,0,0,0,0,0,,None,,0,6,2006,WD,Normal,157000,1
978,978,20,RL,68.0,9450,Pave,None,Reg,Bnk,AllPub,Inside,Mod,Edwards,Norm,Norm,1Fam,1Story,4,5,1954,1954,Gable,CompShg,MetalSd,MetalSd,None,0.0,TA,TA,CBlock,TA,TA,No,LwQ,552,Unf,0,342,894,GasA,Ex,SBrkr,894,0,0,894,0,0,1,0,3,1,TA,5,Typ,0,None,Detchd,1999.0,Unf,2,400,TA,TA,Y,0,0,0,0,0,0,,None,,0,5,2007,WD,Abnorml,110000,0
326,326,120,RL,32.0,10846,Pave,None,IR1,Lvl,AllPub,CulDSac,Gtl,Veenker,Norm,Norm,TwnhsE,1Story,8,5,1993,1993,Gable,CompShg,BrkFace,BrkFace,None,0.0,Gd,TA,PConc,Gd,TA,Gd,GLQ,1619,Unf,0,100,1719,GasA,Ex,SBrkr,1719,0,0,1719,2,0,1,1,1,1,Gd,6,Typ,2,Gd,Attchd,1993.0,Fin,2,473,TA,TA,Y,122,30,0,0,0,0,,None,,0,5,2008,Con,Normal,324000,2
1426,1426,60,RL,81.0,10944,Pave,None,IR1,Lvl,AllPub,Inside,Gtl,NoRidge,Norm,Norm,1Fam,2Story,7,5,1994,1994,Gable,CompShg,VinylSd,VinylSd,BrkFace,448.0,Gd,TA,PConc,Gd,TA,No,GLQ,1000,Unf,0,223,1223,GasA,Ex,SBrkr,1223,904,0,2127,1,0,2,1,3,1,Gd,5,Typ,2,TA,Attchd,1994.0,RFn,2,525,TA,TA,Y,171,132,0,0,0,0,,None,,0,8,2008,WD,Normal,271000,2
1083,1083,20,RL,80.0,8800,Pave,None,Reg,Lvl,AllPub,Inside,Gtl,NAmes,Norm,Norm,1Fam,1Story,6,6,1964,1964,Hip,CompShg,HdBoard,HdBoard,BrkFace,425.0,TA,TA,CBlock,TA,TA,No,BLQ,553,Unf,0,698,1251,GasA,TA,SBrkr,1251,0,0,1251,1,0,1,0,3,1,TA,6,Typ,2,Gd,Attchd,1964.0,RFn,1,461,TA,TA,Y,0,116,0,0,0,0,,MnPrv,Shed,700,3,2006,WD,Normal,160000,1
499,499,20,RL,70.0,7535,Pave,None,IR1,Lvl,AllPub,Inside,Gtl,NAmes,Norm,Norm,1Fam,1Story,5,7,1958,1985,Gable,CompShg,MetalSd,MetalSd,None,0.0,TA,TA,CBlock,TA,TA,No,BLQ,111,LwQ,279,522,912,GasA,Fa,SBrkr,912,0,0,912,0,1,1,0,2,1,TA,5,Typ,0,None,Attchd,1958.0,Fin,1,297,TA,TA,Y,12,285,0,0,0,0,,MnWw,Shed,480,6,2007,WD,Normal,120000,0
968,968,50,RM,50.0,5925,Pave,None,Reg,Lvl,AllPub,Inside,Gtl,OldTown,Norm,Norm,1Fam,1.5Fin,3,6,1910,1950,Gable,CompShg,VinylSd,VinylSd,None,0.0,TA,TA,BrkTil,TA,TA,No,Unf,0,Unf,0,600,600,Grav,Fa,SBrkr,600,368,0,968,0,0,1,0,2,1,TA,6,Typ,0,None,None,1980.0,None,0,0,None,None,Y,0,0,0,0,0,0,,GdWo,,0,5,2009,WD,Abnorml,37900,0
832,832,60,RL,44.0,9548,Pave,None,IR1,Lvl,AllPub,CulDSac,Gtl,CollgCr,Norm,Norm,1Fam,2Story,7,6,2003,2003,Gable,CompShg,VinylSd,VinylSd,BrkFace,223.0,Gd,TA,PConc,Gd,TA,No,GLQ,483,Unf,0,458,941,GasA,Ex,SBrkr,941,888,0,1829,1,0,2,1,3,1,Gd,7,Typ,1,TA,Attchd,2003.0,RFn,2,613,TA,TA,Y,192,39,0,0,0,0,,None,,0,1,2010,WD,Normal,237000,2
364,364,60,RL,69.0,18800,Pave,None,IR1,Lvl,AllPub,FR2,Gtl,NWAmes,Norm,Norm,1Fam,2Story,6,5,1976,1976,Gable,CompShg,HdBoard,HdBoard,BrkFace,120.0,TA,TA,PConc,Gd,TA,Mn,GLQ,712,Unf,0,84,796,GasA,TA,SBrkr,790,784,0,1574,1,0,2,1,3,1,TA,6,Typ,1,TA,Attchd,1976.0,Fin,2,566,TA,TA,Y,306,111,0,0,0,0,,None,,0,7,2006,WD,Normal,190000,2
495,495,30,C (all),60.0,7879,Pave,None,Reg,Lvl,AllPub,Inside,Gtl,IDOTRR,Norm,Norm,1Fam,1Story,4,5,1920,1950,Gable,CompShg,Wd Sdng,Wd Sdng,None,0.0,TA,TA,CBlock,TA,TA,No,Rec,495,Unf,0,225,720,GasA,TA,FuseA,720,0,0,720,0,0,1,0,2,1,TA,4,Typ,0,None,None,1980.0,None,0,0,None,None,N,0,523,115,0,0,0,,GdWo,,0,11,2009,WD,Abnorml,34900,0
1359,1359,20,RL,129.0,16737,Pave,None,Reg,Lvl,AllPub,FR3,Gtl,NridgHt,Norm,Norm,1Fam,1Story,9,5,2004,2005,Hip,CompShg,VinylSd,VinylSd,BrkFace,66.0,Gd,TA,PConc,Ex,TA,Av,GLQ,1447,Unf,0,533,1980,GasA,Ex,SBrkr,1980,0,0,1980,1,0,2,0,3,1,Ex,8,Typ,1,Gd,Attchd,2004.0,Fin,3,770,TA,TA,Y,194,45,0,0,0,0,,None,,0,9,2006,WD,Normal,315000,2
338,338,20,RL,91.0,14145,Pave,None,Reg,Lvl,AllPub,Corner,Gtl,NWAmes,Norm,Norm,1Fam,1Story,7,7,1984,1998,Gable,CompShg,Wd Sdng,Wd Sdng,None,0.0,Gd,TA,CBlock,Gd,TA,Mn,ALQ,213,Unf,0,995,1208,GasA,Ex,SBrkr,1621,0,0,1621,1,0,2,0,3,1,Gd,8,Typ,0,None,Attchd,1984.0,RFn,2,440,TA,TA,Y,108,45,0,0,0,0,,None,Shed,400,5,2006,WD,Normal,202500,2
421,421,20,RL,69.0,16635,Pave,None,IR1,Lvl,AllPub,FR2,Gtl,NWAmes,Norm,Norm,1Fam,1Story,6,7,1977,2000,Gable,CompShg,CemntBd,CmentBd,Stone,126.0,Gd,TA,CBlock,Gd,TA,No,ALQ,1246,Unf,0,356,1602,GasA,Gd,SBrkr,1602,0,0,1602,0,1,2,0,3,1,Gd,8,Typ,1,TA,Attchd,1977.0,Fin,2,529,TA,TA,Y,240,0,0,0,0,0,,None,,0,6,2009,WD,Normal,215000,2
164,164,40,RM,40.0,5400,Pave,Pave,Reg,Lvl,AllPub,Corner,Gtl,OldTown,Norm,Norm,1Fam,1Story,6,7,1926,2004,Gable,CompShg,MetalSd,MetalSd,None,0.0,TA,Gd,BrkTil,TA,TA,Mn,LwQ,370,Unf,0,779,1149,GasA,Gd,FuseA,1149,467,0,1616,0,0,2,0,3,1,Gd,5,Typ,0,None,Detchd,1926.0,Unf,1,216,TA,TA,Y,0,0,183,0,0,0,,None,,0,10,2007,WD,Normal,152000,1
28,28,20,RL,47.0,16321,Pave,None,IR1,Lvl,AllPub,CulDSac,Gtl,NAmes,Norm,Norm,1Fam,1Story,5,6,1957,1997,Gable,CompShg,MetalSd,MetalSd,None,0.0,TA,TA,CBlock,TA,TA,Gd,BLQ,1277,Unf,0,207,1484,GasA,TA,SBrkr,1600,0,0,1600,1,0,1,0,2,1,TA,6,Typ,2,Gd,Attchd,1957.0,RFn,1,319,TA,TA,Y,288,258,0,0,0,0,,None,,0,12,2006,WD,Normal,207500,2
516,516,80,RL,69.0,10448,Pave,None,IR1,Lvl,AllPub,Corner,Gtl,NWAmes,Norm,Norm,1Fam,SLvl,6,6,1972,1972,Gable,CompShg,HdBoard,HdBoard,BrkFace,333.0,TA,TA,CBlock,TA,TA,No,Unf,0,Unf,0,689,689,GasA,TA,SBrkr,1378,741,0,2119,0,0,2,1,3,1,TA,7,Typ,1,TA,Attchd,1972.0,RFn,2,583,TA,TA,Y,0,104,0,0,0,0,,GdPrv,,0,8,2009,COD,Abnorml,158000,1
193,193,160,RM,24.0,2522,Pave,None,Reg,Lvl,AllPub,Inside,Gtl,Edwards,Norm,Norm,Twnhs,2Story,7,5,2004,2004,Gable,CompShg,VinylSd,VinylSd,Stone,50.0,Gd,TA,PConc,Gd,TA,No,Unf,0,Unf,0,970,970,GasA,Ex,SBrkr,970,739,0,1709,0,0,2,0,3,1,Gd,7,Maj1,0,None,Detchd,2004.0,Unf,2,380,TA,TA,Y,0,40,0,0,0,0,,None,,0,5,2006,WD,Normal,130000,0
1250,1250,20,RL,93.0,11160,Pave,None,Reg,Lvl,AllPub,Corner,Gtl,NAmes,Norm,Norm,1Fam,1Story,7,5,1968,1968,Hip,CompShg,BrkFace,BrkFace,None,0.0,Gd,TA,CBlock,TA,TA,No,ALQ,1065,Unf,0,1045,2110,GasA,Ex,SBrkr,2110,0,0,2110,1,0,2,1,3,1,Ex,8,Typ,2,TA,Attchd,1968.0,Fin,2,522,TA,TA,Y,0,0,0,0,0,0,,None,,0,4,2010,WD,Normal,244000,2
1326,1326,30,RH,70.0,4270,Pave,None,Reg,Bnk,AllPub,Inside,Mod,Edwards,Norm,Norm,1Fam,1Story,3,6,1931,2006,Gable,CompShg,MetalSd,MetalSd,None,0.0,TA,TA,BrkTil,TA,TA,No,Rec,544,Unf,0,0,544,GasA,Ex,SBrkr,774,0,0,774,0,0,1,0,3,1,Gd,6,Typ,0,None,None,1980.0,None,0,0,None,None,Y,0,0,286,0,0,0,,None,,0,5,2007,WD,Normal,79000,0
1325,1325,30,RM,40.0,3636,Pave,None,Reg,Lvl,AllPub,Inside,Gtl,IDOTRR,Norm,Norm,1Fam,1Story,4,4,1922,1950,Gable,CompShg,AsbShng,AsbShng,None,0.0,TA,TA,BrkTil,TA,Fa,No,Unf,0,Unf,0,796,796,GasA,Fa,SBrkr,796,0,0,796,0,0,1,0,2,1,TA,5,Typ,0,None,None,1980.0,None,0,0,None,None,N,0,0,100,0,0,0,,MnPrv,,0,1,2008,WD,Normal,55000,0
169,169,20,RL,69.0,16669,Pave,None,IR1,Lvl,AllPub,Corner,Gtl,Timber,Norm,Norm,1Fam,1Story,8,6,1981,1981,Hip,WdShake,Plywood,Plywood,BrkFace,653.0,Gd,TA,CBlock,Gd,TA,No,Unf,0,Unf,0,1686,1686,GasA,TA,SBrkr,1707,0,0,1707,0,0,2,1,2,1,TA,6,Typ,1,TA,Attchd,1981.0,RFn,2,511,TA,TA,Y,574,64,0,0,0,0,,None,,0,1,2006,WD,Normal,228000,2
167,167,60,RL,86.0,10562,Pave,None,Reg,Lvl,AllPub,Inside,Gtl,NridgHt,Norm,Norm,1Fam,2Story,8,5,2007,2007,Gable,CompShg,VinylSd,VinylSd,Stone,300.0,Gd,TA,PConc,Ex,TA,No,GLQ,1288,Unf,0,294,1582,GasA,Ex,SBrkr,1610,551,0,2161,1,0,1,1,3,1,Ex,8,Typ,1,Gd,Attchd,2007.0,Fin,3,789,TA,TA,Y,178,120,0,0,0,0,,None,,0,11,2007,New,Partial,325624,2
652,652,60,RL,70.0,8750,Pave,None,Reg,Lvl,AllPub,Inside,Gtl,CollgCr,Norm,Norm,1Fam,2Story,7,5,1996,1996,Gable,CompShg,VinylSd,VinylSd,None,0.0,Gd,TA,PConc,Gd,TA,No,Unf,0,Unf,0,880,880,GasA,Ex,SBrkr,909,807,0,1716,0,0,2,1,2,1,Gd,7,Typ,1,TA,Attchd,1996.0,RFn,2,512,TA,TA,Y,0,120,0,0,0,0,,None,,0,7,2009,WD,Normal,191000,2
173,173,20,RL,80.0,10197,Pave,None,IR1,Lvl,AllPub,Inside,Gtl,NAmes,Norm,Norm,1Fam,1Story,6,5,1961,1961,Gable,CompShg,WdShing,Wd Shng,BrkCmn,491.0,TA,TA,CBlock,TA,TA,No,ALQ,288,Rec,374,700,1362,GasA,TA,SBrkr,1362,0,0,1362,1,0,1,1,3,1,TA,6,Typ,1,TA,Attchd,1961.0,Unf,2,504,TA,TA,Y,0,20,0,0,0,0,,None,,0,6,2008,COD,Normal,163000,1
518,518,60,RL,69.0,9531,Pave,None,IR1,Lvl,AllPub,CulDSac,Gtl,CollgCr,Norm,Norm,1Fam,2Story,6,5,1998,1998,Gable,CompShg,VinylSd,VinylSd,None,0.0,TA,TA,PConc,Gd,TA,Mn,GLQ,706,Unf,0,88,794,GasA,Ex,SBrkr,882,914,0,1796,1,0,2,1,3,1,TA,7,Typ,0,None,Attchd,1998.0,RFn,2,546,TA,TA,Y,0,36,0,0,0,0,,MnPrv,,0,5,2007,WD,Normal,211000,2
1181,1181,120,RM,64.0,5587,Pave,None,IR1,HLS,AllPub,Inside,Mod,Crawfor,Norm,Norm,TwnhsE,1Story,8,5,2008,2008,Hip,CompShg,CemntBd,CmentBd,Stone,186.0,Ex,TA,PConc,Ex,TA,Gd,GLQ,1480,Unf,0,120,1600,GasA,Ex,SBrkr,1652,0,0,1652,1,1,2,0,2,1,Gd,5,Typ,1,Gd,Attchd,2008.0,Fin,2,482,TA,TA,Y,162,53,0,153,0,0,,None,,0,11,2008,New,Partial,392500,2
1149,1149,70,RM,50.0,9000,Pave,None,Reg,Lvl,AllPub,Inside,Gtl,OldTown,Artery,Norm,1Fam,2Story,7,9,1920,1988,Hip,CompShg,VinylSd,VinylSd,None,0.0,TA,Gd,PConc,TA,TA,No,ALQ,624,Unf,0,26,650,GasA,Ex,SBrkr,832,650,0,1482,0,1,1,0,3,1,TA,7,Typ,0,None,Detchd,1930.0,Unf,2,324,TA,TA,Y,0,0,0,0,0,0,,None,,0,7,2009,WD,Normal,143000,1
912,912,30,RM,51.0,6120,Pave,None,Reg,Lvl,AllPub,Inside,Gtl,BrkSide,Norm,Norm,1Fam,1Story,5,7,1925,1950,Gable,CompShg,MetalSd,MetalSd,None,0.0,TA,TA,BrkTil,TA,TA,No,Rec,489,Unf,0,279,768,GasA,TA,SBrkr,1015,0,0,1015,0,0,1,0,3,1,TA,6,Min1,0,None,Detchd,1925.0,Unf,1,450,TA,TA,Y,0,0,112,0,120,0,,MnPrv,Shed,620,7,2006,WD,Abnorml,88000,0
491,491,50,RL,79.0,9490,Pave,None,Reg,Lvl,AllPub,Inside,Gtl,NAmes,Artery,Norm,1Fam,1.5Fin,6,7,1941,1950,Gable,CompShg,Wd Sdng,Wd Sdng,None,0.0,TA,TA,CBlock,TA,TA,No,BLQ,403,Rec,165,238,806,GasA,TA,FuseA,958,620,0,1578,1,0,1,0,3,1,Fa,5,Typ,2,TA,Attchd,1941.0,Unf,1,240,TA,TA,Y,0,0,32,0,0,0,,MnPrv,,0,8,2006,WD,Normal,133000,0
73,73,20,RL,85.0,10200,Pave,None,Reg,Lvl,AllPub,Inside,Gtl,NAmes,Norm,Norm,1Fam,1Story,5,7,1954,2003,Gable,CompShg,Wd Sdng,Wd Sdng,BrkFace,104.0,TA,TA,CBlock,TA,TA,No,ALQ,320,BLQ,362,404,1086,GasA,Gd,SBrkr,1086,0,0,1086,1,0,1,0,3,1,TA,6,Typ,0,None,Attchd,1989.0,Unf,2,490,TA,TA,Y,0,0,0,0,0,0,,GdWo,,0,5,2010,WD,Normal,144900,1
1219,1219,160,RM,21.0,1680,Pave,None,Reg,Lvl,AllPub,Inside,Gtl,BrDale,Norm,Norm,Twnhs,2Story,6,5,1971,1971,Gable,CompShg,CemntBd,CmentBd,BrkFace,236.0,TA,TA,CBlock,TA,TA,No,Unf,0,Unf,0,672,672,GasA,TA,SBrkr,672,546,0,1218,0,0,1,1,3,1,TA,7,Typ,0,None,None,1980.0,None,0,0,None,None,N,201,0,0,0,0,0,,None,,0,4,2006,WD,Abnorml,91500,0
587,587,85,RL,74.0,8740,Pave,None,IR1,Lvl,AllPub,Inside,Gtl,Sawyer,Norm,Norm,1Fam,SFoyer,5,6,1982,1982,Hip,CompShg,HdBoard,HdBoard,None,0.0,TA,TA,CBlock,TA,TA,Av,ALQ,672,Unf,0,168,840,GasA,TA,SBrkr,860,0,0,860,1,0,1,0,2,1,TA,4,Typ,0,None,Detchd,1996.0,Unf,2,528,TA,TA,Y,0,0,0,0,0,0,,None,,0,7,2009,WD,Normal,137000,0
750,750,50,RM,55.0,8800,Pave,Grvl,Reg,Lvl,AllPub,Corner,Gtl,OldTown,Norm,Norm,1Fam,1.5Fin,4,7,1910,2004,Gable,CompShg,Wd Sdng,Wd Sdng,None,0.0,TA,TA,BrkTil,TA,Fa,No,Unf,0,Unf,0,576,576,GasA,Gd,SBrkr,792,348,0,1140,0,0,1,0,3,1,TA,7,Min2,0,None,None,1980.0,None,0,0,None,None,N,0,160,0,0,0,0,,None,,0,6,2010,WD,Normal,96500,0
657,657,70,RL,60.0,7200,Pave,None,Reg,HLS,AllPub,Inside,Mod,Crawfor,Norm,Norm,1Fam,2Story,7,6,1931,2000,Gable,CompShg,Stucco,Wd Shng,None,0.0,TA,Fa,BrkTil,Gd,TA,No,Unf,0,Unf,0,776,776,GasA,TA,SBrkr,851,651,0,1502,0,0,1,1,3,1,TA,6,Typ,1,Gd,Attchd,1931.0,RFn,1,270,TA,TA,P,0,0,112,0,0,0,,MnPrv,,0,2,2008,WD,Normal,149000,1
842,842,80,RL,82.0,9020,Pave,None,Reg,Lvl,AllPub,Inside,Gtl,NAmes,Norm,Norm,1Fam,SLvl,6,7,1966,1966,Gable,CompShg,HdBoard,HdBoard,BrkFace,183.0,TA,TA,CBlock,TA,TA,Gd,Rec,312,ALQ,539,276,1127,GasA,TA,SBrkr,1165,0,0,1165,1,0,1,1,3,1,TA,6,Typ,0,None,Attchd,1966.0,RFn,2,490,Gd,Gd,Y,0,129,0,0,0,0,,GdPrv,,0,5,2008,WD,Normal,174900,1
234,234,60,RL,69.0,7851,Pave,None,Reg,Lvl,AllPub,Inside,Gtl,Gilbert,Norm,Norm,1Fam,2Story,6,5,2002,2002,Gable,CompShg,VinylSd,VinylSd,None,0.0,Gd,TA,PConc,Gd,TA,No,GLQ,625,Unf,0,235,860,GasA,Ex,SBrkr,860,1100,0,1960,1,0,2,1,4,1,Gd,8,Typ,2,TA,BuiltIn,2002.0,Fin,2,440,TA,TA,Y,288,48,0,0,0,0,,None,,0,5,2010,WD,Normal,216500,2
732,732,60,RL,75.0,11404,Pave,None,IR1,Lvl,AllPub,Inside,Gtl,CollgCr,Norm,Norm,1Fam,2Story,7,5,1998,1999,Gable,CompShg,VinylSd,VinylSd,BrkFace,202.0,Gd,TA,PConc,Gd,TA,Av,ALQ,252,Unf,0,901,1153,GasA,Ex,SBrkr,1153,878,0,2031,0,0,2,1,3,1,Gd,8,Typ,1,TA,Attchd,1998.0,Fin,2,541,TA,TA,Y,192,84,0,0,0,0,,None,,0,7,2008,WD,Normal,222500,2
214,214,60,RL,69.0,10900,Pave,None,IR1,Lvl,AllPub,FR2,Gtl,CollgCr,Norm,Norm,1Fam,2Story,6,7,1977,1977,Gable,CompShg,HdBoard,HdBoard,BrkFace,153.0,TA,TA,CBlock,Gd,TA,No,GLQ,378,Unf,0,311,689,GasA,Ex,SBrkr,689,703,0,1392,0,0,1,1,3,1,TA,6,Typ,0,None,Attchd,1977.0,Fin,1,299,TA,TA,Y,0,36,0,0,0,0,,MnPrv,Shed,450,3,2010,WD,Normal,161750,1
162,162,20,RL,95.0,12182,Pave,None,Reg,Lvl,AllPub,Corner,Gtl,NridgHt,Norm,Norm,1Fam,1Story,7,5,2005,2005,Gable,CompShg,VinylSd,VinylSd,BrkFace,226.0,Gd,TA,PConc,Gd,TA,Mn,BLQ,1201,Unf,0,340,1541,GasA,Ex,SBrkr,1541,0,0,1541,0,0,2,0,3,1,Gd,7,Typ,1,Gd,Attchd,2005.0,RFn,2,532,TA,TA,Y,0,70,0,0,0,0,,None,,0,5,2010,New,Partial,220000,2
132,132,20,RL,75.0,7388,Pave,None,Reg,Lvl,AllPub,Corner,Gtl,NAmes,Norm,Norm,1Fam,1Story,5,6,1959,2002,Gable,CompShg,MetalSd,MetalSd,None,0.0,TA,TA,CBlock,TA,TA,No,Rec,405,Unf,0,658,1063,GasA,Gd,SBrkr,1327,0,0,1327,1,0,1,0,3,1,Gd,7,Typ,0,None,Detchd,1974.0,Unf,2,624,TA,TA,Y,0,0,0,0,0,0,,None,,0,7,2007,WD,Normal,150750,1
1098,1098,50,RM,50.0,6000,Pave,None,Reg,Lvl,AllPub,Inside,Gtl,BrkSide,Norm,Norm,1Fam,1.5Fin,4,6,1936,1950,Gable,CompShg,MetalSd,MetalSd,None,0.0,TA,TA,BrkTil,TA,TA,No,BLQ,672,Unf,0,0,672,GasA,TA,SBrkr,757,567,0,1324,0,0,1,0,3,1,TA,6,Typ,0,None,Detchd,1936.0,Unf,1,240,TA,TA,Y,0,0,0,0,0,0,,None,,0,7,2009,WD,Normal,128000,0
222,222,60,RL,85.0,11475,Pave,None,Reg,Lvl,AllPub,Inside,Gtl,NWAmes,RRAn,Norm,1Fam,2Story,6,6,1975,1975,Gable,CompShg,VinylSd,VinylSd,None,0.0,TA,TA,CBlock,Gd,TA,No,ALQ,550,Unf,0,163,713,GasA,TA,SBrkr,811,741,0,1552,1,0,2,1,3,1,TA,6,Typ,1,TA,Attchd,1975.0,RFn,2,434,TA,TA,Y,209,208,0,0,0,0,,MnPrv,,0,2,2006,WD,Normal,179900,1
1312,1312,60,RL,69.0,9572,Pave,None,IR1,Lvl,AllPub,Inside,Gtl,NoRidge,Norm,Norm,1Fam,2Story,8,5,1990,1990,Gable,CompShg,Wd Sdng,Wd Sdng,BrkFace,336.0,Gd,TA,PConc,Ex,TA,No,GLQ,482,Unf,0,971,1453,GasA,Ex,SBrkr,1453,1357,0,2810,0,0,2,1,4,1,Gd,9,Typ,1,Ex,Attchd,1990.0,RFn,2,750,Gd,Gd,Y,500,0,0,0,0,0,,None,,0,6,2007,WD,Normal,302000,2
185,185,75,RM,90.0,22950,Pave,None,IR2,Lvl,AllPub,Inside,Gtl,OldTown,Artery,Norm,1Fam,2.5Fin,10,9,1892,1993,Gable,WdShngl,Wd Sdng,Wd Sdng,None,0.0,Gd,Gd,BrkTil,TA,TA,Mn,Unf,0,Unf,0,1107,1107,GasA,Ex,SBrkr,1518,1518,572,3608,0,0,2,1,4,1,Ex,12,Typ,2,TA,Detchd,1993.0,Unf,3,840,Ex,TA,Y,0,260,0,0,410,0,,GdPrv,,0,6,2006,WD,Normal,475000,2
41,41,20,RL,115.0,16905,Pave,None,Reg,Lvl,AllPub,Inside,Gtl,Timber,Norm,Norm,1Fam,1Story,5,6,1959,1959,Gable,CompShg,VinylSd,VinylSd,None,0.0,TA,Gd,CBlock,TA,TA,Gd,BLQ,967,Unf,0,383,1350,GasA,Gd,SBrkr,1328,0,0,1328,0,1,1,1,2,1,TA,5,Typ,2,Gd,Attchd,1959.0,RFn,1,308,TA,TA,P,0,104,0,0,0,0,,None,,0,7,2007,WD,Normal,170000,1
692,692,60,RL,42.0,26178,Pave,None,IR1,Lvl,AllPub,Inside,Mod,Timber,Norm,Norm,1Fam,2Story,7,5,1989,1990,Hip,CompShg,MetalSd,MetalSd,BrkFace,293.0,Gd,TA,PConc,Gd,TA,Gd,GLQ,965,Unf,0,245,1210,GasA,Ex,SBrkr,1238,1281,0,2519,1,0,2,1,4,1,Gd,9,Typ,2,Gd,Attchd,1989.0,RFn,2,628,TA,TA,Y,320,27,0,0,0,0,,None,,0,4,2006,WD,Normal,335000,2
108,108,50,RM,85.0,8500,Pave,None,Reg,Lvl,AllPub,Corner,Gtl,IDOTRR,Artery,Norm,1Fam,1.5Fin,5,7,1919,2005,Gable,CompShg,CemntBd,CmentBd,None,0.0,TA,TA,CBlock,TA,TA,No,Unf,0,Unf,0,793,793,GasW,TA,FuseF,997,520,0,1517,0,0,2,0,3,1,Fa,7,Typ,0,None,None,1980.0,None,0,0,None,None,N,0,0,144,0,0,0,,None,,0,8,2007,WD,Normal,115000,0
38,38,20,RL,68.0,7922,Pave,None,Reg,Lvl,AllPub,Inside,Gtl,NAmes,Norm,Norm,1Fam,1Story,5,7,1953,2007,Gable,CompShg,VinylSd,VinylSd,None,0.0,TA,Gd,CBlock,TA,TA,No,GLQ,731,Unf,0,326,1057,GasA,TA,SBrkr,1057,0,0,1057,1,0,1,0,3,1,Gd,5,Typ,0,None,Detchd,1953.0,Unf,1,246,TA,TA,Y,0,52,0,0,0,0,,None,,0,1,2010,WD,Abnorml,109000,0
568,568,50,RL,79.0,12327,Pave,None,IR1,Low,AllPub,Inside,Mod,SawyerW,Norm,Norm,1Fam,1.5Fin,8,8,1983,2009,Gable,CompShg,Wd Sdng,Wd Sdng,None,0.0,Gd,TA,CBlock,Gd,TA,Gd,GLQ,1441,Unf,0,55,1496,GasA,Ex,SBrkr,1496,636,0,2132,1,0,1,1,1,1,Gd,5,Min2,1,Gd,BuiltIn,1983.0,Fin,2,612,Gd,TA,Y,349,40,0,0,0,0,,None,,0,9,2009,WD,Normal,316600,2
947,947,20,RL,85.0,14536,Pave,None,Reg,Lvl,AllPub,Inside,Gtl,Timber,Norm,Norm,1Fam,1Story,8,5,2002,2003,Hip,CompShg,VinylSd,VinylSd,BrkFace,236.0,Gd,TA,PConc,Gd,TA,Av,GLQ,1300,Unf,0,316,1616,GasA,Ex,SBrkr,1629,0,0,1629,1,0,2,0,3,1,Gd,9,Typ,1,Gd,Attchd,2002.0,Fin,3,808,TA,TA,Y,0,252,0,0,0,0,,None,,0,11,2007,WD,Normal,270000,2
1233,1233,20,RL,69.0,12160,Pave,None,IR1,Lvl,AllPub,Inside,Gtl,NAmes,Norm,Norm,1Fam,1Story,5,5,1959,1959,Hip,CompShg,Plywood,Plywood,BrkFace,180.0,TA,TA,CBlock,TA,TA,No,Rec,1000,Unf,0,188,1188,GasA,Fa,SBrkr,1188,0,0,1188,1,0,1,0,3,1,TA,6,Typ,0,None,Attchd,1959.0,RFn,2,531,TA,TA,Y,0,0,0,0,0,0,,MnPrv,,0,5,2010,COD,Abnorml,142000,1
1403,1403,20,RL,49.0,15256,Pave,None,IR1,Lvl,AllPub,CulDSac,Gtl,Somerst,RRAn,Norm,1Fam,1Story,8,5,2007,2007,Gable,CompShg,VinylSd,VinylSd,Stone,84.0,Gd,TA,PConc,Gd,TA,Gd,GLQ,929,Unf,0,556,1485,GasA,Ex,SBrkr,1464,0,0,1464,1,0,2,0,3,1,Gd,6,Typ,0,None,Attchd,2007.0,Unf,3,754,TA,TA,Y,168,160,0,0,0,0,,None,,0,8,2007,WD,Normal,282922,2
483,483,120,RM,32.0,4500,Pave,None,Reg,Lvl,AllPub,FR2,Gtl,Mitchel,Norm,Norm,Twnhs,1Story,6,5,1998,1998,Hip,CompShg,VinylSd,VinylSd,BrkFace,116.0,TA,TA,PConc,Ex,TA,No,GLQ,897,Unf,0,319,1216,GasA,Ex,SBrkr,1216,0,0,1216,1,0,2,0,2,1,TA,5,Typ,0,None,Attchd,1998.0,Unf,2,402,TA,TA,Y,0,125,0,0,0,0,,None,,0,5,2006,WD,Normal,164000,1
468,468,20,RL,98.0,11428,Pave,None,IR1,Lvl,AllPub,Inside,Gtl,NridgHt,Norm,Norm,1Fam,1Story,8,5,2006,2006,Gable,CompShg,VinylSd,VinylSd,Stone,248.0,Gd,TA,PConc,Gd,TA,No,Unf,0,Unf,0,1626,1626,GasA,Ex,SBrkr,1634,0,0,1634,0,0,2,0,3,1,Gd,7,Typ,1,Gd,Attchd,2006.0,RFn,3,866,TA,TA,Y,0,44,0,0,0,0,,None,,0,5,2007,WD,Normal,250000,2
890,890,50,RL,60.0,8064,Pave,None,Reg,Lvl,AllPub,Corner,Gtl,NAmes,Artery,Norm,1Fam,1.5Fin,5,7,1949,2006,Gable,CompShg,MetalSd,MetalSd,None,0.0,TA,Gd,CBlock,TA,TA,Mn,Unf,0,Unf,0,672,672,GasA,Ex,SBrkr,672,252,0,924,0,0,1,0,3,1,TA,6,Typ,1,Po,Detchd,2003.0,Unf,2,576,TA,TA,Y,0,0,0,0,0,0,,MnPrv,Shed,2000,7,2007,WD,Normal,122900,0
24,24,20,RL,69.0,8246,Pave,None,IR1,Lvl,AllPub,Inside,Gtl,Sawyer,Norm,Norm,1Fam,1Story,5,8,1968,2001,Gable,CompShg,Plywood,Plywood,None,0.0,TA,Gd,CBlock,TA,TA,Mn,Rec,188,ALQ,668,204,1060,GasA,Ex,SBrkr,1060,0,0,1060,1,0,1,0,3,1,Gd,6,Typ,1,TA,Attchd,1968.0,Unf,1,270,TA,TA,Y,406,90,0,0,0,0,,MnPrv,,0,5,2010,WD,Normal,154000,1
962,962,160,RL,24.0,2308,Pave,None,Reg,Lvl,AllPub,Corner,Gtl,NPkVill,Norm,Norm,TwnhsE,2Story,6,6,1976,1976,Gable,CompShg,Plywood,Brk Cmn,None,0.0,TA,TA,CBlock,Gd,TA,No,ALQ,556,Unf,0,248,804,GasA,TA,SBrkr,804,744,0,1548,1,0,2,1,3,1,Gd,7,Typ,1,TA,Detchd,1976.0,Unf,2,440,TA,TA,Y,48,0,0,0,0,0,,None,,0,7,2007,WD,Normal,155000,1
1100,1100,30,RL,60.0,8400,Pave,None,Reg,Bnk,AllPub,Inside,Gtl,SWISU,Norm,Norm,1Fam,1Story,2,5,1920,1950,Gable,CompShg,Wd Sdng,Wd Sdng,None,0.0,TA,TA,CBlock,TA,Fa,No,Rec,290,Unf,0,0,290,GasA,TA,FuseF,438,0,0,438,0,0,1,0,1,1,Fa,3,Typ,0,None,Detchd,1930.0,Unf,1,246,TA,TA,N,0,0,0,0,0,0,,None,,0,1,2009,WD,Normal,60000,0
68,68,30,RM,47.0,4608,Pave,None,Reg,Lvl,AllPub,Corner,Gtl,OldTown,Artery,Norm,1Fam,1Story,4,6,1945,1950,Gable,CompShg,MetalSd,MetalSd,None,0.0,TA,Gd,CBlock,TA,TA,No,Unf,0,Unf,0,747,747,GasA,TA,SBrkr,747,0,0,747,0,0,1,0,2,1,TA,4,Typ,0,None,Attchd,1945.0,Unf,1,220,TA,TA,Y,0,0,0,0,0,0,,None,,0,6,2010,WD,Normal,80000,0
884,884,20,RL,65.0,7150,Pave,None,Reg,Lvl,AllPub,Inside,Gtl,NAmes,Norm,Norm,1Fam,1Story,5,5,1967,1967,Gable,CompShg,HdBoard,HdBoard,BrkFace,60.0,TA,TA,CBlock,TA,TA,No,BLQ,432,Unf,0,460,892,GasA,TA,SBrkr,892,0,0,892,0,0,1,0,3,1,TA,5,Typ,0,None,Attchd,1967.0,RFn,1,288,TA,TA,Y,0,0,0,0,0,0,,GdWo,,0,7,2009,WD,Normal,100000,0
1231,1231,90,RL,70.0,7728,Pave,None,Reg,Lvl,AllPub,Inside,Gtl,NAmes,Norm,Norm,Duplex,SLvl,5,6,1962,1962,Hip,CompShg,Wd Sdng,Wd Sdng,BrkFace,120.0,TA,TA,CBlock,TA,TA,Av,ALQ,803,Unf,0,303,1106,GasA,TA,SBrkr,1190,0,0,1190,1,0,1,0,3,1,TA,6,Typ,0,None,Attchd,1962.0,Unf,2,540,TA,TA,Y,0,18,0,0,0,0,,GdWo,,0,5,2006,WD,Normal,132500,0
366,366,20,RL,69.0,9500,Pave,None,IR1,Lvl,AllPub,Inside,Gtl,NAmes,Norm,Norm,1Fam,1Story,6,5,1963,1963,Gable,CompShg,Plywood,Plywood,BrkFace,247.0,TA,TA,CBlock,Gd,TA,No,BLQ,609,Unf,0,785,1394,GasA,Gd,SBrkr,1394,0,0,1394,1,0,1,1,3,1,TA,6,Typ,2,Gd,Attchd,1963.0,RFn,2,514,TA,TA,Y,0,76,0,0,185,0,,None,,0,7,2009,WD,Normal,159000,1
505,505,90,RM,60.0,7596,Pave,Grvl,Reg,Lvl,AllPub,Inside,Gtl,OldTown,Artery,Norm,Duplex,2Story,5,5,1952,1952,Hip,CompShg,Wd Sdng,Wd Sdng,BrkFace,360.0,TA,TA,CBlock,TA,TA,No,Unf,0,Unf,0,960,960,GasA,Gd,SBrkr,960,1000,0,1960,0,0,2,0,4,2,TA,10,Typ,0,None,Detchd,1952.0,Unf,2,400,TA,TA,N,0,0,0,0,0,0,,None,,0,7,2009,COD,Normal,124500,0
850,850,120,RM,36.0,4435,Pave,None,Reg,Lvl,AllPub,Inside,Gtl,CollgCr,Norm,Norm,TwnhsE,1Story,6,5,2003,2003,Gable,CompShg,VinylSd,VinylSd,BrkFace,170.0,Gd,TA,PConc,Gd,TA,Av,GLQ,659,Unf,0,189,848,GasA,Ex,SBrkr,848,0,0,848,1,0,1,0,1,1,Gd,3,Typ,0,None,Attchd,2003.0,Fin,2,420,TA,TA,Y,140,0,0,0,0,0,,None,,0,11,2007,WD,Normal,131500,0
1281,1281,20,RL,50.0,8049,Pave,None,IR1,Lvl,AllPub,CulDSac,Gtl,Timber,Norm,Norm,1Fam,1Story,7,5,1990,1990,Hip,CompShg,HdBoard,HdBoard,BrkFace,54.0,TA,TA,CBlock,Gd,TA,No,ALQ,1053,Unf,0,256,1309,GasA,TA,SBrkr,1339,0,0,1339,1,0,2,0,2,1,TA,6,Typ,1,TA,Attchd,1990.0,Fin,2,484,Gd,Gd,Y,0,58,0,0,90,0,,None,,0,7,2006,WD,Normal,180000,1
383,383,45,RH,60.0,9000,Pave,None,Reg,Lvl,AllPub,Corner,Gtl,SawyerW,Norm,Norm,1Fam,1.5Unf,6,3,1928,1950,Gable,CompShg,Wd Sdng,Wd Sdng,None,0.0,TA,TA,BrkTil,Fa,Fa,No,Unf,0,Unf,0,784,784,GasA,TA,FuseA,784,0,0,784,0,0,1,0,2,1,TA,5,Typ,0,None,Detchd,1950.0,Unf,2,360,Fa,Fa,N,0,0,91,0,0,0,,None,,0,10,2009,WD,Normal,76000,0
734,734,20,RL,69.0,8978,Pave,None,IR1,Lvl,AllPub,Corner,Gtl,Sawyer,Norm,Norm,1Fam,1Story,5,5,1968,1968,Gable,CompShg,Plywood,Plywood,None,0.0,TA,TA,PConc,TA,TA,No,Unf,0,Unf,0,948,948,GasA,TA,SBrkr,948,0,0,948,0,0,1,0,3,1,TA,6,Typ,0,None,Attchd,1968.0,Unf,1,300,TA,TA,Y,147,0,0,0,0,0,,None,,0,5,2007,WD,Family,108000,0
717,717,20,RL,80.0,10000,Pave,None,Reg,Lvl,AllPub,Inside,Gtl,NWAmes,Norm,Norm,1Fam,1Story,5,6,1973,2000,Gable,CompShg,HdBoard,HdBoard,None,0.0,TA,TA,CBlock,Gd,TA,No,BLQ,1084,Unf,0,92,1176,GasA,Gd,SBrkr,1178,0,0,1178,0,1,1,1,3,1,Gd,5,Typ,1,Fa,Attchd,1973.0,Unf,2,439,TA,TA,Y,224,0,0,0,0,0,,MnPrv,,0,11,2008,WD,Normal,157000,1
1300,1300,60,RL,69.0,10762,Pave,None,IR1,Lvl,AllPub,CulDSac,Gtl,Gilbert,Norm,Norm,1Fam,2Story,7,5,1999,1999,Gable,CompShg,VinylSd,VinylSd,None,344.0,Gd,TA,PConc,Gd,TA,No,GLQ,694,Unf,0,284,978,GasA,Ex,SBrkr,1005,978,0,1983,0,0,2,1,3,1,Gd,9,Typ,1,TA,Attchd,1999.0,Fin,2,490,TA,TA,Y,0,0,0,0,0,0,,None,,0,5,2009,WD,Normal,225000,2
454,454,90,RL,63.0,9297,Pave,None,Reg,Lvl,AllPub,Inside,Gtl,Mitchel,Norm,Norm,Duplex,1Story,5,5,1976,1976,Gable,CompShg,Plywood,Plywood,None,0.0,TA,TA,CBlock,TA,TA,No,ALQ,1606,Unf,0,122,1728,GasA,TA,SBrkr,1728,0,0,1728,2,0,2,0,4,2,TA,8,Typ,0,None,Detchd,1976.0,Unf,2,560,TA,TA,Y,0,0,0,0,0,0,,None,,0,7,2006,WD,Family,188000,1
264,264,30,RM,30.0,5232,Pave,Grvl,IR3,Bnk,AllPub,Inside,Gtl,OldTown,Artery,Norm,1Fam,1Story,5,5,1925,2004,Gable,CompShg,Wd Sdng,Wd Sdng,None,0.0,TA,TA,BrkTil,Fa,TA,No,Unf,0,Unf,0,680,680,GasA,Gd,FuseP,764,0,0,764,0,0,1,0,2,1,TA,4,Typ,0,None,Detchd,1965.0,Unf,2,504,TA,TA,N,0,0,0,0,0,0,,None,,0,6,2008,WD,Normal,73000,0
75,75,180,RM,21.0,1596,Pave,None,Reg,Lvl,AllPub,Inside,Gtl,MeadowV,Norm,Norm,Twnhs,SLvl,4,5,1973,1973,Gable,CompShg,CemntBd,CmentBd,None,0.0,TA,TA,CBlock,Gd,TA,Gd,GLQ,462,Unf,0,0,462,GasA,TA,SBrkr,526,462,0,988,1,0,1,0,2,1,TA,5,Typ,0,None,BuiltIn,1973.0,Unf,1,297,TA,TA,Y,120,101,0,0,0,0,,GdWo,,0,11,2009,WD,Normal,91000,0
914,914,160,FV,30.0,3000,Pave,Pave,Reg,Lvl,AllPub,Inside,Gtl,Somerst,Norm,Norm,TwnhsE,2Story,6,5,2009,2009,Gable,CompShg,VinylSd,VinylSd,Stone,76.0,Gd,TA,PConc,Gd,TA,Av,GLQ,294,Unf,0,318,612,GasA,Ex,SBrkr,612,612,0,1224,0,0,2,1,2,1,Gd,4,Typ,0,None,Detchd,2009.0,RFn,2,528,TA,TA,Y,0,234,0,0,0,0,,None,,0,6,2009,New,Partial,173733,1
232,232,160,RM,21.0,1680,Pave,None,Reg,Lvl,AllPub,Inside,Gtl,BrDale,Norm,Norm,Twnhs,2Story,6,5,1972,1972,Gable,CompShg,HdBoard,HdBoard,BrkFace,297.0,TA,TA,CBlock,TA,TA,No,Unf,0,Unf,0,483,483,GasA,TA,SBrkr,483,504,0,987,0,0,1,1,2,1,TA,5,Typ,1,Po,Attchd,1972.0,Unf,1,288,TA,TA,Y,0,0,0,0,0,0,,None,,0,6,2006,WD,Normal,94500,0
444,444,60,RL,70.0,8750,Pave,None,Reg,Lvl,AllPub,Inside,Gtl,CollgCr,Norm,Norm,1Fam,2Story,7,5,1994,1995,Gable,CompShg,VinylSd,VinylSd,None,0.0,Gd,Gd,PConc,Gd,TA,No,GLQ,642,Unf,0,273,915,GasA,Ex,SBrkr,933,975,0,1908,1,0,2,1,4,1,Gd,8,Typ,1,TA,Attchd,1994.0,Unf,2,493,TA,TA,Y,144,133,0,0,0,0,,None,,0,7,2008,WD,Normal,210000,2
395,395,20,RL,68.0,9571,Pave,None,Reg,Lvl,AllPub,Inside,Gtl,Edwards,Norm,Norm,1Fam,1Story,5,6,1956,1956,Gable,CompShg,Wd Sdng,Wd Sdng,None,0.0,TA,TA,CBlock,TA,TA,Av,BLQ,739,Unf,0,405,1144,GasA,TA,SBrkr,1144,0,0,1144,1,0,1,0,3,1,TA,6,Typ,0,None,Attchd,1956.0,Unf,1,596,TA,TA,Y,44,0,0,0,0,0,,None,,0,6,2010,WD,Normal,129000,0
611,611,80,RL,69.0,10395,Pave,None,IR1,Lvl,AllPub,FR2,Gtl,NWAmes,Norm,Norm,1Fam,SLvl,6,6,1978,1978,Gable,CompShg,HdBoard,HdBoard,BrkFace,233.0,TA,TA,CBlock,Gd,TA,Av,ALQ,605,Unf,0,427,1032,GasA,TA,SBrkr,1032,0,0,1032,0,1,2,0,3,1,TA,6,Typ,1,TA,Attchd,1978.0,Unf,2,564,TA,TA,Y,0,0,0,0,0,0,,MnPrv,Shed,500,7,2007,WD,Normal,148000,1
176,176,60,RL,97.0,10029,Pave,None,IR1,Lvl,AllPub,Corner,Gtl,ClearCr,Norm,Norm,1Fam,2Story,6,5,1988,1989,Gable,CompShg,Plywood,Plywood,BrkFace,268.0,Gd,TA,PConc,Gd,TA,No,GLQ,831,Unf,0,320,1151,GasA,TA,SBrkr,1164,896,0,2060,0,1,2,1,4,1,TA,8,Typ,1,TA,Attchd,1988.0,Unf,2,521,TA,TA,Y,0,228,0,0,192,0,,None,,0,9,2007,WD,Normal,211000,2
18,18,20,RL,66.0,13695,Pave,None,Reg,Lvl,AllPub,Inside,Gtl,SawyerW,RRAe,Norm,1Fam,1Story,5,5,2004,2004,Gable,CompShg,VinylSd,VinylSd,None,0.0,TA,TA,PConc,TA,TA,No,GLQ,646,Unf,0,468,1114,GasA,Ex,SBrkr,1114,0,0,1114,1,0,1,1,3,1,Gd,6,Typ,0,None,Detchd,2004.0,Unf,2,576,TA,TA,Y,0,102,0,0,0,0,,None,,0,6,2008,WD,Normal,159000,1
1277,1277,80,RL,69.0,17871,Pave,None,IR1,Lvl,AllPub,CulDSac,Gtl,NWAmes,Norm,Norm,1Fam,SLvl,6,5,1967,1976,Gable,CompShg,HdBoard,HdBoard,BrkFace,359.0,TA,TA,CBlock,Gd,TA,Av,ALQ,528,Unf,0,1152,1680,GasA,Fa,SBrkr,1724,0,0,1724,1,0,1,1,3,1,TA,7,Typ,1,Gd,Attchd,1967.0,RFn,2,480,TA,TA,Y,0,0,0,0,0,0,,None,,0,6,2009,WD,Normal,197900,2
1029,1029,160,RM,21.0,1680,Pave,None,Reg,Lvl,AllPub,Inside,Gtl,BrDale,Norm,Norm,Twnhs,2Story,6,7,1972,1972,Gable,CompShg,HdBoard,HdBoard,BrkFace,281.0,TA,TA,CBlock,TA,TA,No,BLQ,317,Unf,0,355,672,GasA,Gd,SBrkr,672,546,0,1218,0,1,1,1,3,1,TA,7,Typ,0,None,Detchd,1972.0,Unf,1,264,TA,TA,Y,0,28,0,0,0,0,,None,,0,5,2006,WD,Normal,118000,0
341,341,20,RH,60.0,8400,Pave,None,Reg,Lvl,AllPub,Inside,Gtl,SawyerW,Feedr,Norm,1Fam,1Story,4,4,1950,1950,Gable,CompShg,Wd Sdng,AsbShng,None,0.0,Fa,Fa,CBlock,TA,Fa,No,Unf,0,Unf,0,721,721,GasA,Gd,SBrkr,841,0,0,841,0,0,1,0,2,1,TA,4,Typ,0,None,CarPort,1950.0,Unf,1,294,TA,TA,N,250,0,24,0,0,0,,None,,0,9,2009,WD,Normal,82000,0
1097,1097,120,RL,69.0,3696,Pave,None,Reg,Lvl,AllPub,Inside,Gtl,StoneBr,Norm,Norm,TwnhsE,1Story,8,5,1986,1986,Gable,CompShg,HdBoard,HdBoard,None,0.0,Gd,TA,CBlock,Gd,TA,No,Unf,0,Unf,0,1074,1074,GasA,Ex,SBrkr,1088,0,0,1088,0,0,1,1,2,1,Gd,5,Typ,0,None,Attchd,1987.0,RFn,2,461,TA,TA,Y,0,74,137,0,0,0,,None,,0,10,2007,WD,Normal,170000,1
879,879,20,RL,69.0,7000,Pave,None,IR1,Lvl,AllPub,CulDSac,Gtl,CollgCr,Norm,Norm,1Fam,1Story,5,8,1978,2005,Gable,CompShg,VinylSd,VinylSd,BrkFace,90.0,Gd,Gd,CBlock,TA,TA,No,ALQ,646,Unf,0,218,864,GasA,Ex,SBrkr,864,0,0,864,1,0,1,0,3,1,TA,6,Typ,0,None,Attchd,1978.0,Unf,1,336,TA,TA,Y,0,0,0,0,0,0,,GdWo,,0,7,2009,WD,Normal,136500,0
595,595,20,RL,69.0,11302,Pave,None,IR1,Lvl,AllPub,Inside,Gtl,StoneBr,Norm,Norm,1Fam,1Story,8,5,2005,2006,Gable,CompShg,VinylSd,Other,BrkFace,238.0,Gd,TA,PConc,Gd,TA,Gd,GLQ,1422,Unf,0,392,1814,GasA,Ex,SBrkr,1826,0,0,1826,1,0,2,0,3,1,Gd,7,Typ,1,TA,Attchd,2005.0,Fin,3,758,TA,TA,Y,180,75,0,0,120,0,,None,,0,8,2006,New,Partial,319000,2
61,61,75,RM,60.0,7200,Pave,None,Reg,Lvl,AllPub,Inside,Gtl,IDOTRR,Norm,Norm,1Fam,2.5Unf,5,7,1920,1996,Gable,CompShg,MetalSd,MetalSd,None,0.0,TA,TA,BrkTil,TA,Fa,No,Unf,0,Unf,0,530,530,GasA,TA,SBrkr,581,530,0,1111,0,0,1,0,3,1,Fa,6,Typ,0,None,Detchd,1935.0,Unf,1,288,TA,TA,N,0,0,144,0,0,0,,None,,0,3,2007,WD,Normal,101000,0
1227,1227,20,RL,72.0,8872,Pave,None,Reg,Lvl,AllPub,Corner,Gtl,NAmes,Norm,Norm,1Fam,1Story,5,8,1965,2008,Gable,CompShg,VinylSd,VinylSd,BrkFace,300.0,TA,TA,CBlock,TA,TA,No,ALQ,595,Unf,0,317,912,GasA,Ex,SBrkr,912,0,0,912,1,0,1,0,2,1,Gd,5,Typ,0,None,Detchd,1992.0,Unf,2,576,TA,TA,Y,0,240,0,0,0,0,,None,,0,12,2008,WD,Normal,147000,1
272,272,60,RL,92.0,11764,Pave,None,IR1,Lvl,AllPub,CulDSac,Gtl,NoRidge,Norm,Norm,1Fam,2Story,8,7,1999,2007,Gable,CompShg,VinylSd,VinylSd,BrkFace,348.0,Gd,TA,PConc,Gd,TA,No,GLQ,524,Unf,0,628,1152,GasA,Ex,SBrkr,1164,1106,0,2270,0,0,2,1,4,1,Gd,9,Typ,1,Gd,Attchd,1999.0,Fin,3,671,TA,TA,Y,132,57,0,0,0,0,,None,,0,4,2010,WD,Normal,290000,2
1176,1176,20,RL,37.0,6951,Pave,None,IR1,Lvl,AllPub,CulDSac,Gtl,Mitchel,Norm,Norm,1Fam,1Story,5,5,1984,1985,Gable,CompShg,HdBoard,Plywood,None,0.0,TA,TA,CBlock,TA,TA,No,ALQ,658,Unf,0,218,876,GasA,TA,SBrkr,923,0,0,923,1,0,1,0,3,1,TA,5,Typ,0,None,Attchd,1984.0,Unf,1,264,TA,TA,Y,362,0,0,0,0,0,,MnPrv,,0,10,2008,WD,Normal,119500,0
872,872,20,RL,74.0,8892,Pave,None,Reg,Lvl,AllPub,Corner,Gtl,NAmes,Norm,Norm,1Fam,1Story,5,7,1953,1996,Gable,CompShg,WdShing,Wd Shng,None,0.0,Gd,TA,Stone,TA,TA,Av,Unf,0,Unf,0,105,105,GasA,Gd,SBrkr,910,0,0,910,0,0,1,0,3,1,Gd,5,Typ,0,None,Attchd,1953.0,Unf,2,414,TA,TA,Y,196,0,150,0,0,0,,GdWo,,0,10,2008,WD,Normal,116000,0
1090,1090,90,RL,60.0,8544,Pave,None,Reg,Lvl,AllPub,Corner,Gtl,NAmes,Norm,Norm,Duplex,1Story,3,4,1950,1950,Gable,CompShg,BrkFace,BrkFace,None,0.0,TA,TA,Slab,None,None,None,None,0,None,0,0,0,Wall,Fa,FuseA,1040,0,0,1040,0,0,2,0,2,2,TA,6,Typ,0,None,Detchd,1987.0,Unf,2,400,TA,TA,Y,0,0,0,0,0,0,,None,,0,6,2009,WD,Normal,92900,0
1370,1370,50,RL,90.0,5400,Pave,None,Reg,Lvl,AllPub,Corner,Gtl,OldTown,Artery,Norm,1Fam,1.5Fin,4,6,1920,1950,Gable,CompShg,CBlock,CBlock,None,0.0,Fa,TA,PConc,TA,TA,No,ALQ,315,Rec,105,420,840,GasA,Ex,SBrkr,840,534,0,1374,0,0,1,0,2,1,TA,6,Typ,0,None,Detchd,1967.0,Fin,1,338,TA,TA,Y,0,0,198,0,0,0,,None,,0,10,2009,WD,Normal,105000,0
278,278,20,RL,107.0,14450,Pave,None,Reg,Lvl,AllPub,Inside,Gtl,NridgHt,Norm,Norm,1Fam,1Story,9,5,2006,2007,Gable,CompShg,CemntBd,CmentBd,BrkFace,315.0,Ex,TA,PConc,Ex,TA,Gd,Unf,0,Unf,0,2121,2121,GasA,Ex,SBrkr,2121,0,0,2121,0,0,2,1,3,1,Ex,8,Typ,1,Ex,Attchd,2007.0,Fin,3,732,TA,TA,Y,124,98,0,0,142,0,,None,,0,5,2007,New,Partial,415298,2
1128,1128,60,RL,59.0,11796,Pave,None,IR1,Lvl,AllPub,Inside,Gtl,Gilbert,Norm,Norm,1Fam,2Story,7,5,2004,2005,Gable,CompShg,VinylSd,VinylSd,None,0.0,Gd,TA,PConc,Gd,TA,Av,Unf,0,Unf,0,847,847,GasA,Ex,SBrkr,847,1112,0,1959,0,0,2,1,4,1,Gd,8,Typ,1,Gd,BuiltIn,2004.0,Fin,2,434,TA,TA,Y,100,48,0,0,0,0,,None,,0,7,2007,WD,Normal,215000,2
694,694,50,RM,51.0,6120,Pave,None,Reg,Lvl,AllPub,Corner,Gtl,BrkSide,Norm,Norm,1Fam,1.5Fin,5,6,1936,1950,Gable,CompShg,Wd Sdng,Wd Sdng,None,0.0,TA,Fa,BrkTil,TA,TA,No,Unf,0,Unf,0,927,927,GasA,TA,SBrkr,1067,472,0,1539,0,0,1,1,3,1,TA,5,Typ,0,None,Detchd,1995.0,Unf,2,576,TA,TA,Y,112,0,0,0,0,0,,MnPrv,,0,4,2009,WD,Normal,141500,1
368,368,20,RL,78.0,7800,Pave,None,Reg,Lvl,AllPub,Inside,Gtl,NAmes,Norm,Norm,1Fam,1Story,5,6,1954,1954,Gable,CompShg,HdBoard,HdBoard,BrkFace,200.0,TA,TA,PConc,TA,TA,No,LwQ,540,Unf,0,728,1268,GasA,Gd,SBrkr,1268,0,0,1268,0,0,1,0,2,1,TA,7,Typ,1,Gd,Attchd,1954.0,Fin,1,244,TA,TA,Y,0,98,0,0,0,0,,None,,0,3,2010,WD,Normal,132000,0
1345,1345,30,RM,50.0,6000,Pave,None,Reg,Lvl,AllPub,Inside,Gtl,OldTown,Norm,Norm,1Fam,1Story,4,4,1920,1950,Hip,CompShg,MetalSd,MetalSd,None,0.0,TA,TA,PConc,TA,TA,No,ALQ,250,Unf,0,710,960,GasA,Gd,FuseA,960,0,0,960,0,0,1,0,2,1,Fa,5,Typ,0,None,Detchd,1997.0,Unf,1,308,TA,TA,Y,0,0,168,0,0,0,,None,,0,7,2007,WD,Normal,108500,0
36,36,20,RL,112.0,10859,Pave,None,Reg,Lvl,AllPub,Corner,Gtl,CollgCr,Norm,Norm,1Fam,1Story,5,5,1994,1995,Gable,CompShg,VinylSd,VinylSd,None,0.0,TA,TA,PConc,Gd,TA,No,Unf,0,Unf,0,1097,1097,GasA,Ex,SBrkr,1097,0,0,1097,0,0,1,1,3,1,TA,6,Typ,0,None,Attchd,1995.0,Unf,2,672,TA,TA,Y,392,64,0,0,0,0,,None,,0,6,2009,WD,Normal,145000,1
735,735,75,RM,60.0,10800,Pave,None,Reg,Lvl,AllPub,Inside,Gtl,OldTown,Norm,Norm,1Fam,2.5Unf,7,7,1914,1970,Gable,CompShg,Wd Sdng,Wd Sdng,None,0.0,TA,TA,BrkTil,Gd,TA,Mn,Rec,390,Unf,0,490,880,GasW,Fa,SBrkr,880,888,0,1768,0,0,1,1,2,1,TA,6,Typ,2,TA,Detchd,1914.0,Unf,2,320,TA,TA,N,0,341,0,0,0,0,,None,,0,10,2006,WD,Normal,163000,1
1411,1411,50,RL,80.0,9600,Pave,None,Reg,Lvl,AllPub,Inside,Gtl,NAmes,Norm,Norm,1Fam,1.5Fin,6,8,1950,2005,Gable,CompShg,VinylSd,VinylSd,None,0.0,TA,Gd,CBlock,TA,TA,No,BLQ,120,Unf,0,736,856,GasA,Ex,SBrkr,1112,556,0,1668,0,0,1,1,3,1,TA,6,Min2,0,None,Attchd,1950.0,Unf,1,271,TA,TA,Y,0,0,0,0,0,0,,MnPrv,,0,9,2009,WD,Normal,140000,1
662,662,20,RL,120.0,13560,Pave,None,Reg,Lvl,AllPub,Corner,Gtl,NAmes,Norm,Norm,1Fam,1Story,6,3,1968,1968,Hip,CompShg,Wd Sdng,Wd Sdng,BrkFace,216.0,TA,TA,CBlock,Fa,Fa,No,Unf,0,Unf,0,1392,1392,GasA,Gd,SBrkr,1392,0,0,1392,1,0,1,0,2,1,TA,5,Maj2,2,TA,Attchd,1968.0,RFn,2,576,TA,TA,Y,0,0,240,0,0,0,,None,,0,7,2009,WD,Normal,110000,0
1285,1285,50,RM,50.0,6000,Pave,None,Reg,Lvl,AllPub,Inside,Gtl,BrkSide,Norm,Norm,1Fam,1.5Fin,6,6,1939,1950,Gable,CompShg,MetalSd,MetalSd,None,0.0,TA,Fa,CBlock,TA,TA,No,Unf,0,Unf,0,780,780,GasA,Ex,FuseF,825,587,0,1412,0,0,1,0,4,1,TA,6,Typ,1,Gd,Detchd,1939.0,Unf,1,280,TA,TA,Y,45,0,0,0,0,0,,None,,0,5,2009,WD,Normal,132500,0
1316,1316,20,RL,61.0,10226,Pave,None,IR1,Lvl,AllPub,Inside,Gtl,CollgCr,Norm,Norm,1Fam,1Story,8,5,2008,2008,Gable,CompShg,VinylSd,VinylSd,Stone,270.0,Gd,TA,PConc,Ex,TA,Gd,Unf,0,Unf,0,1622,1622,GasA,Ex,SBrkr,1630,0,0,1630,1,0,2,0,3,1,Ex,8,Typ,1,Gd,Attchd,2008.0,RFn,3,860,TA,TA,Y,172,42,0,0,0,0,,None,,0,1,2009,WD,Normal,295493,2
977,977,120,FV,35.0,4274,Pave,Pave,IR1,Lvl,AllPub,Inside,Gtl,Somerst,Norm,Norm,TwnhsE,1Story,7,5,2006,2007,Gable,CompShg,VinylSd,VinylSd,None,0.0,Gd,TA,PConc,Gd,TA,No,GLQ,1106,Unf,0,135,1241,GasA,Ex,SBrkr,1241,0,0,1241,1,0,1,1,1,1,Gd,4,Typ,0,None,Attchd,2007.0,Fin,2,569,TA,TA,Y,0,116,0,0,0,0,,None,,0,11,2007,New,Partial,199900,2
547,547,85,RL,54.0,7244,Pave,None,Reg,Lvl,AllPub,Inside,Gtl,Mitchel,Norm,Norm,1Fam,SFoyer,5,7,1970,1970,Gable,CompShg,VinylSd,VinylSd,None,0.0,TA,Gd,CBlock,Gd,TA,Av,ALQ,619,Unf,0,149,768,GasA,Ex,SBrkr,768,0,0,768,1,0,1,0,2,1,TA,5,Typ,0,None,Detchd,1987.0,Unf,2,624,TA,TA,Y,104,0,0,0,0,0,,None,,0,4,2007,WD,Normal,129500,0
1161,1161,20,RL,69.0,14778,Pave,None,IR1,Low,AllPub,CulDSac,Gtl,Crawfor,PosN,Norm,1Fam,1Story,6,7,1954,2006,Hip,CompShg,HdBoard,HdBoard,BrkFace,72.0,Gd,TA,CBlock,TA,TA,No,BLQ,728,Unf,0,568,1296,GasA,Ex,SBrkr,1640,0,0,1640,1,0,1,0,3,1,Gd,7,Typ,1,Gd,Detchd,1993.0,Unf,2,924,TA,TA,Y,108,0,0,216,0,0,,None,,0,11,2008,WD,Normal,224000,2
688,688,20,RL,60.0,8089,Pave,None,Reg,HLS,AllPub,Inside,Gtl,StoneBr,Norm,Norm,1Fam,1Story,8,6,2007,2007,Gable,CompShg,MetalSd,MetalSd,BrkFace,0.0,Gd,TA,PConc,Gd,TA,Av,GLQ,945,Unf,0,474,1419,GasA,Ex,SBrkr,1419,0,0,1419,1,0,2,0,2,1,Gd,7,Typ,1,Gd,Attchd,2007.0,RFn,2,567,TA,TA,Y,140,0,0,0,0,0,,None,,0,10,2007,New,Partial,392000,2
738,738,90,RL,60.0,10800,Pave,None,Reg,Lvl,AllPub,Inside,Gtl,Edwards,Norm,Norm,Duplex,1Story,5,5,1987,1988,Gable,CompShg,Plywood,Plywood,None,0.0,TA,TA,CBlock,Gd,Gd,Gd,GLQ,1200,Unf,0,0,1200,GasA,TA,SBrkr,1200,0,0,1200,3,0,3,0,3,1,TA,5,Typ,0,None,None,1980.0,None,0,0,None,None,Y,120,0,0,0,0,0,,None,,0,3,2009,WD,Alloca,179000,1
191,191,60,RL,69.0,7472,Pave,None,IR1,Lvl,AllPub,CulDSac,Gtl,NAmes,Norm,Norm,1Fam,2Story,7,9,1972,2004,Gable,CompShg,HdBoard,HdBoard,BrkFace,138.0,TA,TA,CBlock,TA,TA,No,ALQ,626,Unf,0,99,725,GasA,Gd,SBrkr,725,754,0,1479,1,0,1,1,4,1,Gd,7,Typ,0,None,Attchd,1972.0,Fin,2,484,TA,TA,Y,0,32,0,0,0,0,,None,,0,6,2007,WD,Normal,184000,1
919,919,20,RL,87.0,11029,Pave,None,IR1,Lvl,AllPub,Corner,Gtl,NAmes,Norm,Norm,1Fam,1Story,6,8,1958,2002,Hip,CompShg,MetalSd,MetalSd,None,0.0,Ex,TA,CBlock,Gd,TA,No,ALQ,528,BLQ,411,245,1184,GasA,Ex,SBrkr,1414,0,0,1414,1,0,1,0,3,1,TA,6,Min1,1,TA,Attchd,1990.0,Unf,2,601,TA,TA,Y,0,51,0,0,190,0,,None,,0,5,2008,WD,Normal,176500,1
456,456,70,RM,34.0,4571,Pave,Grvl,Reg,Lvl,AllPub,Inside,Gtl,OldTown,Norm,Norm,1Fam,2Story,5,5,1916,1950,Gable,CompShg,AsbShng,AsbShng,None,0.0,TA,TA,BrkTil,TA,TA,No,Unf,0,Unf,0,624,624,GasA,Fa,SBrkr,624,720,0,1344,0,0,1,0,4,1,TA,7,Typ,0,None,Detchd,1916.0,Unf,3,513,Fa,Fa,Y,0,0,96,0,0,0,,None,,0,5,2008,COD,Abnorml,98000,0
868,868,60,RL,69.0,14762,Pave,None,IR2,Lvl,AllPub,Corner,Gtl,Gilbert,Feedr,Norm,1Fam,2Story,5,6,1948,1950,Gable,CompShg,Plywood,Plywood,None,0.0,TA,TA,Slab,None,None,None,None,0,None,0,0,0,GasA,Gd,SBrkr,1547,720,53,2320,0,0,2,0,2,1,TA,7,Typ,1,TA,Attchd,1979.0,Unf,2,672,TA,TA,P,120,144,0,0,0,0,,None,,0,5,2006,WD,Normal,169000,1
393,393,30,RL,69.0,7446,Pave,None,Reg,Lvl,AllPub,Corner,Gtl,BrkSide,Feedr,Norm,1Fam,1Story,4,5,1941,1950,Gable,CompShg,WdShing,Wd Shng,None,0.0,TA,TA,CBlock,TA,TA,No,Rec,266,Unf,0,522,788,GasA,TA,FuseA,788,0,0,788,0,0,1,0,2,1,TA,4,Typ,2,TA,None,1980.0,None,0,0,None,None,Y,0,0,0,0,0,0,,GdWo,,0,4,2006,WD,Abnorml,100000,0
675,675,160,RL,24.0,2289,Pave,None,Reg,Lvl,AllPub,Inside,Gtl,NPkVill,Norm,Norm,Twnhs,2Story,6,6,1978,1978,Gable,CompShg,Plywood,Brk Cmn,None,0.0,TA,TA,CBlock,TA,TA,No,ALQ,311,Unf,0,544,855,GasA,TA,SBrkr,855,586,0,1441,0,0,2,1,3,1,TA,7,Typ,1,TA,Attchd,1978.0,Unf,2,440,TA,TA,Y,28,0,0,0,0,0,,None,,0,4,2009,WD,Normal,148500,1
760,760,20,RL,70.0,9100,Pave,None,Reg,Lvl,AllPub,Inside,Gtl,NAmes,Norm,Norm,1Fam,1Story,6,6,1959,1959,Hip,CompShg,Wd Sdng,Wd Sdng,None,0.0,TA,TA,CBlock,TA,TA,No,Rec,612,Unf,0,252,864,GasA,Ex,SBrkr,864,0,0,864,0,0,1,0,2,1,TA,5,Typ,0,None,Detchd,2008.0,Unf,1,300,Ex,Ex,Y,0,0,0,0,0,0,,None,Shed,450,10,2009,WD,Normal,127500,0
1436,1436,20,RL,60.0,9000,Pave,None,Reg,Lvl,AllPub,FR2,Gtl,NAmes,Norm,Norm,1Fam,1Story,4,6,1971,1971,Gable,CompShg,HdBoard,HdBoard,None,0.0,TA,TA,PConc,TA,TA,No,ALQ,616,Unf,0,248,864,GasA,TA,SBrkr,864,0,0,864,0,0,1,0,3,1,TA,5,Typ,0,None,Detchd,1974.0,Unf,2,528,TA,TA,Y,0,0,0,0,0,0,,GdWo,,0,5,2007,WD,Normal,120500,0
728,728,90,RL,85.0,11475,Pave,None,Reg,Lvl,AllPub,Corner,Gtl,NAmes,Norm,Norm,Duplex,1Story,5,5,1958,1958,Gable,CompShg,VinylSd,VinylSd,BrkFace,95.0,TA,TA,CBlock,TA,TA,No,Unf,0,Unf,0,1584,1584,GasA,TA,SBrkr,1776,0,0,1776,1,0,2,0,4,2,TA,9,Typ,0,None,Detchd,1968.0,Unf,3,888,TA,TA,Y,0,25,0,0,0,0,,None,,0,7,2009,COD,Abnorml,110000,0
419,419,20,RL,65.0,8450,Pave,None,Reg,Lvl,AllPub,Inside,Gtl,NAmes,Norm,Norm,1Fam,1Story,5,6,1968,1968,Gable,CompShg,VinylSd,VinylSd,None,0.0,TA,TA,CBlock,TA,TA,No,BLQ,775,Unf,0,281,1056,GasA,Ex,SBrkr,1056,0,0,1056,1,0,1,0,3,1,TA,6,Typ,1,Fa,Attchd,1968.0,Unf,1,304,TA,TA,Y,0,85,184,0,0,0,,None,,0,7,2010,WD,Normal,142000,1
375,375,30,RL,69.0,10020,Pave,None,IR1,Low,AllPub,Inside,Sev,Edwards,Norm,Norm,1Fam,1Story,1,1,1922,1950,Gable,CompShg,Wd Sdng,Wd Sdng,None,0.0,Fa,Fa,BrkTil,Fa,Po,Gd,BLQ,350,Unf,0,333,683,GasA,Gd,FuseA,904,0,0,904,1,0,0,1,1,1,Fa,4,Maj1,0,None,None,1980.0,None,0,0,None,None,Y,0,0,0,0,0,0,,None,,0,3,2009,WD,Normal,61000,0
412,412,20,FV,69.0,4403,Pave,None,IR2,Lvl,AllPub,Inside,Gtl,Somerst,Norm,Norm,1Fam,1Story,7,5,2009,2009,Gable,CompShg,MetalSd,MetalSd,Stone,432.0,Ex,TA,PConc,Ex,TA,Av,GLQ,578,Unf,0,892,1470,GasA,Ex,SBrkr,1478,0,0,1478,1,0,2,1,2,1,Gd,7,Typ,1,Gd,Attchd,2009.0,Fin,2,484,TA,TA,Y,0,144,0,0,0,0,,None,,0,6,2010,New,Partial,222000,2
74,74,50,RM,60.0,5790,Pave,None,Reg,Lvl,AllPub,Corner,Gtl,OldTown,Norm,Norm,1Fam,2Story,3,6,1915,1950,Gambrel,CompShg,VinylSd,VinylSd,None,0.0,Gd,Gd,CBlock,Fa,TA,No,Unf,0,Unf,0,840,840,GasA,Gd,SBrkr,840,765,0,1605,0,0,2,0,3,2,TA,8,Typ,0,None,Detchd,1915.0,Unf,1,379,TA,TA,Y,0,0,202,0,0,0,,None,,0,5,2010,WD,Normal,107400,0
1366,1366,60,RL,68.0,9179,Pave,None,IR1,Lvl,AllPub,Inside,Gtl,CollgCr,Norm,Norm,1Fam,2Story,7,5,1999,1999,Gable,CompShg,VinylSd,VinylSd,BrkFace,158.0,Gd,TA,PConc,Gd,TA,No,GLQ,633,Unf,0,240,873,GasA,Ex,SBrkr,882,908,0,1790,1,0,2,1,3,1,Gd,7,Typ,0,None,Attchd,1999.0,RFn,2,588,TA,TA,Y,0,88,0,0,0,0,,None,,0,6,2008,WD,Abnorml,193000,2
1141,1141,60,RL,69.0,10304,Pave,None,IR1,Lvl,AllPub,CulDSac,Gtl,NWAmes,PosN,Norm,1Fam,2Story,5,7,1976,1976,Gable,CompShg,Plywood,Plywood,BrkFace,44.0,TA,Gd,CBlock,TA,TA,No,ALQ,381,Unf,0,399,780,GasA,Ex,SBrkr,1088,780,0,1868,1,0,2,1,4,1,Gd,9,Typ,1,TA,Attchd,1976.0,Unf,2,484,TA,TA,Y,448,96,0,0,0,0,,None,,0,10,2009,WD,Normal,197500,2
500,500,160,RM,21.0,1890,Pave,None,Reg,Lvl,AllPub,Inside,Gtl,BrDale,Norm,Norm,Twnhs,2Story,6,5,1973,1973,Gable,CompShg,HdBoard,HdBoard,BrkFace,285.0,TA,TA,CBlock,TA,TA,No,BLQ,356,Unf,0,316,672,GasA,TA,SBrkr,672,546,0,1218,0,0,1,1,3,1,TA,7,Typ,0,None,Detchd,1973.0,Unf,1,264,TA,TA,Y,144,28,0,0,0,0,,None,,0,5,2007,WD,Normal,113000,0
825,825,20,RL,114.0,14803,Pave,None,Reg,Lvl,AllPub,Inside,Gtl,NridgHt,PosN,PosN,1Fam,1Story,10,5,2007,2008,Hip,CompShg,CemntBd,CmentBd,BrkFace,816.0,Ex,TA,PConc,Ex,TA,Av,GLQ,1636,Unf,0,442,2078,GasA,Ex,SBrkr,2084,0,0,2084,1,0,2,0,2,1,Ex,7,Typ,1,Gd,Attchd,2007.0,Fin,3,1220,TA,TA,Y,188,45,0,0,0,0,,None,,0,6,2008,New,Partial,385000,2
195,195,160,RL,24.0,2280,Pave,None,Reg,Lvl,AllPub,FR2,Gtl,NPkVill,Norm,Norm,Twnhs,2Story,6,6,1976,1976,Gable,CompShg,Plywood,Brk Cmn,None,0.0,TA,TA,CBlock,Gd,TA,No,ALQ,566,Unf,0,289,855,GasA,TA,SBrkr,855,601,0,1456,0,0,2,1,3,1,TA,7,Typ,1,TA,Attchd,1976.0,Unf,2,440,TA,TA,Y,87,0,0,0,0,0,,None,,0,7,2009,WD,Normal,148500,1
1459,1459,20,RL,75.0,9937,Pave,None,Reg,Lvl,AllPub,Inside,Gtl,Edwards,Norm,Norm,1Fam,1Story,5,6,1965,1965,Gable,CompShg,HdBoard,HdBoard,None,0.0,Gd,TA,CBlock,TA,TA,No,BLQ,830,LwQ,290,136,1256,GasA,Gd,SBrkr,1256,0,0,1256,1,0,1,1,3,1,TA,6,Typ,0,None,Attchd,1965.0,Fin,1,276,TA,TA,Y,736,68,0,0,0,0,,None,,0,6,2008,WD,Normal,147500,1
616,616,60,RL,69.0,7861,Pave,None,IR1,Lvl,AllPub,Inside,Gtl,Gilbert,Norm,Norm,1Fam,2Story,6,5,2002,2003,Gable,CompShg,VinylSd,VinylSd,None,0.0,Gd,TA,PConc,Gd,TA,No,GLQ,457,Unf,0,326,783,GasA,Ex,SBrkr,807,702,0,1509,1,0,2,1,3,1,Gd,7,Typ,1,Gd,Attchd,2002.0,Fin,2,393,TA,TA,Y,100,75,0,0,0,0,,None,,0,6,2006,WD,Normal,183200,1
114,114,70,RL,61.0,7259,Pave,None,IR1,Lvl,AllPub,Inside,Mod,Crawfor,Norm,Norm,1Fam,2Story,6,8,1945,2002,Gambrel,CompShg,Wd Sdng,Wd Sdng,None,0.0,TA,TA,CBlock,TA,TA,No,ALQ,774,LwQ,150,104,1028,GasA,Ex,SBrkr,1436,884,0,2320,1,0,2,1,3,1,Gd,9,Typ,1,TA,Detchd,1945.0,Unf,1,180,TA,TA,Y,224,0,0,0,0,0,,MnPrv,,0,7,2007,WD,Normal,259500,2
417,417,70,RL,86.0,22420,Pave,None,IR1,Lvl,AllPub,Inside,Gtl,Crawfor,Feedr,Norm,1Fam,2Story,6,6,1918,1950,Hip,CompShg,Wd Sdng,Stucco,None,0.0,TA,TA,BrkTil,Gd,TA,No,BLQ,1128,Unf,0,242,1370,GasW,TA,FuseA,1370,1254,0,2624,1,0,2,1,4,1,TA,10,Typ,1,Gd,Detchd,1918.0,Unf,3,864,TA,TA,N,0,0,0,0,0,0,,None,,0,11,2007,WD,Normal,239000,2
601,601,50,RM,50.0,9000,Pave,None,Reg,Bnk,AllPub,Inside,Gtl,IDOTRR,Norm,Norm,1Fam,1.5Fin,6,6,1937,1950,Gable,CompShg,Wd Sdng,Wd Sdng,None,0.0,TA,Gd,PConc,TA,TA,No,Unf,0,Unf,0,780,780,GasA,TA,SBrkr,780,595,0,1375,0,0,1,1,3,1,Gd,6,Typ,1,Gd,Detchd,1979.0,Unf,1,544,TA,TA,P,0,162,0,0,126,0,,None,,0,12,2007,WD,Normal,141000,1
969,969,190,RL,75.0,10382,Pave,None,Reg,Lvl,AllPub,Inside,Gtl,NAmes,Norm,Norm,2fmCon,SLvl,6,5,1958,1958,Hip,CompShg,HdBoard,HdBoard,BrkFace,105.0,TA,Fa,CBlock,TA,TA,Gd,ALQ,513,Unf,0,75,588,GasA,TA,SBrkr,1095,0,0,1095,1,0,1,0,2,1,TA,6,Typ,0,None,Attchd,1958.0,RFn,1,264,TA,TA,Y,0,0,0,0,0,0,,None,,0,3,2006,ConLD,Normal,140000,1
921,921,90,RL,67.0,8777,Pave,None,Reg,Lvl,AllPub,Inside,Gtl,Edwards,Feedr,Norm,Duplex,1.5Fin,5,7,1900,2003,Gable,CompShg,MetalSd,MetalSd,None,0.0,TA,TA,CBlock,TA,TA,No,ALQ,1084,Unf,0,188,1272,GasA,Gd,SBrkr,1272,928,0,2200,2,0,2,2,4,2,TA,9,Typ,0,None,None,1980.0,None,0,0,None,None,N,0,70,0,0,0,0,,GdPrv,,0,9,2008,WD,Normal,145900,1
604,604,20,RL,88.0,12803,Pave,None,IR1,Lvl,AllPub,Inside,Gtl,CollgCr,Norm,Norm,1Fam,1Story,7,5,2002,2002,Gable,CompShg,VinylSd,VinylSd,BrkFace,99.0,Gd,TA,PConc,Gd,TA,Mn,GLQ,922,Unf,0,572,1494,GasA,Ex,SBrkr,1494,0,0,1494,1,0,2,0,3,1,Gd,6,Typ,1,TA,Attchd,2002.0,RFn,2,530,TA,TA,Y,192,36,0,0,0,0,,None,,0,9,2008,WD,Normal,221000,2
1448,1448,50,RL,70.0,11767,Pave,None,Reg,Lvl,AllPub,Inside,Gtl,Edwards,Norm,Norm,1Fam,2Story,4,7,1910,2000,Gable,CompShg,MetalSd,HdBoard,None,0.0,TA,TA,CBlock,Fa,TA,No,Unf,0,Unf,0,560,560,GasA,Gd,SBrkr,796,550,0,1346,0,0,1,1,2,1,TA,6,Min2,0,None,Detchd,1950.0,Unf,1,384,Fa,TA,Y,168,24,0,0,0,0,,GdWo,,0,5,2007,WD,Normal,112000,0
89,89,20,RL,60.0,8070,Pave,None,Reg,Lvl,AllPub,Inside,Gtl,CollgCr,Norm,Norm,1Fam,1Story,4,5,1994,1995,Gable,CompShg,VinylSd,VinylSd,None,0.0,TA,TA,PConc,Gd,TA,No,GLQ,588,Unf,0,402,990,GasA,Ex,SBrkr,990,0,0,990,1,0,1,0,3,1,TA,5,Typ,0,None,None,1980.0,None,0,0,None,None,Y,0,0,0,0,0,0,,None,,0,8,2007,WD,Normal,123600,0
848,848,50,RL,75.0,45600,Pave,None,IR2,Bnk,AllPub,Inside,Gtl,ClearCr,Norm,Norm,1Fam,1.5Fin,6,8,1908,1997,Gable,CompShg,Wd Sdng,Wd Sdng,None,0.0,TA,TA,BrkTil,TA,TA,No,Unf,0,Unf,0,907,907,GasA,TA,SBrkr,1307,1051,0,2358,0,0,3,0,5,1,TA,10,Typ,1,Gd,Detchd,1908.0,Unf,2,360,Fa,TA,Y,486,40,0,0,175,0,,None,,0,9,2008,WD,Normal,240000,2
1114,1114,20,RL,90.0,5400,Pave,None,Reg,Lvl,AllPub,Inside,Gtl,OldTown,Norm,Norm,1Fam,1Story,5,7,1954,2000,Gable,CompShg,MetalSd,MetalSd,None,0.0,TA,Gd,CBlock,TA,TA,No,Rec,415,Unf,0,418,833,GasA,Ex,SBrkr,833,0,0,833,0,0,1,0,2,1,Gd,4,Typ,0,None,Detchd,1955.0,Unf,1,326,TA,TA,Y,0,0,0,0,0,0,,MnPrv,,0,8,2006,WD,Normal,117000,0
1395,1395,60,RL,88.0,12665,Pave,None,IR1,Lvl,AllPub,Inside,Gtl,Timber,Norm,Norm,1Fam,2Story,8,5,2005,2006,Hip,CompShg,VinylSd,VinylSd,BrkFace,245.0,Gd,TA,PConc,Gd,Gd,Gd,Unf,0,Unf,0,1094,1094,GasA,Ex,SBrkr,1133,1349,0,2482,0,0,2,1,4,1,Gd,9,Typ,1,Gd,BuiltIn,2005.0,Fin,3,642,TA,TA,Y,144,39,0,0,0,0,,None,,0,2,2007,WD,Normal,281213,2
753,753,60,RL,80.0,10240,Pave,None,Reg,Lvl,AllPub,Inside,Gtl,NridgHt,Norm,Norm,1Fam,2Story,8,5,2005,2005,Gable,CompShg,VinylSd,VinylSd,BrkFace,178.0,Gd,TA,PConc,Gd,TA,Mn,Unf,0,Unf,0,1030,1030,GasA,Gd,SBrkr,1038,1060,0,2098,0,0,2,1,3,1,Ex,8,Typ,1,Gd,Attchd,2005.0,RFn,3,878,TA,TA,Y,192,52,0,0,0,0,,None,,0,3,2006,WD,Normal,275500,2
498,498,20,RL,65.0,7800,Pave,None,Reg,Lvl,AllPub,Inside,Gtl,Sawyer,Norm,Norm,1Fam,1Story,5,7,1967,2004,Hip,CompShg,HdBoard,HdBoard,BrkFace,89.0,TA,TA,PConc,TA,TA,No,ALQ,450,Unf,0,414,864,GasA,Ex,SBrkr,899,0,0,899,0,0,1,0,3,1,Gd,5,Typ,0,None,Attchd,1967.0,Fin,1,288,TA,TA,Y,64,0,0,0,0,0,,MnPrv,,0,6,2009,WD,Normal,130000,0
11,11,60,RL,85.0,11924,Pave,None,IR1,Lvl,AllPub,Inside,Gtl,NridgHt,Norm,Norm,1Fam,2Story,9,5,2005,2006,Hip,CompShg,WdShing,Wd Shng,Stone,286.0,Ex,TA,PConc,Ex,TA,No,GLQ,998,Unf,0,177,1175,GasA,Ex,SBrkr,1182,1142,0,2324,1,0,3,0,4,1,Ex,11,Typ,2,Gd,BuiltIn,2005.0,Fin,3,736,TA,TA,Y,147,21,0,0,0,0,,None,,0,7,2006,New,Partial,345000,2
396,396,20,RL,60.0,7200,Pave,None,Reg,Low,AllPub,Inside,Gtl,CollgCr,Norm,Norm,1Fam,1Story,5,5,1972,1972,Hip,CompShg,MetalSd,MetalSd,None,0.0,TA,TA,CBlock,TA,TA,Av,Rec,777,Unf,0,117,894,GasA,TA,SBrkr,894,0,0,894,0,0,1,0,2,1,TA,6,Typ,0,None,Detchd,1985.0,RFn,2,600,TA,TA,Y,215,0,0,0,0,0,,None,,0,9,2009,WD,Normal,123000,0
284,284,120,RL,50.0,8012,Pave,None,Reg,Lvl,AllPub,Inside,Gtl,SawyerW,Norm,Norm,TwnhsE,1Story,6,5,1992,1992,Gable,CompShg,Plywood,ImStucc,None,0.0,Gd,TA,PConc,Gd,TA,No,GLQ,430,Unf,0,1145,1575,GasA,Gd,SBrkr,1575,0,0,1575,1,0,2,0,2,1,Gd,5,Typ,0,None,Attchd,1992.0,RFn,2,529,TA,TA,Y,0,0,52,0,0,0,,None,,0,7,2007,WD,Normal,179200,1
690,690,120,RM,69.0,4426,Pave,None,Reg,Lvl,AllPub,Inside,Gtl,CollgCr,Norm,Norm,TwnhsE,1Story,6,5,2004,2004,Gable,CompShg,VinylSd,VinylSd,BrkFace,147.0,Gd,TA,PConc,Gd,TA,Gd,GLQ,697,Unf,0,151,848,GasA,Ex,SBrkr,848,0,0,848,1,0,1,0,1,1,Gd,3,Typ,1,TA,Attchd,2004.0,RFn,2,420,TA,TA,Y,149,0,0,0,0,0,,None,,0,5,2008,WD,Normal,141000,1
1197,1197,75,RM,65.0,8850,Pave,None,IR1,Bnk,AllPub,Corner,Gtl,OldTown,Norm,Norm,1Fam,2.5Unf,7,6,1916,1950,Gable,CompShg,MetalSd,MetalSd,None,0.0,TA,TA,BrkTil,TA,TA,No,Unf,0,Unf,0,815,815,GasA,Ex,SBrkr,815,875,0,1690,0,0,1,0,3,1,TA,7,Typ,1,Gd,Detchd,1916.0,Unf,1,225,TA,TA,Y,0,0,330,0,0,0,,None,,0,7,2006,ConLw,Normal,144000,1
1367,1367,160,RM,41.0,2665,Pave,None,Reg,Lvl,AllPub,Inside,Gtl,MeadowV,Norm,Norm,TwnhsE,2Story,5,6,1977,1977,Gable,CompShg,CemntBd,CmentBd,None,0.0,TA,TA,PConc,TA,TA,No,ALQ,548,Rec,173,36,757,GasA,Ex,SBrkr,925,550,0,1475,0,0,2,0,4,1,TA,6,Typ,1,TA,Attchd,1977.0,RFn,1,336,TA,TA,Y,104,26,0,0,0,0,,None,,0,7,2006,WD,Normal,127000,0
689,689,120,RL,61.0,7577,Pave,None,IR1,Lvl,AllPub,Corner,Gtl,NridgHt,Norm,Norm,TwnhsE,1Story,6,5,2005,2006,Gable,CompShg,VinylSd,VinylSd,Stone,256.0,Gd,TA,PConc,Gd,TA,Av,ALQ,20,Unf,0,1342,1362,GasA,Ex,SBrkr,1362,0,0,1362,0,0,2,0,2,1,Gd,6,Typ,1,Gd,Attchd,2005.0,RFn,2,460,TA,TA,Y,192,28,0,0,0,0,,None,,0,6,2007,WD,Normal,194700,2
851,851,120,RL,69.0,3196,Pave,None,Reg,Lvl,AllPub,Inside,Gtl,Blmngtn,Norm,Norm,TwnhsE,1Story,8,5,2003,2003,Gable,CompShg,VinylSd,VinylSd,BrkFace,40.0,Gd,TA,PConc,Gd,TA,Gd,Unf,0,Unf,0,1273,1273,GasA,Ex,SBrkr,1456,0,0,1456,0,0,2,0,2,1,Gd,7,Typ,1,TA,Attchd,2003.0,Fin,2,400,TA,TA,Y,143,20,0,0,0,0,,None,,0,5,2006,WD,Normal,215000,2
159,159,60,RL,134.0,19378,Pave,None,IR1,HLS,AllPub,Corner,Gtl,Gilbert,Norm,Norm,1Fam,2Story,7,5,2005,2006,Gable,CompShg,VinylSd,VinylSd,BrkFace,456.0,Gd,TA,PConc,Gd,TA,Mn,GLQ,57,Unf,0,1335,1392,GasA,Ex,SBrkr,1392,1070,0,2462,1,0,2,1,4,1,Gd,9,Typ,1,Gd,Attchd,2006.0,RFn,2,576,TA,TA,Y,239,132,0,168,0,0,,None,,0,3,2006,New,Partial,320000,2
895,895,60,RL,71.0,7056,Pave,None,Reg,Lvl,AllPub,Inside,Gtl,NAmes,Norm,Norm,1Fam,2Story,6,5,1963,1963,Hip,CompShg,HdBoard,HdBoard,BrkFace,415.0,TA,TA,CBlock,TA,TA,No,BLQ,400,Unf,0,380,780,GasA,TA,SBrkr,983,813,0,1796,1,0,1,1,4,1,TA,8,Typ,1,TA,Attchd,1963.0,RFn,2,483,TA,TA,Y,0,50,0,0,0,0,,None,,0,10,2008,WD,Normal,140000,1
1192,1192,50,RM,60.0,9600,Pave,Grvl,Reg,Lvl,AllPub,Inside,Gtl,OldTown,Norm,Norm,1Fam,1.5Fin,5,8,1925,1994,Gambrel,CompShg,VinylSd,VinylSd,None,0.0,TA,TA,PConc,TA,TA,Mn,Unf,0,Unf,0,702,702,GasA,Gd,SBrkr,842,630,0,1472,0,0,1,0,3,1,Gd,6,Typ,0,None,Detchd,1925.0,Unf,1,250,TA,Fa,P,0,0,84,0,0,0,,GdWo,,0,7,2007,WD,Normal,125000,0
257,257,20,RL,68.0,8814,Pave,None,Reg,Lvl,AllPub,Inside,Gtl,CollgCr,Norm,Norm,1Fam,1Story,7,5,2006,2006,Gable,CompShg,VinylSd,VinylSd,Stone,180.0,Gd,TA,PConc,Gd,TA,No,GLQ,1334,Unf,0,270,1604,GasA,Ex,SBrkr,1604,0,0,1604,1,0,2,1,3,1,Gd,8,Typ,1,Gd,Attchd,2006.0,RFn,2,660,TA,TA,Y,123,110,0,0,0,0,,None,,0,3,2009,WD,Abnorml,220000,2
335,335,190,RL,69.0,164660,Grvl,None,IR1,HLS,AllPub,Corner,Sev,Timber,Norm,Norm,2fmCon,1.5Fin,5,6,1965,1965,Gable,CompShg,Plywood,Plywood,None,0.0,TA,TA,CBlock,TA,TA,Gd,ALQ,1249,BLQ,147,103,1499,GasA,Ex,SBrkr,1619,167,0,1786,2,0,2,0,3,1,TA,7,Typ,2,Gd,Attchd,1965.0,Fin,2,529,TA,TA,Y,670,0,0,0,0,0,,None,Shed,700,8,2008,WD,Normal,228950,2
1371,1371,80,RL,80.0,9600,Pave,None,Reg,Lvl,AllPub,Inside,Gtl,NAmes,Norm,Norm,1Fam,SLvl,6,6,1955,1996,Hip,CompShg,AsbShng,AsbShng,None,0.0,TA,TA,CBlock,TA,TA,Av,BLQ,831,Unf,0,161,992,GasA,Gd,SBrkr,1661,0,0,1661,1,0,1,0,3,1,Gd,8,Typ,1,TA,BuiltIn,1955.0,RFn,1,377,TA,TA,Y,0,28,0,0,178,0,,MnPrv,,0,10,2008,WD,Normal,165500,1
1039,1039,180,RM,21.0,1477,Pave,None,Reg,Lvl,AllPub,Inside,Gtl,MeadowV,Norm,Norm,TwnhsE,SFoyer,4,4,1970,1970,Gable,CompShg,CemntBd,CmentBd,None,0.0,TA,TA,CBlock,Gd,TA,Av,GLQ,509,Unf,0,121,630,GasA,TA,SBrkr,630,0,0,630,1,0,1,0,1,1,TA,3,Typ,0,None,Attchd,1970.0,Unf,1,286,TA,TA,Y,0,0,0,0,0,0,,None,,0,4,2009,WD,Normal,80000,0
515,515,20,RL,94.0,12220,Pave,None,Reg,Lvl,AllPub,Inside,Gtl,NridgHt,Norm,Norm,1Fam,1Story,10,5,2009,2009,Hip,CompShg,CemntBd,CmentBd,BrkFace,305.0,Ex,TA,CBlock,Ex,TA,No,GLQ,1436,Unf,0,570,2006,GasA,Ex,SBrkr,2020,0,0,2020,1,0,2,1,3,1,Ex,9,Typ,1,Gd,Attchd,2009.0,Fin,3,900,TA,TA,Y,156,54,0,0,0,0,,None,,0,9,2009,New,Partial,402861,2
1015,1015,60,RL,70.0,8400,Pave,None,Reg,Lvl,AllPub,Inside,Gtl,NWAmes,Norm,Norm,1Fam,2Story,8,6,2001,2001,Gable,CompShg,VinylSd,VinylSd,None,0.0,Gd,TA,PConc,Gd,TA,No,GLQ,643,Unf,0,167,810,GasA,Ex,SBrkr,810,855,0,1665,1,0,2,1,3,1,Gd,6,Typ,0,None,Attchd,2001.0,Fin,2,528,TA,TA,Y,0,45,0,0,0,0,,None,,0,11,2009,WD,Normal,227000,2
768,768,20,RL,70.0,9100,Pave,None,Reg,Lvl,AllPub,Inside,Gtl,CollgCr,Norm,Norm,1Fam,1Story,7,5,2004,2005,Hip,CompShg,VinylSd,VinylSd,None,0.0,Gd,TA,PConc,Gd,TA,No,GLQ,24,Unf,0,1836,1860,GasA,Ex,SBrkr,1836,0,0,1836,0,0,2,0,3,1,Gd,8,Typ,1,Gd,Attchd,2004.0,Fin,2,484,TA,TA,Y,120,33,0,0,0,0,,None,,0,10,2006,WD,Normal,216837,2
1292,1292,70,RM,60.0,6600,Pave,None,Reg,Lvl,AllPub,Corner,Gtl,OldTown,Norm,Norm,1Fam,2Story,5,4,1892,1965,Gable,CompShg,Wd Sdng,Wd Sdng,None,0.0,TA,TA,Stone,TA,TA,No,Unf,0,Unf,0,994,994,GasA,TA,SBrkr,1378,994,0,2372,0,0,2,0,4,2,TA,11,Min2,0,None,Attchd,1985.0,RFn,1,432,TA,TA,Y,0,287,0,0,0,0,,None,,0,12,2009,WD,Normal,107500,0
761,761,30,RM,60.0,6911,Pave,None,Reg,Lvl,AllPub,FR2,Gtl,BrkSide,Feedr,Norm,1Fam,1Story,5,5,1924,1950,Gable,CompShg,Wd Sdng,Wd Sdng,None,0.0,TA,TA,PConc,TA,TA,Mn,LwQ,405,Unf,0,740,1145,GasA,TA,SBrkr,1301,0,0,1301,0,0,1,0,2,1,Fa,5,Min1,0,None,Detchd,1965.0,Unf,2,440,TA,TA,Y,0,0,0,0,0,0,,None,,0,10,2009,WD,Normal,100000,0
1074,1074,20,RL,74.0,8556,Pave,None,Reg,Lvl,AllPub,Inside,Gtl,CollgCr,Norm,Norm,1Fam,1Story,7,5,2006,2006,Gable,CompShg,VinylSd,VinylSd,None,0.0,Gd,TA,PConc,Gd,TA,Av,Unf,0,Unf,0,1240,1240,GasA,Ex,SBrkr,1240,0,0,1240,0,0,2,0,2,1,Gd,5,Typ,0,None,Attchd,2006.0,RFn,3,826,TA,TA,Y,140,93,0,0,0,0,,None,,0,5,2007,WD,Normal,194000,2
521,521,20,RL,90.0,11988,Pave,None,IR1,Lvl,AllPub,Corner,Gtl,NAmes,Feedr,Norm,1Fam,1Story,6,6,1957,1957,Gable,CompShg,VinylSd,VinylSd,None,0.0,TA,TA,CBlock,TA,TA,No,Rec,777,Unf,0,467,1244,GasA,Ex,FuseA,1244,0,0,1244,0,0,1,1,3,1,TA,6,Typ,2,Gd,Attchd,1957.0,Unf,1,336,TA,TA,Y,0,40,0,0,0,0,,None,,0,5,2007,WD,Normal,150000,1
22,22,20,RL,75.0,9742,Pave,None,Reg,Lvl,AllPub,Inside,Gtl,CollgCr,Norm,Norm,1Fam,1Story,8,5,2002,2002,Hip,CompShg,VinylSd,VinylSd,BrkFace,281.0,Gd,TA,PConc,Gd,TA,No,Unf,0,Unf,0,1777,1777,GasA,Ex,SBrkr,1795,0,0,1795,0,0,2,0,3,1,Gd,7,Typ,1,Gd,Attchd,2002.0,RFn,2,534,TA,TA,Y,171,159,0,0,0,0,,None,,0,9,2008,WD,Normal,230000,2
356,356,20,RL,69.0,9248,Pave,None,IR1,Lvl,AllPub,Inside,Gtl,Gilbert,Norm,Norm,1Fam,1Story,6,6,1992,1992,Gable,CompShg,HdBoard,HdBoard,BrkFace,106.0,TA,TA,PConc,Gd,TA,No,GLQ,560,Unf,0,598,1158,GasA,Gd,SBrkr,1167,0,0,1167,1,0,2,0,3,1,Gd,6,Typ,0,None,Attchd,1992.0,RFn,2,400,TA,TA,Y,120,26,0,0,0,0,,None,,0,7,2009,WD,Normal,173000,1
1451,1451,20,RL,78.0,9262,Pave,None,Reg,Lvl,AllPub,Inside,Gtl,Somerst,Norm,Norm,1Fam,1Story,8,5,2008,2009,Gable,CompShg,CemntBd,CmentBd,Stone,194.0,Gd,TA,PConc,Gd,TA,No,Unf,0,Unf,0,1573,1573,GasA,Ex,SBrkr,1578,0,0,1578,0,0,2,0,3,1,Ex,7,Typ,1,Gd,Attchd,2008.0,Fin,3,840,TA,TA,Y,0,36,0,0,0,0,,None,,0,5,2009,New,Partial,287090,2
340,340,60,RL,85.0,14191,Pave,None,Reg,Lvl,AllPub,Inside,Gtl,Timber,Norm,Norm,1Fam,2Story,8,5,2002,2002,Gable,CompShg,VinylSd,VinylSd,None,0.0,Gd,TA,PConc,Gd,TA,No,Unf,0,Unf,0,967,967,GasA,Ex,SBrkr,993,915,0,1908,0,0,2,1,4,1,Gd,9,Typ,0,None,Attchd,2002.0,Fin,2,431,TA,TA,Y,135,0,0,0,0,0,,None,,0,4,2010,WD,Normal,202900,2
431,431,50,RM,60.0,5586,Pave,None,IR1,Bnk,AllPub,Inside,Gtl,OldTown,Feedr,Norm,1Fam,1.5Fin,6,7,1920,1998,Gable,CompShg,MetalSd,MetalSd,None,0.0,TA,TA,BrkTil,TA,TA,No,Unf,0,Unf,0,901,901,GasA,Gd,SBrkr,1088,110,0,1198,0,0,1,0,4,1,TA,7,Typ,0,None,None,1980.0,None,0,0,None,None,N,0,98,0,0,0,0,,MnPrv,,0,9,2008,ConLD,Abnorml,79900,0
473,473,20,RL,110.0,14977,Pave,None,IR1,Lvl,AllPub,Inside,Gtl,NridgHt,Norm,Norm,1Fam,1Story,8,5,2006,2007,Gable,CompShg,VinylSd,VinylSd,BrkFace,304.0,Gd,TA,PConc,Ex,TA,Gd,GLQ,1350,Unf,0,626,1976,GasA,Ex,SBrkr,1976,0,0,1976,1,0,2,0,2,1,Gd,7,Typ,1,Ex,Attchd,2006.0,RFn,3,908,TA,TA,Y,250,63,0,0,0,0,,None,,0,7,2007,New,Partial,440000,2
217,217,70,RM,57.0,9906,Pave,Grvl,Reg,Lvl,AllPub,Inside,Gtl,OldTown,Norm,Norm,1Fam,2Story,4,4,1925,1950,Gable,CompShg,MetalSd,MetalSd,None,0.0,TA,TA,CBlock,TA,TA,No,Unf,0,Unf,0,686,686,GasA,Fa,SBrkr,810,518,0,1328,0,0,1,0,3,1,TA,8,Typ,0,None,Detchd,1940.0,Unf,1,210,TA,TA,Y,0,172,60,0,0,0,,None,,0,9,2006,WD,Family,107000,0
911,911,20,RL,69.0,9286,Pave,None,IR1,Lvl,AllPub,CulDSac,Mod,CollgCr,Norm,Norm,1Fam,1Story,5,7,1977,1989,Gable,CompShg,HdBoard,Plywood,None,0.0,TA,TA,CBlock,Gd,Gd,Av,ALQ,196,Unf,0,1072,1268,GasA,TA,SBrkr,1268,0,0,1268,0,0,1,1,3,1,Gd,5,Typ,0,None,Detchd,1978.0,Unf,1,252,TA,TA,Y,173,0,0,0,0,0,,None,,0,10,2009,WD,Normal,143500,1
1172,1172,160,FV,35.0,4017,Pave,Pave,IR1,Lvl,AllPub,Inside,Gtl,Somerst,Norm,Norm,TwnhsE,2Story,7,5,2006,2007,Gable,CompShg,MetalSd,MetalSd,None,0.0,Gd,TA,PConc,Gd,TA,No,Unf,0,Unf,0,625,625,GasA,Ex,SBrkr,625,625,0,1250,0,0,2,1,2,1,Gd,5,Typ,0,None,Detchd,2006.0,Fin,2,625,TA,TA,Y,0,54,0,0,0,0,,None,,0,3,2008,WD,Normal,171900,1
1011,1011,90,RL,75.0,9825,Pave,None,Reg,Lvl,AllPub,Inside,Gtl,Edwards,Norm,Norm,Duplex,1Story,5,5,1965,1965,Hip,CompShg,AsphShn,AsphShn,None,0.0,TA,TA,CBlock,None,None,None,None,0,None,0,0,0,GasA,TA,SBrkr,1664,0,0,1664,0,0,2,0,4,2,TA,8,Typ,0,None,None,1980.0,None,0,0,None,None,Y,0,0,0,0,0,0,,None,,0,5,2010,WD,Normal,100000,0
1420,1420,60,RL,90.0,11700,Pave,None,Reg,Lvl,AllPub,Corner,Gtl,NWAmes,Norm,Norm,1Fam,2Story,6,6,1968,1968,Gable,CompShg,HdBoard,HdBoard,BrkFace,420.0,TA,TA,CBlock,TA,TA,No,ALQ,404,Unf,0,304,708,GasA,Gd,SBrkr,708,708,0,1416,0,0,2,1,3,1,TA,7,Typ,1,TA,Attchd,1968.0,RFn,2,776,TA,TA,Y,0,169,0,0,119,0,,None,,0,5,2006,WD,Normal,179900,1
93,93,190,C (all),60.0,7200,Pave,None,Reg,Lvl,AllPub,Corner,Gtl,OldTown,Norm,Norm,2fmCon,2.5Unf,6,6,1910,1998,Hip,CompShg,MetalSd,MetalSd,None,0.0,TA,TA,BrkTil,TA,Fa,Mn,Rec,1046,Unf,0,168,1214,GasW,Ex,SBrkr,1260,1031,0,2291,0,1,2,0,4,2,TA,9,Typ,1,Gd,Detchd,1900.0,Unf,2,506,TA,TA,Y,0,0,0,0,99,0,,None,,0,11,2007,WD,Normal,133900,0
1008,1008,20,RL,43.0,12118,Pave,None,IR1,Lvl,AllPub,CulDSac,Gtl,Mitchel,Norm,Norm,1Fam,1Story,7,5,2004,2005,Hip,CompShg,VinylSd,VinylSd,Stone,108.0,Gd,TA,PConc,Ex,TA,Mn,Unf,0,Unf,0,1710,1710,GasA,Ex,SBrkr,1710,0,0,1710,0,0,2,0,3,1,Gd,7,Typ,1,Gd,Attchd,2004.0,Fin,2,550,TA,TA,Y,100,48,0,0,180,0,,None,,0,4,2009,WD,Normal,240000,2
696,696,30,RM,50.0,6000,Pave,None,Reg,Lvl,AllPub,Inside,Gtl,BrkSide,Norm,Norm,1Fam,1Story,5,7,1921,1950,Gable,CompShg,Wd Sdng,Wd Shng,None,0.0,TA,TA,CBlock,TA,TA,No,LwQ,616,Unf,0,0,616,GasA,Gd,SBrkr,616,0,0,616,0,0,1,0,2,1,TA,4,Typ,0,None,Detchd,1921.0,Unf,1,205,TA,TA,Y,0,0,129,0,0,0,,None,,0,6,2006,WD,Normal,89000,0
996,996,20,RL,69.0,10659,Pave,None,IR1,Lvl,AllPub,Inside,Gtl,NAmes,Norm,Norm,1Fam,1Story,5,6,1961,1961,Hip,CompShg,Wd Sdng,Wd Sdng,None,0.0,TA,TA,CBlock,TA,TA,No,Rec,915,Unf,0,135,1050,GasA,TA,SBrkr,1050,0,0,1050,1,0,1,0,3,1,TA,6,Typ,0,None,Attchd,1961.0,Unf,1,368,TA,TA,Y,0,319,0,0,0,0,,None,,0,1,2006,COD,Normal,136500,0
153,153,20,RL,69.0,13500,Pave,None,Reg,Lvl,AllPub,Inside,Gtl,ClearCr,Norm,Norm,1Fam,1Story,6,7,1960,1975,Flat,CompShg,BrkFace,Plywood,None,0.0,TA,TA,CBlock,Gd,TA,Gd,BLQ,429,ALQ,1080,93,1602,GasA,Gd,SBrkr,1252,0,0,1252,1,0,1,0,1,1,TA,4,Typ,1,Gd,Attchd,1960.0,RFn,2,564,TA,TA,Y,409,0,0,0,0,0,,None,,0,3,2008,WD,Normal,235000,2
1307,1307,20,RL,60.0,8072,Pave,None,Reg,Lvl,AllPub,Inside,Gtl,CollgCr,Norm,Norm,1Fam,1Story,5,5,1994,1995,Gable,CompShg,VinylSd,VinylSd,None,0.0,TA,Gd,PConc,Gd,Gd,No,ALQ,746,Unf,0,244,990,GasA,Ex,SBrkr,990,0,0,990,1,0,1,0,3,1,TA,5,Typ,0,None,Detchd,2000.0,Unf,2,480,TA,TA,Y,0,64,0,0,0,0,,None,,0,5,2009,WD,Normal,138000,0
1458,1458,20,RL,68.0,9717,Pave,None,Reg,Lvl,AllPub,Inside,Gtl,NAmes,Norm,Norm,1Fam,1Story,5,6,1950,1996,Hip,CompShg,MetalSd,MetalSd,None,0.0,TA,TA,CBlock,TA,TA,Mn,GLQ,49,Rec,1029,0,1078,GasA,Gd,FuseA,1078,0,0,1078,1,0,1,0,2,1,Gd,5,Typ,0,None,Attchd,1950.0,Unf,1,240,TA,TA,Y,366,0,112,0,0,0,,None,,0,4,2010,WD,Normal,142125,1
789,789,60,RL,69.0,12205,Pave,None,IR1,Low,AllPub,Inside,Gtl,ClearCr,Norm,Norm,1Fam,2Story,6,8,1966,2007,Gable,CompShg,HdBoard,HdBoard,BrkFace,157.0,TA,TA,CBlock,TA,Fa,Gd,LwQ,568,Unf,0,264,832,GasA,Gd,SBrkr,976,1111,0,2087,0,0,2,1,5,1,Gd,9,Typ,0,None,Attchd,1966.0,Fin,2,444,TA,TA,Y,133,168,0,0,0,0,,None,,0,7,2007,WD,Normal,187500,1
580,580,20,RL,69.0,14585,Pave,None,IR1,Lvl,AllPub,CulDSac,Gtl,NAmes,Norm,Norm,1Fam,1Story,6,6,1960,1987,Gable,CompShg,Wd Sdng,Wd Sdng,BrkFace,85.0,TA,TA,CBlock,TA,TA,No,BLQ,594,Rec,219,331,1144,GasA,Ex,SBrkr,1429,0,0,1429,0,1,1,0,3,1,Gd,7,Typ,2,Gd,Attchd,1960.0,Unf,2,572,TA,TA,Y,216,110,0,0,0,0,,None,,0,6,2007,WD,Normal,181900,1
703,703,190,RM,76.0,7630,Pave,None,Reg,Lvl,AllPub,Inside,Gtl,OldTown,Feedr,Norm,2fmCon,2Story,5,9,1900,1996,Gable,CompShg,Wd Sdng,Wd Sdng,None,0.0,TA,Gd,BrkTil,Gd,TA,No,Unf,0,Unf,0,360,360,GasA,Gd,SBrkr,1032,780,0,1812,0,0,2,0,4,2,Gd,8,Typ,1,Po,Detchd,1999.0,Unf,2,672,TA,TA,N,344,0,40,0,0,0,,MnPrv,,0,5,2010,WD,Normal,140000,1
1225,1225,80,RL,65.0,10482,Pave,None,Reg,Lvl,AllPub,Inside,Gtl,NAmes,Norm,Norm,1Fam,SLvl,6,8,1958,1958,Hip,CompShg,VinylSd,VinylSd,BrkFace,63.0,TA,Gd,CBlock,TA,TA,Av,GLQ,507,Unf,0,81,588,GasA,Ex,SBrkr,1138,0,0,1138,0,1,1,0,3,1,TA,6,Typ,0,None,Attchd,1958.0,RFn,1,264,TA,TA,Y,224,0,0,0,0,0,,MnWw,,0,6,2007,WD,Normal,145000,1
487,487,20,RL,70.0,12243,Pave,None,IR1,Lvl,AllPub,Inside,Gtl,NWAmes,Norm,Norm,1Fam,1Story,5,6,1971,1971,Gable,CompShg,Plywood,Plywood,None,0.0,TA,TA,CBlock,Gd,TA,Av,ALQ,998,Unf,0,486,1484,GasA,Gd,SBrkr,1484,0,0,1484,0,0,2,0,3,1,TA,7,Typ,1,TA,Attchd,1971.0,Unf,2,487,TA,TA,Y,224,0,0,0,180,0,,None,,0,2,2007,WD,Normal,175000,1
559,559,120,RL,69.0,3196,Pave,None,Reg,Lvl,AllPub,Inside,Gtl,Blmngtn,Norm,Norm,TwnhsE,1Story,7,5,2003,2004,Gable,CompShg,VinylSd,VinylSd,BrkFace,18.0,Gd,TA,PConc,Gd,TA,Gd,Unf,0,Unf,0,1374,1374,GasA,Ex,SBrkr,1557,0,0,1557,0,0,2,0,2,1,Gd,7,Typ,1,TA,Attchd,2003.0,Fin,2,420,TA,TA,Y,143,20,0,0,0,0,,None,,0,10,2006,WD,Normal,234000,2
801,801,30,RM,40.0,4800,Pave,None,Reg,Lvl,AllPub,Inside,Gtl,IDOTRR,Norm,Norm,1Fam,1Story,4,7,1916,1990,Gable,CompShg,MetalSd,MetalSd,None,0.0,TA,TA,CBlock,TA,TA,No,LwQ,197,Unf,0,999,1196,GasA,Ex,FuseA,1196,0,0,1196,1,0,1,0,2,1,TA,5,Typ,0,None,Detchd,1957.0,Unf,2,440,TA,TA,Y,0,0,0,0,0,0,,None,,0,7,2007,WD,Normal,109900,0
512,512,20,RL,70.0,9100,Pave,None,Reg,Lvl,AllPub,Corner,Gtl,NAmes,Feedr,Norm,1Fam,1Story,5,5,1958,1958,Gable,CompShg,VinylSd,VinylSd,None,0.0,TA,TA,CBlock,TA,TA,No,BLQ,521,LwQ,174,169,864,GasA,TA,SBrkr,864,0,0,864,1,0,1,0,3,1,TA,5,Typ,0,None,Detchd,1964.0,Unf,2,624,TA,TA,Y,0,0,0,0,0,0,,None,,0,7,2006,WD,Normal,129900,0
633,633,20,RL,80.0,9250,Pave,None,Reg,Lvl,AllPub,Corner,Gtl,NAmes,Norm,Norm,1Fam,1Story,5,7,1954,2005,Gable,CompShg,Wd Sdng,Wd Sdng,None,0.0,TA,TA,CBlock,TA,TA,No,BLQ,480,LwQ,468,108,1056,GasA,TA,SBrkr,1056,0,0,1056,0,1,1,0,3,1,TA,6,Typ,0,None,Attchd,1954.0,Unf,1,260,TA,TA,Y,390,0,0,0,0,0,,None,,0,7,2007,WD,Normal,139400,1
1302,1302,60,RL,92.0,10120,Pave,None,Reg,Lvl,AllPub,Inside,Gtl,NoRidge,Norm,Norm,1Fam,2Story,8,5,1994,1994,Hip,CompShg,VinylSd,VinylSd,BrkFace,391.0,Gd,TA,PConc,Gd,TA,No,GLQ,740,Unf,0,425,1165,GasA,Ex,SBrkr,1203,1323,0,2526,1,0,2,1,4,1,Gd,8,Typ,1,TA,Attchd,1994.0,RFn,3,844,TA,TA,Y,309,78,0,0,0,0,,None,,0,12,2006,WD,Normal,290000,2
790,790,120,RL,43.0,3182,Pave,None,Reg,Lvl,AllPub,Inside,Gtl,Blmngtn,Norm,Norm,TwnhsE,1Story,7,5,2005,2006,Gable,CompShg,VinylSd,VinylSd,BrkFace,11.0,Gd,TA,PConc,Gd,TA,No,GLQ,16,Unf,0,1129,1145,GasA,Ex,SBrkr,1145,0,0,1145,0,0,2,0,2,1,Gd,5,Typ,1,Gd,Attchd,2005.0,Fin,2,397,TA,TA,Y,100,16,0,0,0,0,,None,,0,9,2009,WD,Normal,160200,1
116,116,20,RL,69.0,11616,Pave,None,Reg,Lvl,AllPub,Inside,Gtl,Sawyer,Norm,Norm,1Fam,1Story,5,5,1962,1962,Gable,CompShg,Wd Sdng,Wd Sdng,BrkFace,116.0,TA,TA,CBlock,TA,TA,No,LwQ,170,BLQ,670,252,1092,GasA,TA,SBrkr,1092,0,0,1092,0,1,1,0,3,1,TA,6,Typ,1,Po,Attchd,1962.0,Unf,1,288,TA,TA,Y,0,20,144,0,0,0,,None,,0,9,2009,WD,Normal,139000,0
740,740,70,RM,60.0,9600,Pave,Grvl,Reg,Lvl,AllPub,Inside,Gtl,OldTown,Norm,Norm,1Fam,2Story,5,7,1910,2002,Gable,CompShg,Wd Sdng,Wd Shng,None,0.0,TA,Gd,BrkTil,Fa,Fa,No,Unf,0,Unf,0,264,264,GasA,Ex,SBrkr,768,664,0,1432,0,0,2,0,2,1,TA,7,Typ,0,None,Detchd,1910.0,Unf,2,360,TA,Gd,Y,270,0,112,0,0,0,,GdPrv,,0,5,2007,WD,Abnorml,132000,0
830,830,20,RL,80.0,11900,Pave,None,IR1,Lvl,AllPub,Corner,Gtl,NAmes,Norm,Norm,1Fam,1Story,6,5,1957,1957,Gable,CompShg,HdBoard,HdBoard,BrkFace,387.0,TA,TA,CBlock,TA,TA,No,Rec,1040,Unf,0,352,1392,GasA,TA,FuseA,1392,0,0,1392,1,0,1,1,3,1,TA,6,Typ,2,Gd,Attchd,1957.0,RFn,2,458,TA,TA,Y,0,0,0,0,192,0,,None,,0,6,2008,WD,Normal,166000,1
119,119,60,RL,65.0,8461,Pave,None,Reg,Lvl,AllPub,Inside,Gtl,CollgCr,Norm,Norm,1Fam,2Story,6,5,2005,2006,Gable,CompShg,VinylSd,VinylSd,None,0.0,Gd,TA,PConc,Gd,TA,No,Unf,0,Unf,0,728,728,GasA,Ex,SBrkr,728,728,0,1456,0,0,2,1,3,1,Gd,8,Typ,1,Gd,Attchd,2005.0,Fin,2,390,TA,TA,Y,0,24,0,0,0,0,,None,,0,7,2006,New,Partial,163990,1
656,656,20,RL,72.0,10007,Pave,None,IR1,Lvl,AllPub,Inside,Gtl,NAmes,Norm,Norm,1Fam,1Story,5,7,1959,2006,Gable,CompShg,HdBoard,HdBoard,BrkFace,54.0,Gd,TA,CBlock,TA,TA,No,ALQ,806,Unf,0,247,1053,GasA,Ex,SBrkr,1053,0,0,1053,1,0,1,1,3,1,Gd,5,Typ,0,None,Attchd,1959.0,RFn,1,312,TA,TA,Y,0,0,0,0,0,0,,MnPrv,,0,8,2008,WD,Normal,145500,1
635,635,190,RH,60.0,10896,Pave,Pave,Reg,Bnk,AllPub,Inside,Gtl,SWISU,Feedr,Norm,2fmCon,2.5Fin,6,7,1914,1995,Hip,CompShg,VinylSd,VinylSd,None,0.0,Fa,TA,CBlock,TA,Fa,No,LwQ,256,Unf,0,1184,1440,GasA,Ex,FuseA,1440,1440,515,3395,0,0,2,0,8,2,Fa,14,Typ,0,None,None,1980.0,None,0,0,None,None,N,0,110,0,0,0,0,,None,,0,3,2007,WD,Abnorml,200000,2
369,369,20,RL,69.0,9830,Pave,None,IR1,Lvl,AllPub,Corner,Gtl,NAmes,Norm,Norm,1Fam,1Story,5,7,1959,2006,Gable,CompShg,Wd Sdng,Wd Sdng,None,0.0,TA,Gd,CBlock,TA,TA,No,ALQ,72,Rec,258,733,1063,GasA,Ex,SBrkr,1287,0,0,1287,1,0,1,0,3,1,Gd,7,Typ,1,Gd,Detchd,1997.0,Fin,2,576,TA,TA,Y,364,17,0,0,182,0,,None,,0,3,2010,WD,Normal,162000,1
268,268,30,RM,71.0,6900,Pave,None,Reg,Lvl,AllPub,Inside,Gtl,IDOTRR,Norm,Norm,1Fam,1Story,5,6,1940,1955,Gable,CompShg,VinylSd,VinylSd,None,0.0,TA,TA,CBlock,TA,TA,No,ALQ,403,Rec,125,212,740,GasA,Ex,SBrkr,778,0,0,778,0,0,1,0,2,1,TA,4,Typ,1,Gd,Detchd,1966.0,Fin,1,924,Ex,Ex,Y,0,25,0,0,0,0,,None,,0,2,2008,WD,Normal,120500,0
655,655,160,RM,21.0,1680,Pave,None,Reg,Lvl,AllPub,Inside,Gtl,BrDale,Norm,Norm,Twnhs,2Story,6,5,1971,1971,Gable,CompShg,HdBoard,ImStucc,BrkFace,381.0,TA,TA,CBlock,TA,TA,No,Unf,0,Unf,0,525,525,GasA,TA,SBrkr,525,567,0,1092,0,0,1,1,3,1,TA,6,Typ,0,None,Detchd,1971.0,Unf,1,264,TA,TA,Y,0,0,0,0,0,0,,None,,0,3,2010,WD,Family,88000,0
935,935,30,RL,52.0,5825,Pave,None,IR1,Lvl,AllPub,Inside,Gtl,BrkSide,Norm,Norm,1Fam,1Story,4,5,1926,1953,Gable,CompShg,MetalSd,MetalSd,BrkFace,108.0,TA,Gd,PConc,Fa,TA,Mn,Unf,0,Unf,0,600,600,GasA,Gd,SBrkr,747,0,0,747,0,0,1,0,1,1,TA,5,Typ,0,None,Detchd,1953.0,Unf,2,528,TA,TA,Y,0,0,32,0,0,0,,None,,0,6,2006,WD,Normal,79900,0
822,822,60,RL,69.0,12394,Pave,None,IR1,Lvl,AllPub,Corner,Gtl,Gilbert,Norm,Norm,1Fam,2Story,7,5,2003,2003,Gable,CompShg,VinylSd,VinylSd,None,0.0,Gd,TA,PConc,Gd,TA,Gd,Unf,0,Unf,0,847,847,GasA,Ex,SBrkr,847,886,0,1733,0,0,2,1,3,1,Gd,7,Typ,1,Gd,BuiltIn,2003.0,Fin,2,433,TA,TA,Y,100,48,0,0,0,0,,None,,0,10,2007,WD,Family,225000,2
866,866,20,RL,67.0,10656,Pave,None,IR1,HLS,AllPub,Inside,Gtl,Timber,Norm,Norm,1Fam,1Story,8,5,2006,2007,Gable,CompShg,VinylSd,VinylSd,Stone,274.0,Gd,TA,PConc,Gd,TA,Av,Unf,0,Unf,0,1638,1638,GasA,Ex,SBrkr,1646,0,0,1646,0,0,2,0,3,1,Gd,6,Typ,1,Gd,Attchd,2007.0,RFn,3,870,TA,TA,Y,192,80,0,0,0,0,,None,,0,11,2007,New,Partial,248900,2
46,46,50,RL,48.0,12822,Pave,None,IR1,Lvl,AllPub,CulDSac,Gtl,Mitchel,Norm,Norm,1Fam,1.5Fin,7,5,2003,2003,Gable,CompShg,VinylSd,VinylSd,None,0.0,Gd,TA,PConc,Ex,TA,No,GLQ,1351,Unf,0,83,1434,GasA,Ex,SBrkr,1518,631,0,2149,1,0,1,1,1,1,Gd,6,Typ,1,Ex,Attchd,2003.0,RFn,2,670,TA,TA,Y,168,43,0,0,198,0,,None,,0,8,2009,WD,Abnorml,239686,2
1287,1287,20,RL,69.0,36500,Pave,None,IR1,Low,AllPub,Inside,Mod,ClearCr,Norm,Norm,1Fam,1Story,5,5,1964,1964,Gable,CompShg,Wd Sdng,Wd Sdng,BrkCmn,621.0,TA,Gd,CBlock,TA,TA,Av,Rec,812,Unf,0,812,1624,GasA,Fa,SBrkr,1582,0,0,1582,0,1,2,0,4,1,TA,7,Typ,0,None,Attchd,1964.0,Unf,2,390,TA,TA,N,168,198,0,0,0,0,,None,,0,6,2006,WD,Normal,190000,2
991,991,70,RM,121.0,17671,Pave,Grvl,Reg,Lvl,AllPub,Corner,Gtl,OldTown,Artery,Norm,1Fam,2Story,8,9,1882,1986,Gable,CompShg,Wd Sdng,Wd Sdng,None,0.0,Gd,Gd,BrkTil,TA,TA,No,BLQ,216,Unf,0,700,916,GasA,Gd,SBrkr,916,826,0,1742,0,0,1,1,4,1,Gd,8,Typ,1,Gd,Attchd,1925.0,Unf,2,424,TA,TA,P,0,169,0,0,0,0,,None,,0,11,2009,WD,Normal,168000,1
876,876,20,RL,94.0,25286,Pave,None,Reg,HLS,AllPub,Inside,Mod,Mitchel,Norm,Norm,1Fam,1Story,4,5,1963,1963,Gable,CompShg,HdBoard,Plywood,None,0.0,TA,TA,PConc,TA,TA,Gd,ALQ,633,Unf,0,431,1064,GasA,Gd,SBrkr,1040,0,0,1040,1,0,1,0,3,1,TA,5,Typ,0,None,Attchd,1963.0,Unf,2,648,TA,TA,Y,0,0,0,0,0,0,,None,,0,1,2007,WD,Normal,132250,0
773,773,20,RL,70.0,10150,Pave,None,Reg,Lvl,AllPub,Inside,Gtl,NAmes,Feedr,Norm,1Fam,1Story,5,5,1958,1958,Gable,CompShg,Wd Sdng,Wd Sdng,None,1.0,TA,TA,CBlock,TA,TA,No,Rec,456,Unf,0,456,912,GasA,Ex,FuseA,912,0,0,912,0,0,1,0,2,1,TA,5,Typ,0,None,Attchd,1958.0,RFn,1,275,TA,TA,Y,0,0,0,0,0,0,,None,,0,7,2007,COD,Normal,114500,0
4,4,60,RL,84.0,14260,Pave,None,IR1,Lvl,AllPub,FR2,Gtl,NoRidge,Norm,Norm,1Fam,2Story,8,5,2000,2000,Gable,CompShg,VinylSd,VinylSd,BrkFace,350.0,Gd,TA,PConc,Gd,TA,Av,GLQ,655,Unf,0,490,1145,GasA,Ex,SBrkr,1145,1053,0,2198,1,0,2,1,4,1,Gd,9,Typ,1,TA,Attchd,2000.0,RFn,3,836,TA,TA,Y,192,84,0,0,0,0,,None,,0,12,2008,WD,Normal,250000,2
1003,1003,90,RL,69.0,11500,Pave,None,IR1,Lvl,AllPub,Corner,Gtl,NWAmes,Feedr,RRAn,Duplex,1Story,5,6,1976,1976,Gable,CompShg,VinylSd,VinylSd,BrkFace,164.0,TA,TA,CBlock,TA,TA,No,Unf,0,Unf,0,1680,1680,GasA,Fa,SBrkr,1680,0,0,1680,0,0,2,0,4,2,TA,8,Typ,0,None,Detchd,1976.0,Unf,2,528,TA,TA,Y,0,0,0,0,0,0,,None,,0,6,2007,WD,Normal,136905,0
1268,1268,50,RL,69.0,14100,Pave,None,IR1,Lvl,AllPub,Inside,Mod,Crawfor,Norm,Norm,1Fam,1.5Fin,8,9,1935,1997,Gable,CompShg,Stucco,Stucco,BrkFace,632.0,TA,Gd,CBlock,TA,TA,Mn,Rec,192,Unf,0,536,728,GasA,Ex,SBrkr,1968,1479,0,3447,0,0,3,1,4,1,Gd,11,Typ,2,Gd,BuiltIn,1982.0,Unf,3,1014,TA,TA,Y,314,12,0,0,0,0,,GdWo,,0,5,2008,WD,Normal,381000,2
263,263,50,RM,50.0,5500,Pave,None,Reg,Lvl,AllPub,Corner,Gtl,OldTown,Norm,Norm,1Fam,1.5Fin,5,7,1929,2001,Gable,CompShg,Wd Sdng,Wd Sdng,None,0.0,TA,TA,BrkTil,TA,TA,No,LwQ,234,ALQ,692,0,926,GasA,TA,SBrkr,926,0,390,1316,1,0,1,0,3,1,TA,6,Typ,0,None,Detchd,1974.0,Unf,2,484,TA,TA,Y,0,0,0,0,0,0,,None,,0,4,2010,WD,Normal,130000,0
1360,1360,70,RL,51.0,9842,Pave,None,Reg,Lvl,AllPub,Inside,Gtl,SWISU,Feedr,Norm,1Fam,2Story,5,6,1921,1998,Gable,CompShg,MetalSd,Wd Sdng,None,0.0,TA,TA,BrkTil,TA,Fa,No,Unf,0,Unf,0,612,612,GasA,Ex,SBrkr,990,1611,0,2601,0,0,3,1,4,1,TA,8,Typ,0,None,BuiltIn,1998.0,RFn,2,621,TA,TA,Y,183,0,301,0,0,0,,None,,0,5,2008,WD,Normal,189000,1
1334,1334,160,RM,24.0,2368,Pave,None,Reg,Lvl,AllPub,Inside,Gtl,BrDale,Norm,Norm,TwnhsE,2Story,5,6,1970,1970,Gable,CompShg,HdBoard,HdBoard,None,312.0,TA,TA,CBlock,TA,TA,No,LwQ,765,Unf,0,0,765,GasA,TA,SBrkr,765,600,0,1365,0,0,1,1,3,1,TA,7,Min1,0,None,Attchd,1970.0,Unf,2,440,TA,TA,Y,0,36,0,0,0,0,,None,,0,5,2009,WD,Normal,125000,0
443,443,120,RL,53.0,3922,Pave,None,Reg,Lvl,AllPub,Inside,Gtl,Blmngtn,Norm,Norm,TwnhsE,1Story,7,5,2006,2007,Gable,CompShg,WdShing,Wd Shng,BrkFace,72.0,Gd,TA,PConc,Ex,TA,Av,Unf,0,Unf,0,1258,1258,GasA,Ex,SBrkr,1258,0,0,1258,0,0,2,0,2,1,Gd,6,Typ,1,Gd,Attchd,2007.0,Fin,3,648,TA,TA,Y,144,16,0,0,0,0,,None,,0,6,2007,New,Partial,172500,1
1002,1002,20,RL,75.0,11957,Pave,None,IR1,Lvl,AllPub,Inside,Gtl,Somerst,RRAn,Norm,1Fam,1Story,8,5,2006,2006,Gable,CompShg,VinylSd,VinylSd,BrkFace,53.0,Gd,TA,PConc,Gd,TA,No,GLQ,24,Unf,0,1550,1574,GasA,Ex,SBrkr,1574,0,0,1574,0,0,2,0,3,1,Gd,7,Typ,1,Gd,Attchd,2006.0,RFn,3,824,TA,TA,Y,144,104,0,0,0,0,,None,,0,7,2008,WD,Normal,232000,2
1077,1077,20,RL,69.0,15870,Pave,None,IR1,Lvl,AllPub,Corner,Gtl,NAmes,Norm,Norm,1Fam,1Story,5,5,1969,1969,Gable,CompShg,VinylSd,Plywood,None,0.0,TA,TA,CBlock,TA,TA,Mn,BLQ,75,Rec,791,230,1096,GasA,Ex,SBrkr,1096,0,0,1096,1,0,1,0,3,1,TA,6,Typ,0,None,Attchd,1969.0,Fin,1,299,TA,TA,Y,240,32,0,0,0,0,,None,,0,3,2006,WD,Abnorml,138800,0
837,837,160,RM,21.0,1680,Pave,None,Reg,Lvl,AllPub,Inside,Gtl,BrDale,Norm,Norm,Twnhs,2Story,6,5,1973,1973,Gable,CompShg,HdBoard,HdBoard,BrkFace,158.0,TA,TA,CBlock,TA,TA,No,BLQ,330,Unf,0,153,483,GasA,TA,SBrkr,483,504,0,987,1,0,1,1,2,1,TA,5,Typ,0,None,Detchd,1973.0,Unf,1,264,TA,TA,Y,0,0,0,0,0,0,,None,,0,11,2008,WD,Normal,100000,0
1304,1304,160,RM,32.0,3363,Pave,None,Reg,Lvl,AllPub,Inside,Gtl,Edwards,Norm,Norm,TwnhsE,2Story,7,5,2004,2004,Gable,CompShg,VinylSd,VinylSd,Stone,117.0,Gd,TA,PConc,Gd,TA,No,Unf,0,Unf,0,976,976,GasA,Ex,SBrkr,976,732,0,1708,0,0,2,0,3,1,Gd,7,Maj1,0,None,Detchd,2004.0,Unf,2,380,TA,TA,Y,0,40,0,0,0,0,,None,,0,4,2006,WD,Normal,130000,0
304,304,75,RM,87.0,18386,Pave,None,Reg,Lvl,AllPub,Inside,Gtl,OldTown,Norm,Norm,1Fam,2.5Fin,7,9,1880,2002,Gable,CompShg,CemntBd,CmentBd,None,0.0,TA,TA,BrkTil,TA,TA,No,Unf,0,Unf,0,1470,1470,GasA,Ex,SBrkr,1675,1818,0,3493,0,0,3,0,3,1,Gd,10,Typ,1,Ex,Attchd,2003.0,Unf,3,870,TA,TA,Y,302,0,0,0,0,0,,None,,0,5,2008,WD,Normal,295000,2
1211,1211,50,RL,152.0,12134,Pave,None,IR1,Bnk,AllPub,Inside,Mod,Gilbert,Norm,Norm,1Fam,1.5Fin,8,7,1988,2005,Gable,CompShg,Wd Sdng,Wd Sdng,None,0.0,Gd,TA,Wood,Gd,TA,Av,GLQ,427,Unf,0,132,559,GasA,Gd,SBrkr,1080,672,0,1752,0,0,2,0,4,1,TA,8,Typ,0,None,Basment,1988.0,RFn,2,492,TA,TA,Y,325,12,0,0,0,0,,None,,0,6,2010,WD,Normal,164000,1
313,313,20,RL,150.0,215245,Pave,None,IR3,Low,AllPub,Inside,Sev,Timber,Norm,Norm,1Fam,1Story,7,5,1965,1965,Hip,CompShg,BrkFace,BrkFace,None,0.0,TA,TA,CBlock,Gd,TA,Gd,ALQ,1236,Rec,820,80,2136,GasW,TA,SBrkr,2036,0,0,2036,2,0,2,0,3,1,TA,8,Typ,2,Gd,Attchd,1965.0,RFn,2,513,TA,TA,Y,0,0,0,0,0,0,,None,,0,6,2009,WD,Normal,375000,2
149,149,50,RM,69.0,6240,Pave,None,Reg,Lvl,AllPub,Inside,Gtl,BrkSide,Norm,Norm,1Fam,1.5Fin,5,4,1936,1950,Gable,CompShg,MetalSd,MetalSd,None,0.0,TA,TA,BrkTil,Gd,TA,No,Unf,0,Unf,0,896,896,GasA,Gd,FuseA,896,448,0,1344,0,0,1,0,3,1,TA,7,Typ,0,None,Detchd,1936.0,Unf,1,240,Fa,TA,Y,200,114,0,0,0,0,,None,,0,4,2006,WD,Normal,115000,0
574,574,80,RL,70.0,10500,Pave,None,Reg,Lvl,AllPub,FR2,Gtl,NAmes,Norm,Norm,1Fam,SLvl,5,7,1971,2005,Gambrel,CompShg,MetalSd,AsphShn,BrkFace,82.0,TA,TA,CBlock,TA,TA,Av,ALQ,349,Unf,0,23,372,GasA,TA,SBrkr,576,533,0,1109,0,1,1,0,3,1,TA,5,Typ,0,None,BuiltIn,1971.0,Unf,1,288,TA,TA,Y,35,0,0,0,0,0,,GdWo,,0,12,2007,WD,Normal,139000,0
50,50,60,RL,69.0,13869,Pave,None,IR2,Lvl,AllPub,Corner,Gtl,Gilbert,Norm,Norm,1Fam,2Story,6,6,1997,1997,Gable,CompShg,VinylSd,VinylSd,None,0.0,TA,TA,PConc,Gd,TA,Av,GLQ,182,Unf,0,612,794,GasA,Gd,SBrkr,794,676,0,1470,0,1,2,0,3,1,TA,6,Typ,0,None,Attchd,1997.0,Fin,2,388,TA,TA,Y,0,75,0,0,0,0,,None,,0,7,2007,WD,Normal,177000,1
1140,1140,20,RL,60.0,7350,Pave,None,Reg,Lvl,AllPub,Corner,Gtl,NAmes,Norm,Norm,1Fam,1Story,5,7,1951,1951,Gable,CompShg,HdBoard,HdBoard,None,0.0,TA,TA,CBlock,TA,TA,Mn,ALQ,852,Unf,0,100,952,GasA,TA,SBrkr,952,0,0,952,1,0,1,0,2,1,TA,4,Typ,0,None,Detchd,1988.0,Unf,2,840,TA,TA,Y,0,0,0,0,0,0,,None,,0,6,2008,COD,Abnorml,139000,0
726,726,20,RL,69.0,21695,Pave,None,IR1,Lvl,AllPub,Corner,Gtl,Crawfor,Norm,Norm,1Fam,1Story,6,9,1988,2007,Hip,CompShg,Wd Sdng,Plywood,BrkFace,260.0,Gd,Gd,CBlock,Gd,TA,No,GLQ,808,Unf,0,72,880,GasA,Ex,SBrkr,1680,0,0,1680,1,0,2,0,3,1,Gd,5,Typ,1,Gd,Attchd,1988.0,Fin,2,540,TA,TA,Y,292,44,0,182,0,0,,None,,0,12,2009,WD,Normal,222000,2
833,833,20,RL,100.0,10004,Pave,None,Reg,Lvl,AllPub,Inside,Gtl,NAmes,Norm,Norm,1Fam,1Story,6,6,1964,1964,Gable,CompShg,HdBoard,Plywood,BrkFace,180.0,TA,TA,CBlock,TA,TA,No,Rec,196,BLQ,345,975,1516,GasA,TA,SBrkr,1516,0,0,1516,0,0,1,1,3,1,TA,6,Typ,0,None,Attchd,1964.0,RFn,2,472,TA,TA,Y,0,0,0,0,152,0,,None,,0,2,2009,WD,Normal,167000,1
1115,1115,20,RL,93.0,12085,Pave,None,Reg,Lvl,AllPub,Inside,Gtl,NridgHt,Norm,Norm,1Fam,1Story,8,5,2007,2007,Hip,CompShg,VinylSd,VinylSd,Stone,328.0,Gd,TA,PConc,Ex,TA,No,GLQ,1004,Unf,0,730,1734,GasA,Ex,SBrkr,1734,0,0,1734,1,0,2,0,3,1,Ex,7,Typ,1,Gd,Attchd,2007.0,RFn,3,928,TA,TA,Y,0,0,0,0,0,0,,None,,0,11,2007,New,Partial,318000,2
470,470,120,RL,69.0,6820,Pave,None,IR1,Lvl,AllPub,Corner,Gtl,StoneBr,Norm,Norm,TwnhsE,1Story,8,5,1985,1985,Gable,CompShg,HdBoard,HdBoard,None,0.0,Gd,TA,PConc,Gd,TA,Av,GLQ,368,BLQ,1120,0,1488,GasA,TA,SBrkr,1502,0,0,1502,1,0,1,1,1,1,Gd,4,Typ,0,None,Attchd,1985.0,RFn,2,528,TA,TA,Y,0,54,0,0,140,0,,None,,0,6,2010,WD,Normal,212000,2
971,971,160,RL,36.0,2268,Pave,None,Reg,Lvl,AllPub,Inside,Gtl,NridgHt,Norm,Norm,Twnhs,2Story,7,5,2003,2004,Gable,CompShg,VinylSd,Wd Shng,Stone,106.0,Gd,TA,PConc,Gd,TA,No,GLQ,567,Unf,0,197,764,GasA,Ex,SBrkr,764,862,0,1626,0,0,2,0,2,1,Gd,6,Typ,0,None,BuiltIn,2003.0,RFn,2,474,TA,TA,Y,0,27,0,0,0,0,,None,,0,7,2009,WD,Normal,173000,1
653,653,50,RM,60.0,10320,Pave,Grvl,Reg,Lvl,AllPub,Inside,Gtl,IDOTRR,Norm,Norm,1Fam,1.5Fin,6,7,1906,1995,Gable,CompShg,MetalSd,MetalSd,None,0.0,TA,TA,CBlock,TA,TA,No,Unf,0,Unf,0,756,756,GasA,Ex,SBrkr,756,713,0,1469,0,0,1,0,3,1,TA,7,Typ,0,None,Detchd,1906.0,Unf,1,216,TA,TA,Y,57,0,239,0,0,0,,MnPrv,,0,6,2008,WD,Normal,135000,0
399,399,60,FV,65.0,8125,Pave,None,Reg,Lvl,AllPub,Inside,Gtl,Somerst,Norm,Norm,1Fam,2Story,7,5,2006,2007,Gable,CompShg,CemntBd,CmentBd,Stone,100.0,Gd,TA,PConc,Gd,TA,No,GLQ,812,Unf,0,280,1092,GasA,Ex,SBrkr,1112,438,0,1550,1,0,2,0,2,1,Gd,7,Typ,0,None,Attchd,2007.0,Fin,2,438,TA,TA,Y,0,168,0,0,0,0,,None,,0,10,2009,WD,Normal,241000,2
511,511,120,RL,40.0,6792,Pave,None,IR1,Lvl,AllPub,Inside,Gtl,NridgHt,Norm,Norm,TwnhsE,1Story,7,5,2005,2006,Gable,CompShg,VinylSd,VinylSd,Stone,94.0,Gd,TA,PConc,Gd,TA,No,Unf,0,Unf,0,1368,1368,GasA,Ex,SBrkr,1368,0,0,1368,0,0,2,0,2,1,Gd,6,Typ,1,Gd,Attchd,2005.0,RFn,2,474,TA,TA,Y,132,35,0,0,0,0,,None,,0,3,2006,New,Partial,202665,2
320,320,60,RL,111.0,16259,Pave,None,Reg,Lvl,AllPub,Corner,Gtl,NridgHt,Norm,Norm,1Fam,2Story,9,5,2006,2006,Gable,CompShg,VinylSd,VinylSd,Stone,370.0,TA,TA,PConc,Ex,Gd,Av,Unf,0,Unf,0,1249,1249,GasA,Ex,SBrkr,1249,1347,0,2596,0,0,3,1,4,1,Gd,9,Typ,0,None,Attchd,2006.0,RFn,3,840,TA,TA,Y,240,154,0,0,0,0,,None,,0,9,2006,New,Partial,342643,2
19,19,20,RL,70.0,7560,Pave,None,Reg,Lvl,AllPub,Inside,Gtl,NAmes,Norm,Norm,1Fam,1Story,5,6,1958,1965,Hip,CompShg,BrkFace,Plywood,None,0.0,TA,TA,CBlock,TA,TA,No,LwQ,504,Unf,0,525,1029,GasA,TA,SBrkr,1339,0,0,1339,0,0,1,0,3,1,TA,6,Min1,0,None,Attchd,1958.0,Unf,1,294,TA,TA,Y,0,0,0,0,0,0,,MnPrv,,0,5,2009,COD,Abnorml,139000,0
684,684,60,RL,58.0,16770,Pave,None,IR2,Lvl,AllPub,CulDSac,Gtl,NoRidge,Norm,Norm,1Fam,2Story,7,5,1998,1998,Gable,CompShg,VinylSd,VinylSd,BrkFace,30.0,Gd,TA,PConc,Gd,TA,No,Unf,0,Unf,0,1195,1195,GasA,Gd,SBrkr,1195,644,0,1839,0,0,2,1,4,1,TA,7,Typ,0,None,Attchd,1998.0,Fin,2,486,TA,TA,Y,0,81,0,0,0,0,,None,,0,6,2010,WD,Normal,221000,2
35,35,60,RL,108.0,13418,Pave,None,Reg,Lvl,AllPub,Inside,Gtl,NridgHt,Norm,Norm,1Fam,2Story,8,5,2004,2005,Gable,CompShg,VinylSd,VinylSd,Stone,132.0,Gd,TA,PConc,Ex,TA,Av,Unf,0,Unf,0,1117,1117,GasA,Ex,SBrkr,1132,1320,0,2452,0,0,3,1,4,1,Gd,9,Typ,1,Gd,BuiltIn,2004.0,Fin,3,691,TA,TA,Y,113,32,0,0,0,0,,None,,0,9,2006,WD,Normal,309000,2
902,902,60,RL,63.0,7875,Pave,None,Reg,Lvl,AllPub,Inside,Gtl,Gilbert,Norm,Norm,1Fam,2Story,7,5,2003,2003,Gable,CompShg,VinylSd,VinylSd,None,0.0,Gd,TA,PConc,Gd,TA,No,Unf,0,Unf,0,783,783,GasA,Ex,SBrkr,807,702,0,1509,0,0,2,1,3,1,Gd,8,Typ,1,Gd,Attchd,2003.0,Fin,2,393,TA,TA,Y,0,75,0,0,0,0,,None,,0,7,2006,WD,Normal,180000,1
827,827,20,RL,65.0,8529,Pave,None,IR1,Lvl,AllPub,Inside,Gtl,SawyerW,Norm,Norm,1Fam,1Story,7,5,2001,2001,Gable,CompShg,VinylSd,VinylSd,None,0.0,Gd,TA,PConc,Gd,TA,No,GLQ,20,Unf,0,1434,1454,GasA,Ex,SBrkr,1434,0,0,1434,0,0,2,0,3,1,Gd,6,Typ,1,TA,Attchd,2001.0,RFn,2,527,TA,TA,Y,290,39,0,0,0,0,,None,,0,4,2009,WD,Normal,189000,1
1309,1309,20,RL,69.0,7153,Pave,None,Reg,Lvl,AllPub,Inside,Gtl,SawyerW,Norm,Norm,1Fam,1Story,6,5,1991,1991,Gable,CompShg,HdBoard,HdBoard,BrkFace,88.0,TA,TA,CBlock,Gd,TA,No,GLQ,1200,Unf,0,78,1278,GasA,Gd,SBrkr,1294,0,0,1294,1,0,2,0,3,1,Gd,6,Typ,0,None,Attchd,1991.0,RFn,2,496,TA,TA,Y,112,51,0,0,0,0,,GdWo,,0,6,2008,WD,Normal,179200,1
407,407,70,RL,63.0,15576,Pave,None,Reg,Lvl,AllPub,Inside,Gtl,Crawfor,Norm,Norm,1Fam,2Story,6,7,1915,1976,Gable,CompShg,Wd Sdng,Plywood,None,0.0,TA,TA,BrkTil,Gd,TA,No,Unf,0,Unf,0,840,840,GasA,Ex,SBrkr,840,840,0,1680,0,0,2,0,4,1,TA,8,Typ,0,None,Attchd,1960.0,Unf,1,308,TA,TA,Y,0,0,160,0,0,0,,None,,0,3,2008,WD,Normal,177000,1
920,920,60,RL,70.0,8462,Pave,None,IR1,Lvl,AllPub,Inside,Gtl,SawyerW,Norm,Norm,1Fam,2Story,6,5,1994,1994,Gable,CompShg,HdBoard,HdBoard,BrkFace,105.0,Gd,Gd,PConc,Gd,Gd,No,GLQ,814,Unf,0,114,928,GasA,Ex,SBrkr,936,785,0,1721,0,1,2,1,3,1,Gd,7,Typ,0,None,Attchd,1994.0,RFn,2,471,TA,TA,Y,300,87,0,0,0,0,,None,,0,7,2007,WD,Normal,201000,2
537,537,20,RL,69.0,12735,Pave,None,IR1,Lvl,AllPub,FR2,Gtl,NAmes,Norm,Norm,1Fam,1Story,4,5,1972,1972,Hip,CompShg,MetalSd,MetalSd,None,0.0,TA,TA,CBlock,TA,TA,No,BLQ,600,Unf,0,264,864,GasA,TA,SBrkr,864,0,0,864,0,0,1,0,3,1,TA,5,Typ,0,None,Detchd,1980.0,Unf,2,576,TA,TA,Y,216,0,0,0,0,0,,MnWw,,0,4,2008,COD,Normal,111250,0
758,758,160,FV,24.0,2280,Pave,Pave,Reg,Lvl,AllPub,Inside,Gtl,Somerst,Norm,Norm,Twnhs,2Story,7,5,1999,1999,Gable,CompShg,MetalSd,MetalSd,BrkFace,360.0,TA,TA,PConc,Gd,TA,No,ALQ,549,Unf,0,195,744,GasA,Gd,SBrkr,757,744,0,1501,0,0,2,1,3,1,TA,6,Typ,0,None,Detchd,1999.0,Unf,2,440,TA,TA,Y,0,0,0,0,0,0,,None,,0,8,2008,WD,Normal,179400,1
1062,1062,190,RM,85.0,13600,Pave,Grvl,Reg,Lvl,AllPub,Inside,Gtl,OldTown,Norm,Norm,2fmCon,2Story,5,5,1900,1950,Gable,CompShg,Wd Sdng,Wd Sdng,None,0.0,TA,TA,BrkTil,TA,TA,No,Unf,0,Unf,0,662,662,GasA,TA,SBrkr,1422,915,0,2337,0,0,2,0,5,2,TA,10,Min2,0,None,Detchd,1945.0,Unf,2,560,TA,TA,Y,0,57,0,0,0,0,,None,,0,9,2007,WD,Normal,90000,0
245,245,20,RL,80.0,10400,Pave,None,Reg,Lvl,AllPub,Inside,Gtl,NWAmes,Norm,Norm,1Fam,1Story,7,5,1988,1988,Gable,CompShg,Wd Sdng,Wd Sdng,BrkFace,102.0,TA,TA,CBlock,Gd,TA,Av,GLQ,929,Unf,0,916,1845,GasA,Gd,SBrkr,1872,0,0,1872,0,1,2,0,3,1,TA,6,Typ,1,TA,Attchd,1988.0,Fin,2,604,TA,TA,Y,197,39,0,0,0,0,,None,,0,6,2006,WD,Normal,241500,2
1127,1127,20,RL,182.0,14572,Pave,None,IR3,Lvl,AllPub,Corner,Gtl,Gilbert,Norm,Norm,1Fam,1Story,7,5,2004,2004,Hip,CompShg,VinylSd,VinylSd,None,0.0,Gd,TA,PConc,Gd,TA,Av,GLQ,1300,Unf,0,230,1530,GasA,Ex,SBrkr,1530,0,0,1530,1,0,2,0,3,1,Gd,7,Typ,1,Gd,Attchd,2004.0,Fin,3,630,TA,TA,Y,144,36,0,0,0,0,,None,,0,11,2007,WD,Family,259000,2
784,784,75,RM,35.0,6300,Pave,Grvl,Reg,Lvl,AllPub,Inside,Gtl,OldTown,Norm,Norm,1Fam,2.5Unf,6,6,1914,2001,Gable,CompShg,Wd Sdng,Wd Shng,None,0.0,TA,TA,CBlock,TA,TA,No,Unf,0,Unf,0,742,742,GasA,Ex,SBrkr,742,742,0,1484,0,0,2,0,3,1,TA,9,Typ,1,Gd,None,1980.0,None,0,0,None,None,Y,0,291,134,0,0,0,,None,,0,6,2008,WD,Normal,128000,0
489,489,180,RM,21.0,1526,Pave,None,Reg,Lvl,AllPub,Inside,Gtl,MeadowV,Norm,Norm,Twnhs,SFoyer,4,8,1970,2002,Gable,CompShg,CemntBd,CmentBd,None,0.0,TA,Gd,CBlock,Gd,TA,Av,GLQ,515,Unf,0,115,630,GasA,TA,SBrkr,630,0,0,630,1,0,1,0,1,1,Gd,3,Typ,0,None,Attchd,1970.0,Unf,1,286,TA,TA,Y,0,0,0,0,0,0,,None,,0,5,2009,WD,Normal,86000,0
154,154,30,RM,84.0,11340,Pave,None,Reg,Lvl,AllPub,Corner,Gtl,OldTown,Norm,Norm,1Fam,1Story,6,5,1923,1950,Gable,CompShg,Wd Sdng,Wd Sdng,None,0.0,TA,TA,BrkTil,TA,TA,No,Unf,0,Unf,0,1200,1200,GasA,TA,FuseA,1200,0,0,1200,0,0,1,0,4,1,TA,7,Typ,0,None,Detchd,1923.0,Unf,1,312,Fa,Fa,Y,0,0,228,0,0,0,,None,,0,3,2006,WD,Family,125000,0
961,961,60,RL,69.0,12227,Pave,None,IR1,Lvl,AllPub,Corner,Gtl,NWAmes,PosN,Norm,1Fam,2Story,6,7,1977,1995,Gable,CompShg,HdBoard,HdBoard,BrkFace,424.0,TA,Gd,CBlock,Gd,Gd,No,ALQ,896,Unf,0,434,1330,GasA,TA,SBrkr,1542,1330,0,2872,1,0,2,1,4,1,TA,11,Typ,1,TA,Attchd,1977.0,Fin,2,619,TA,TA,Y,550,282,0,0,0,0,,None,,0,7,2008,WD,Normal,272000,2
853,853,80,RL,69.0,12095,Pave,None,IR1,Lvl,AllPub,Corner,Gtl,NAmes,Norm,Norm,1Fam,SLvl,6,6,1964,1964,Gable,CompShg,MetalSd,HdBoard,BrkFace,115.0,TA,Gd,CBlock,TA,TA,Gd,Rec,564,Unf,0,563,1127,GasA,TA,SBrkr,1445,0,0,1445,0,0,1,1,3,1,TA,7,Typ,1,Fa,Attchd,1964.0,RFn,2,645,TA,TA,Y,180,0,0,0,0,0,,MnPrv,,0,8,2009,WD,Normal,158000,1
625,625,20,RL,87.0,10000,Pave,None,IR1,Lvl,AllPub,Corner,Gtl,NAmes,Norm,Norm,1Fam,1Story,6,6,1962,1962,Hip,CompShg,Wd Sdng,Wd Sdng,BrkFace,261.0,TA,TA,CBlock,TA,TA,No,Unf,0,Unf,0,1116,1116,GasA,TA,SBrkr,1116,0,0,1116,0,0,1,1,3,1,TA,5,Typ,0,None,Attchd,1962.0,Unf,2,440,TA,TA,Y,0,0,0,0,385,0,,None,,0,2,2010,WD,Normal,160000,1
685,685,160,RL,69.0,5062,Pave,None,IR1,Lvl,AllPub,CulDSac,Gtl,StoneBr,Norm,Norm,TwnhsE,2Story,7,5,1984,1984,Gable,CompShg,HdBoard,HdBoard,None,0.0,Gd,TA,CBlock,Gd,TA,Mn,GLQ,828,LwQ,182,180,1190,GasA,Gd,SBrkr,1190,900,0,2090,1,0,2,0,3,1,Gd,6,Min1,1,TA,Attchd,1984.0,Fin,2,577,TA,TA,Y,219,0,0,0,0,0,,None,,0,9,2007,WD,Normal,207500,2
569,569,90,RL,69.0,7032,Pave,None,IR1,Lvl,AllPub,Corner,Gtl,NAmes,Norm,Norm,Duplex,SFoyer,5,5,1979,1979,Gable,CompShg,MetalSd,MetalSd,None,0.0,TA,TA,CBlock,Gd,TA,Gd,GLQ,943,Unf,0,0,943,GasA,TA,SBrkr,943,0,0,943,1,0,1,0,2,1,TA,4,Typ,2,TA,Detchd,1979.0,Unf,2,600,TA,TA,Y,42,0,0,0,0,0,,None,,0,12,2006,WD,Normal,135960,0
1399,1399,50,RL,51.0,6171,Pave,None,Reg,Lvl,AllPub,Inside,Gtl,SWISU,Norm,Norm,1Fam,1.5Fin,6,6,1925,1990,Gable,CompShg,WdShing,Wd Shng,None,0.0,TA,TA,BrkTil,TA,TA,No,BLQ,264,Unf,0,712,976,GasA,Ex,SBrkr,1160,448,0,1608,0,0,2,1,3,1,Gd,7,Typ,1,Gd,Detchd,1925.0,Unf,1,216,Fa,TA,Y,147,16,0,0,0,0,,MnPrv,,0,10,2009,WD,Normal,137450,0
17,17,90,RL,72.0,10791,Pave,None,Reg,Lvl,AllPub,Inside,Gtl,Sawyer,Norm,Norm,Duplex,1Story,4,5,1967,1967,Gable,CompShg,MetalSd,MetalSd,None,0.0,TA,TA,Slab,None,None,None,None,0,None,0,0,0,GasA,TA,SBrkr,1296,0,0,1296,0,0,2,0,2,2,TA,6,Typ,0,None,CarPort,1967.0,Unf,2,516,TA,TA,Y,0,0,0,0,0,0,,None,Shed,500,10,2006,WD,Normal,90000,0
127,127,45,RM,55.0,4388,Pave,None,IR1,Bnk,AllPub,Inside,Gtl,OldTown,Feedr,Norm,1Fam,1.5Unf,5,7,1930,1950,Gable,CompShg,WdShing,Wd Sdng,None,0.0,TA,Gd,BrkTil,TA,TA,No,LwQ,116,Unf,0,556,672,GasA,Ex,SBrkr,840,0,0,840,0,0,1,0,3,1,TA,5,Typ,1,TA,None,1980.0,None,0,0,None,None,N,0,0,0,0,0,0,,None,,0,6,2007,WD,Normal,87000,0
927,927,60,RL,69.0,9900,Pave,None,Reg,Lvl,AllPub,Inside,Gtl,NWAmes,Feedr,Norm,1Fam,2Story,7,5,1968,1968,Gable,CompShg,MetalSd,MetalSd,BrkFace,342.0,TA,TA,CBlock,TA,TA,No,BLQ,552,Unf,0,280,832,GasA,Gd,SBrkr,1098,880,0,1978,0,0,2,1,4,1,TA,9,Typ,1,Gd,Attchd,1968.0,RFn,2,486,TA,TA,Y,0,43,0,0,0,0,,GdPrv,,0,4,2008,WD,Normal,176000,1
980,980,85,RL,69.0,12122,Pave,None,IR1,Lvl,AllPub,Corner,Gtl,NAmes,Norm,Norm,1Fam,SFoyer,7,9,1961,2007,Gable,CompShg,CemntBd,CmentBd,Stone,210.0,Ex,TA,CBlock,TA,TA,Av,ALQ,867,Unf,0,77,944,GasA,Gd,SBrkr,999,0,0,999,1,0,1,0,3,1,Ex,6,Typ,0,None,Attchd,1961.0,RFn,2,588,TA,TA,Y,144,76,0,0,0,0,,None,,0,7,2008,WD,Normal,178400,1
1431,1431,120,RL,69.0,4928,Pave,None,IR1,Lvl,AllPub,Inside,Gtl,NPkVill,Norm,Norm,TwnhsE,1Story,6,6,1976,1976,Gable,CompShg,Plywood,Plywood,None,0.0,TA,TA,CBlock,Gd,TA,No,LwQ,958,Unf,0,0,958,GasA,TA,SBrkr,958,0,0,958,0,0,2,0,2,1,TA,5,Typ,0,None,Attchd,1976.0,RFn,2,440,TA,TA,Y,0,60,0,0,0,0,,None,,0,10,2009,WD,Normal,143750,1
190,190,70,RL,70.0,10570,Pave,None,Reg,Bnk,AllPub,Inside,Mod,Crawfor,Norm,Norm,1Fam,2Story,8,8,1932,1994,Hip,CompShg,BrkFace,BrkFace,None,0.0,Gd,TA,CBlock,Gd,Gd,No,Rec,297,Unf,0,556,853,GasA,TA,SBrkr,1549,1178,0,2727,0,0,2,1,3,1,Gd,10,Maj1,2,TA,Detchd,1932.0,Unf,2,440,TA,TA,Y,0,74,0,0,0,0,,None,,0,12,2007,WD,Normal,315000,2
1139,1139,30,RL,98.0,8731,Pave,None,IR1,Lvl,AllPub,Inside,Gtl,BrkSide,Norm,Norm,1Fam,1Story,5,5,1920,1950,Gable,CompShg,Stucco,Stucco,None,0.0,TA,Fa,BrkTil,TA,TA,No,BLQ,645,Unf,0,270,915,GasA,TA,SBrkr,1167,0,0,1167,0,0,1,0,3,1,TA,6,Maj1,1,Gd,Detchd,1972.0,Unf,2,495,TA,TA,Y,0,0,216,0,126,0,,None,,0,5,2007,WD,Normal,144000,1
992,992,60,RL,80.0,9760,Pave,None,Reg,Lvl,AllPub,Inside,Mod,NAmes,Norm,Norm,1Fam,2Story,6,8,1964,1993,Hip,CompShg,Wd Sdng,Wd Sdng,BrkFace,340.0,TA,TA,CBlock,TA,TA,Gd,BLQ,536,Rec,117,169,822,GasA,Gd,SBrkr,1020,831,0,1851,0,0,2,1,3,1,Gd,7,Typ,1,Fa,Attchd,1964.0,RFn,2,440,TA,TA,Y,239,42,0,0,0,0,,MnWw,,0,7,2007,WD,Normal,187000,1
1425,1425,20,RL,80.0,10721,Pave,None,IR1,Lvl,AllPub,Inside,Gtl,NAmes,Norm,Norm,1Fam,1Story,6,6,1959,1959,Hip,CompShg,HdBoard,HdBoard,Stone,243.0,Gd,TA,CBlock,TA,TA,No,Unf,0,Unf,0,1252,1252,GasA,Ex,SBrkr,1252,0,0,1252,0,0,1,0,3,1,Gd,7,Typ,0,None,Detchd,1960.0,Unf,2,528,TA,TA,Y,0,39,0,0,0,0,,None,,0,10,2008,WD,Normal,142000,1
1218,1218,50,RM,52.0,6240,Pave,None,Reg,Lvl,AllPub,Inside,Gtl,BrkSide,Norm,Norm,1Fam,1.5Fin,4,5,1947,1950,Gable,CompShg,AsbShng,AsbShng,None,0.0,TA,TA,Slab,None,None,None,None,0,None,0,0,0,GasA,Gd,SBrkr,672,240,0,912,0,0,1,0,2,1,TA,3,Typ,0,None,None,1980.0,None,0,0,None,None,N,0,0,0,0,0,0,,None,,0,7,2006,WD,Normal,80500,0
606,606,20,RL,82.0,12464,Pave,None,IR2,Low,AllPub,Corner,Mod,CollgCr,Norm,Norm,1Fam,1Story,5,5,1996,1996,Gable,CompShg,VinylSd,VinylSd,None,0.0,TA,Gd,PConc,Gd,TA,No,GLQ,732,Unf,0,308,1040,GasA,Gd,SBrkr,1040,0,0,1040,1,0,1,0,3,1,Gd,6,Typ,0,None,Detchd,2000.0,Unf,2,576,TA,TA,Y,168,0,0,0,0,0,,GdPrv,,0,11,2009,WD,Normal,152000,1
180,180,160,FV,69.0,2117,Pave,None,Reg,Lvl,AllPub,Inside,Gtl,Somerst,Norm,Norm,Twnhs,2Story,6,5,2000,2000,Gable,CompShg,MetalSd,MetalSd,BrkFace,456.0,Gd,TA,PConc,Gd,TA,No,GLQ,436,Unf,0,320,756,GasA,Ex,SBrkr,769,756,0,1525,0,0,2,1,3,1,Gd,5,Typ,1,TA,Detchd,2000.0,Unf,2,440,TA,TA,Y,0,0,0,0,0,0,,None,,0,6,2007,WD,Normal,177000,1
301,301,60,RL,66.0,16226,Pave,None,IR3,Lvl,AllPub,Inside,Gtl,CollgCr,Norm,Norm,1Fam,2Story,8,5,1998,1999,Gable,CompShg,VinylSd,VinylSd,None,0.0,Gd,TA,PConc,Gd,TA,No,GLQ,281,Unf,0,747,1028,GasA,Ex,SBrkr,1210,1242,0,2452,0,0,2,1,4,1,Gd,9,Typ,1,TA,BuiltIn,1998.0,Fin,2,683,TA,TA,Y,208,50,0,0,0,0,,None,,0,5,2007,WD,Normal,267000,2
496,496,20,RL,69.0,12692,Pave,None,IR1,Lvl,AllPub,Inside,Gtl,NoRidge,Norm,Norm,1Fam,1Story,8,5,1992,1993,Hip,CompShg,BrkFace,BrkFace,None,0.0,Gd,TA,PConc,Gd,TA,No,GLQ,1231,Unf,0,1969,3200,GasA,Ex,SBrkr,3228,0,0,3228,1,0,3,0,4,1,Gd,10,Typ,1,Gd,Attchd,1992.0,RFn,2,546,TA,TA,Y,264,75,291,0,0,0,,None,,0,5,2007,WD,Normal,430000,2
1258,1258,80,RL,59.0,9587,Pave,None,IR1,Lvl,AllPub,Inside,Gtl,Gilbert,Norm,Norm,1Fam,SLvl,7,5,2005,2005,Gable,CompShg,VinylSd,VinylSd,Stone,182.0,Gd,TA,PConc,Gd,TA,Gd,GLQ,655,Unf,0,201,856,GasA,Ex,SBrkr,1166,0,0,1166,1,0,2,0,2,1,Gd,5,Typ,0,None,Attchd,2005.0,Fin,2,400,TA,TA,Y,212,0,0,0,0,0,,None,,0,7,2008,WD,Normal,190000,2
1222,1222,50,RL,78.0,10496,Pave,None,Reg,Lvl,AllPub,Inside,Gtl,NAmes,Artery,Norm,1Fam,1.5Fin,6,6,1949,1950,Gable,CompShg,Wd Sdng,Wd Sdng,BrkFace,320.0,TA,TA,CBlock,TA,TA,Mn,Rec,196,Unf,0,844,1040,GasA,Ex,SBrkr,1168,678,0,1846,0,0,2,0,3,1,TA,7,Typ,1,Gd,Attchd,1949.0,Unf,1,315,TA,TA,Y,0,0,0,0,0,0,,GdWo,,0,1,2007,WD,Normal,143000,1
1204,1204,20,RL,78.0,10140,Pave,None,Reg,Lvl,AllPub,Inside,Gtl,NWAmes,Norm,Norm,1Fam,1Story,5,6,1975,1975,Gable,CompShg,HdBoard,HdBoard,None,0.0,TA,TA,CBlock,Gd,TA,No,ALQ,788,Unf,0,268,1056,GasA,Ex,SBrkr,1074,0,0,1074,1,0,1,1,3,1,TA,6,Typ,0,None,Attchd,1975.0,RFn,2,495,TA,TA,Y,0,88,0,0,0,0,,MnPrv,,0,7,2006,WD,Normal,153500,1
517,517,60,RL,79.0,10208,Pave,None,IR1,Lvl,AllPub,Inside,Gtl,NoRidge,Norm,Norm,1Fam,2Story,7,5,1996,1997,Gable,CompShg,VinylSd,VinylSd,BrkFace,921.0,Gd,TA,PConc,Gd,TA,No,Unf,0,Unf,0,1264,1264,GasA,Ex,SBrkr,1277,1067,0,2344,0,0,2,1,3,1,Gd,7,Typ,1,TA,Attchd,1996.0,RFn,3,889,TA,TA,Y,220,0,0,0,0,0,,None,,0,7,2009,WD,Normal,265000,2
1069,1069,45,RL,60.0,9600,Pave,None,Reg,Lvl,AllPub,Inside,Gtl,NAmes,Norm,Norm,1Fam,1.5Unf,5,7,1949,2003,Gable,CompShg,MetalSd,MetalSd,None,0.0,TA,TA,CBlock,TA,TA,No,ALQ,220,Unf,0,625,845,GasA,TA,SBrkr,893,0,0,893,0,1,1,0,2,1,Gd,4,Typ,0,None,Detchd,1985.0,Unf,2,576,TA,TA,Y,0,0,0,0,0,0,,None,,0,5,2007,WD,Normal,135000,0
476,476,20,RL,75.0,13125,Pave,None,Reg,Lvl,AllPub,Inside,Mod,CollgCr,Norm,Norm,1Fam,1Story,6,5,1997,1998,Gable,CompShg,VinylSd,VinylSd,BrkFace,215.0,TA,TA,PConc,Gd,TA,Gd,GLQ,994,Unf,0,484,1478,GasA,Ex,SBrkr,1493,0,0,1493,1,0,2,0,3,1,Gd,7,Typ,1,TA,Attchd,1997.0,Fin,2,508,TA,TA,Y,140,39,0,0,0,0,,None,,0,4,2008,WD,Normal,208900,2
157,157,60,RL,92.0,12003,Pave,None,Reg,Lvl,AllPub,Corner,Gtl,Timber,Norm,Norm,1Fam,2Story,8,5,2009,2010,Gable,CompShg,VinylSd,VinylSd,BrkFace,84.0,Gd,TA,PConc,Ex,TA,No,Unf,0,Unf,0,774,774,GasA,Ex,SBrkr,774,1194,0,1968,0,0,2,1,4,1,Ex,8,Typ,1,Gd,BuiltIn,2009.0,Fin,3,680,TA,TA,Y,0,75,0,0,0,0,,None,,0,5,2010,New,Partial,269500,2
16,16,20,RL,69.0,11241,Pave,None,IR1,Lvl,AllPub,CulDSac,Gtl,NAmes,Norm,Norm,1Fam,1Story,6,7,1970,1970,Gable,CompShg,Wd Sdng,Wd Sdng,BrkFace,180.0,TA,TA,CBlock,TA,TA,No,ALQ,578,Unf,0,426,1004,GasA,Ex,SBrkr,1004,0,0,1004,1,0,1,0,2,1,TA,5,Typ,1,TA,Attchd,1970.0,Fin,2,480,TA,TA,Y,0,0,0,0,0,0,,None,Shed,700,3,2010,WD,Normal,149000,1
1072,1072,50,RL,50.0,7585,Pave,None,Reg,Lvl,AllPub,Inside,Gtl,Edwards,Artery,Norm,1Fam,1.5Fin,5,3,1948,1950,Gable,CompShg,MetalSd,MetalSd,None,0.0,TA,TA,CBlock,Fa,Fa,Mn,Unf,0,Unf,0,810,810,GasA,Fa,FuseA,1002,454,0,1456,1,1,1,0,4,1,TA,7,Typ,1,TA,Detchd,1954.0,Unf,1,280,TA,TA,P,0,0,0,0,0,0,,None,,0,8,2006,WD,Normal,91500,0
546,546,50,RL,70.0,8737,Pave,None,IR1,Bnk,AllPub,Inside,Gtl,BrkSide,Norm,Norm,1Fam,1.5Fin,6,7,1923,1950,Gable,CompShg,BrkFace,Wd Sdng,None,0.0,TA,TA,BrkTil,Gd,TA,No,Rec,300,Unf,0,765,1065,GasA,Ex,FuseA,915,720,0,1635,0,0,1,1,3,1,TA,6,Typ,1,Gd,Detchd,1950.0,Unf,2,440,TA,TA,Y,0,38,0,144,0,0,,None,,0,5,2007,WD,Normal,210000,2
658,658,50,RL,78.0,17503,Pave,None,Reg,Lvl,AllPub,Inside,Gtl,NAmes,Artery,Norm,1Fam,1.5Fin,6,5,1948,1950,Gable,CompShg,VinylSd,VinylSd,None,0.0,TA,TA,CBlock,TA,TA,No,Unf,0,Unf,0,912,912,GasA,TA,SBrkr,912,546,0,1458,0,1,1,0,3,1,TA,6,Typ,1,Gd,Attchd,1948.0,Unf,1,330,TA,TA,Y,192,0,0,0,0,0,,None,,0,1,2010,WD,Abnorml,97500,0
1193,1193,120,RM,69.0,4500,Pave,None,Reg,Lvl,AllPub,FR2,Gtl,Mitchel,Norm,Norm,TwnhsE,1Story,6,5,1999,1999,Hip,CompShg,VinylSd,VinylSd,BrkFace,425.0,TA,TA,PConc,Ex,TA,No,GLQ,883,Unf,0,341,1224,GasA,Ex,SBrkr,1224,0,0,1224,1,0,2,0,2,1,TA,5,Typ,0,None,Attchd,1999.0,Fin,2,402,TA,TA,Y,0,304,0,0,0,0,,None,,0,6,2009,WD,Normal,165000,1
1019,1019,120,RL,43.0,3013,Pave,None,Reg,Lvl,AllPub,Inside,Gtl,Blmngtn,Norm,Norm,TwnhsE,1Story,7,5,2005,2005,Gable,CompShg,VinylSd,VinylSd,BrkFace,145.0,Gd,TA,PConc,Gd,TA,Gd,GLQ,16,Unf,0,1346,1362,GasA,Ex,SBrkr,1506,0,0,1506,0,0,2,0,2,1,Gd,6,Typ,1,Gd,Attchd,2005.0,Fin,2,440,TA,TA,Y,142,20,0,0,0,0,,None,,0,4,2006,WD,Normal,213490,2
1223,1223,20,RL,89.0,10680,Pave,None,Reg,Lvl,AllPub,Inside,Gtl,NAmes,Norm,Norm,1Fam,1Story,5,3,1951,1951,Hip,CompShg,Wd Sdng,Wd Sdng,BrkFace,44.0,TA,TA,CBlock,TA,Fa,No,LwQ,756,Unf,0,1380,2136,GasA,TA,FuseA,2136,0,0,2136,0,0,2,0,4,1,TA,7,Mod,0,None,Detchd,1951.0,Unf,2,528,TA,TA,Y,0,30,0,0,0,0,,MnPrv,,0,10,2006,WD,Normal,137900,0
959,959,160,FV,24.0,2572,Pave,None,Reg,Lvl,AllPub,FR2,Gtl,Somerst,Norm,Norm,Twnhs,2Story,7,5,1999,1999,Hip,CompShg,MetalSd,MetalSd,None,0.0,Gd,TA,PConc,Gd,TA,No,ALQ,604,Unf,0,92,696,GasA,Ex,SBrkr,696,720,0,1416,1,0,2,1,3,1,Gd,6,Typ,0,None,Detchd,1999.0,Unf,2,484,TA,TA,Y,0,44,0,0,0,0,,None,,0,5,2010,WD,Normal,155000,1
1373,1373,20,RL,69.0,11400,Pave,None,Reg,Lvl,AllPub,Inside,Gtl,NoRidge,Norm,Norm,1Fam,1Story,10,5,2001,2002,Hip,CompShg,VinylSd,VinylSd,BrkFace,705.0,Ex,TA,PConc,Ex,TA,Gd,GLQ,1282,Unf,0,1351,2633,GasA,Ex,SBrkr,2633,0,0,2633,1,0,2,1,2,1,Ex,8,Typ,2,Gd,Attchd,2001.0,RFn,3,804,TA,TA,Y,314,140,0,0,0,0,,None,,0,3,2007,WD,Normal,466500,2
283,283,20,RL,74.0,9612,Pave,None,Reg,Lvl,AllPub,Inside,Gtl,Somerst,Feedr,Norm,1Fam,1Story,8,5,2008,2009,Gable,CompShg,VinylSd,VinylSd,Stone,72.0,Gd,TA,PConc,Gd,TA,No,Unf,0,Unf,0,1468,1468,GasA,Ex,SBrkr,1468,0,0,1468,0,0,2,0,3,1,Gd,6,Typ,1,Gd,Attchd,2008.0,Fin,3,898,TA,TA,Y,210,150,0,0,0,0,,None,,0,12,2009,New,Partial,244600,2
797,797,20,RL,57.0,7677,Pave,None,Reg,Lvl,AllPub,Inside,Gtl,NAmes,Norm,Norm,1Fam,1Story,5,5,1953,1953,Gable,CompShg,VinylSd,VinylSd,None,0.0,TA,TA,CBlock,TA,TA,No,BLQ,570,Unf,0,203,773,GasA,Gd,SBrkr,773,0,0,773,0,0,1,0,2,1,TA,4,Typ,0,None,Attchd,1953.0,Unf,1,240,TA,TA,Y,0,0,0,0,0,0,,None,,0,4,2008,WD,Abnorml,110000,0
225,225,160,RM,21.0,1680,Pave,None,Reg,Lvl,AllPub,Inside,Gtl,BrDale,Norm,Norm,Twnhs,2Story,5,5,1971,1971,Gable,CompShg,HdBoard,HdBoard,BrkFace,142.0,TA,TA,CBlock,TA,TA,No,Unf,0,Unf,0,630,630,GasA,TA,SBrkr,630,672,0,1302,0,0,2,1,3,1,TA,6,Typ,0,None,Detchd,1991.0,Unf,1,280,TA,TA,Y,0,0,0,0,0,0,,None,,0,5,2009,COD,Abnorml,112000,0
26,26,20,RL,60.0,7200,Pave,None,Reg,Lvl,AllPub,Corner,Gtl,NAmes,Norm,Norm,1Fam,1Story,5,7,1951,2000,Gable,CompShg,Wd Sdng,Wd Sdng,None,0.0,TA,TA,CBlock,TA,TA,Mn,BLQ,234,Rec,486,180,900,GasA,TA,SBrkr,900,0,0,900,0,1,1,0,3,1,Gd,5,Typ,0,None,Detchd,2005.0,Unf,2,576,TA,TA,Y,222,32,0,0,0,0,,None,,0,5,2010,WD,Normal,134800,0
437,437,45,RM,50.0,6000,Pave,None,Reg,Lvl,AllPub,Inside,Gtl,BrkSide,Norm,Norm,1Fam,1.5Unf,6,7,1926,2004,Gable,CompShg,Wd Sdng,Wd Sdng,None,0.0,Gd,TA,PConc,TA,TA,No,Unf,0,Unf,0,884,884,GasA,Gd,SBrkr,904,0,0,904,0,0,1,0,2,1,TA,4,Typ,0,None,Detchd,1926.0,Unf,1,180,TA,TA,Y,0,0,105,0,0,0,,None,,0,1,2009,WD,Normal,119000,0
1419,1419,20,RL,69.0,16381,Pave,None,IR1,Lvl,AllPub,Inside,Gtl,Crawfor,Norm,Norm,1Fam,1Story,6,5,1969,1969,Gable,CompShg,Plywood,Plywood,BrkFace,312.0,Gd,Gd,CBlock,TA,TA,Av,Rec,1110,Unf,0,734,1844,GasA,Gd,SBrkr,1844,0,0,1844,1,0,2,0,3,1,Gd,7,Typ,1,TA,Attchd,1969.0,RFn,2,540,TA,TA,Y,0,73,216,0,0,0,,None,,0,12,2006,WD,Normal,223000,2
229,229,120,RL,43.0,3182,Pave,None,Reg,Lvl,AllPub,Inside,Gtl,Blmngtn,Norm,Norm,TwnhsE,1Story,7,5,2005,2006,Gable,CompShg,VinylSd,VinylSd,BrkFace,16.0,Gd,TA,PConc,Gd,TA,Av,GLQ,16,Unf,0,1357,1373,GasA,Ex,SBrkr,1555,0,0,1555,0,0,2,0,2,1,Gd,7,Typ,1,TA,Attchd,2005.0,Fin,2,430,TA,TA,Y,143,20,0,0,0,0,,None,,0,5,2009,WD,Normal,192500,2
37,37,20,RL,74.0,8532,Pave,None,Reg,Lvl,AllPub,Inside,Gtl,NAmes,Norm,Norm,1Fam,1Story,5,6,1954,1990,Hip,CompShg,Wd Sdng,Wd Sdng,BrkFace,650.0,TA,TA,CBlock,TA,TA,No,Rec,1213,Unf,0,84,1297,GasA,Gd,SBrkr,1297,0,0,1297,0,1,1,0,3,1,TA,5,Typ,1,TA,Attchd,1954.0,Fin,2,498,TA,TA,Y,0,0,0,0,0,0,,None,,0,10,2009,WD,Normal,153000,1
749,749,50,RL,50.0,8405,Pave,None,Reg,Lvl,AllPub,Inside,Gtl,Edwards,Norm,Norm,1Fam,1.5Fin,4,3,1945,1950,Gable,CompShg,WdShing,Wd Shng,None,0.0,TA,TA,Slab,None,None,None,None,0,None,0,0,0,Wall,TA,FuseF,1088,441,0,1529,0,0,2,0,4,1,TA,9,Mod,0,None,Detchd,1945.0,Unf,1,240,TA,TA,N,92,0,185,0,0,0,,None,,0,4,2009,WD,Normal,98000,0
1045,1045,20,RL,69.0,13680,Pave,None,IR1,Lvl,AllPub,CulDSac,Gtl,Edwards,Norm,Norm,1Fam,1Story,3,5,1955,1955,Hip,CompShg,BrkFace,Wd Sdng,None,0.0,TA,TA,Slab,None,None,None,None,0,None,0,0,0,GasA,Ex,FuseA,1733,0,0,1733,0,0,2,0,4,1,TA,8,Min2,1,Gd,Attchd,1955.0,Unf,2,452,TA,TA,Y,0,0,0,0,0,0,,None,,0,6,2009,WD,Normal,139600,1
469,469,60,RL,76.0,9291,Pave,None,IR1,Lvl,AllPub,Corner,Gtl,SawyerW,RRNe,Norm,1Fam,2Story,6,5,1993,1993,Gable,CompShg,HdBoard,HdBoard,BrkFace,120.0,Gd,TA,PConc,Gd,TA,No,GLQ,426,Unf,0,406,832,GasA,Ex,SBrkr,832,878,0,1710,0,0,2,1,3,1,Gd,7,Typ,0,None,Attchd,1993.0,RFn,2,506,TA,TA,Y,144,70,0,0,0,0,,None,,0,6,2008,WD,Normal,187000,1
1245,1245,80,RL,78.0,12090,Pave,None,Reg,Lvl,AllPub,Inside,Gtl,NWAmes,Norm,Norm,1Fam,SLvl,6,7,1984,2003,Hip,CompShg,VinylSd,VinylSd,BrkFace,74.0,TA,TA,CBlock,Gd,TA,No,Unf,0,Unf,0,585,585,GasA,Ex,SBrkr,1140,728,0,1868,0,0,3,1,3,1,TA,7,Typ,1,TA,BuiltIn,1984.0,Fin,2,477,TA,TA,Y,268,112,0,0,147,0,,None,,0,1,2007,WD,Abnorml,178000,1
1434,1434,20,RL,80.0,17400,Pave,None,Reg,Low,AllPub,Inside,Mod,Mitchel,Norm,Norm,1Fam,1Story,5,5,1977,1977,Gable,CompShg,BrkFace,BrkFace,None,0.0,TA,TA,CBlock,TA,TA,No,ALQ,936,Unf,0,190,1126,GasA,Fa,SBrkr,1126,0,0,1126,1,0,2,0,3,1,TA,5,Typ,1,Gd,Attchd,1977.0,RFn,2,484,TA,TA,P,295,41,0,0,0,0,,None,,0,5,2006,WD,Normal,160000,1
687,687,160,FV,69.0,5105,Pave,None,IR2,Lvl,AllPub,FR2,Gtl,Somerst,Norm,Norm,TwnhsE,2Story,7,5,2004,2004,Gable,CompShg,MetalSd,MetalSd,None,0.0,Gd,TA,PConc,Gd,TA,No,GLQ,239,Unf,0,312,551,GasA,Ex,SBrkr,551,551,0,1102,0,0,2,1,2,1,Gd,4,Typ,0,None,Detchd,2004.0,Unf,2,480,TA,TA,Y,0,60,0,0,0,0,,None,,0,3,2007,WD,Normal,148800,1
1343,1343,50,RL,57.0,7558,Pave,None,Reg,Bnk,AllPub,Inside,Gtl,Crawfor,Norm,Norm,1Fam,1.5Fin,6,6,1928,1950,Gable,CompShg,BrkFace,Stone,None,0.0,TA,TA,BrkTil,TA,TA,No,Unf,0,Unf,0,896,896,GasA,Gd,SBrkr,1172,741,0,1913,0,0,1,1,3,1,TA,9,Typ,1,TA,Detchd,1929.0,Unf,2,342,Fa,Fa,Y,0,0,0,0,0,0,,None,,0,3,2009,WD,Normal,177000,1
639,639,120,RL,53.0,3982,Pave,None,Reg,Lvl,AllPub,Inside,Gtl,Blmngtn,Norm,Norm,TwnhsE,1Story,8,5,2006,2006,Hip,CompShg,VinylSd,VinylSd,None,0.0,Gd,TA,PConc,Gd,Gd,Av,GLQ,1154,Unf,0,366,1520,GasA,Ex,SBrkr,1567,0,0,1567,1,0,2,0,1,1,Ex,7,Typ,1,Gd,Attchd,2006.0,Fin,3,648,TA,TA,Y,312,0,0,0,0,0,,None,,0,10,2006,New,Partial,264561,2
1261,1261,20,RL,80.0,9600,Pave,None,Reg,Lvl,AllPub,Inside,Gtl,NAmes,Norm,Norm,1Fam,1Story,5,6,1956,1956,Hip,CompShg,MetalSd,MetalSd,None,0.0,TA,TA,CBlock,TA,TA,No,Rec,504,Unf,0,546,1050,GasA,Gd,SBrkr,1050,0,0,1050,0,0,1,0,2,1,TA,5,Typ,0,None,Attchd,1956.0,Unf,1,338,TA,TA,Y,0,0,0,0,0,0,,None,,0,6,2009,WD,Normal,128900,0
1158,1158,20,RL,92.0,11932,Pave,None,Reg,Lvl,AllPub,FR2,Gtl,Somerst,Feedr,Norm,1Fam,1Story,8,5,2007,2008,Gable,CompShg,VinylSd,VinylSd,Stone,186.0,Gd,TA,PConc,Gd,TA,No,Unf,0,Unf,0,1580,1580,GasA,Ex,SBrkr,1580,0,0,1580,0,0,2,0,3,1,Gd,7,Typ,0,None,Attchd,2008.0,RFn,3,830,TA,TA,Y,0,24,0,0,0,0,,None,,0,6,2008,ConLD,Partial,235128,2
1217,1217,20,FV,72.0,8640,Pave,None,Reg,Lvl,AllPub,Inside,Gtl,Somerst,Norm,Norm,1Fam,1Story,8,5,2009,2009,Gable,CompShg,CemntBd,CmentBd,Stone,72.0,Gd,TA,PConc,Gd,TA,Mn,GLQ,936,Unf,0,364,1300,GasA,Ex,SBrkr,1314,0,0,1314,1,0,2,0,3,1,Gd,6,Typ,0,None,Attchd,2009.0,RFn,2,552,TA,TA,Y,135,112,0,0,0,0,,None,,0,9,2009,New,Partial,229456,2
1328,1328,50,RM,60.0,10440,Pave,Grvl,Reg,Lvl,AllPub,Corner,Gtl,OldTown,Norm,Norm,1Fam,1.5Fin,6,7,1920,1950,Gable,CompShg,BrkFace,Wd Sdng,None,0.0,Gd,Gd,BrkTil,Gd,TA,No,LwQ,493,Unf,0,1017,1510,GasW,Ex,SBrkr,1584,1208,0,2792,0,0,2,0,5,1,TA,8,Mod,2,TA,Detchd,1920.0,Unf,2,520,Fa,TA,Y,0,547,0,0,480,0,,MnPrv,Shed,1150,6,2008,WD,Normal,256000,2
800,800,60,RL,79.0,12798,Pave,None,IR1,HLS,AllPub,Inside,Mod,ClearCr,Feedr,Norm,1Fam,2Story,6,5,1997,1997,Gable,CompShg,VinylSd,VinylSd,None,0.0,TA,TA,PConc,Gd,TA,Gd,GLQ,462,Unf,0,154,616,GasA,Gd,SBrkr,616,1072,0,1688,1,0,2,1,4,1,Gd,8,Typ,0,None,Attchd,1997.0,RFn,2,603,TA,TA,Y,403,114,185,0,0,0,,None,Shed,400,5,2008,WD,Normal,200000,2
160,160,20,RL,69.0,11120,Pave,None,IR1,Lvl,AllPub,CulDSac,Gtl,Veenker,Norm,Norm,1Fam,1Story,6,6,1984,1984,Gable,CompShg,Plywood,Plywood,None,0.0,TA,TA,PConc,Gd,TA,No,BLQ,660,Unf,0,572,1232,GasA,TA,SBrkr,1232,0,0,1232,0,0,2,0,3,1,TA,6,Typ,0,None,Attchd,1984.0,Unf,2,516,TA,TA,Y,0,0,0,0,0,0,,None,,0,6,2008,WD,Normal,162500,1
956,956,160,RM,24.0,1300,Pave,None,Reg,Lvl,AllPub,Inside,Gtl,Blueste,Norm,Norm,TwnhsE,2Story,6,6,1980,1980,Gable,CompShg,MetalSd,MetalSd,None,0.0,TA,TA,CBlock,Gd,TA,No,ALQ,285,Unf,0,276,561,GasA,TA,SBrkr,561,668,0,1229,0,0,1,1,2,1,TA,5,Typ,1,TA,Attchd,1980.0,Fin,2,462,TA,TA,Y,150,0,0,0,0,0,,GdPrv,,0,5,2009,WD,Normal,124000,0
1186,1186,190,RL,107.0,10615,Pave,None,IR1,Bnk,AllPub,Corner,Mod,OldTown,Artery,Artery,2fmCon,2Story,3,5,1900,1970,Gable,CompShg,HdBoard,HdBoard,None,0.0,TA,TA,CBlock,Fa,TA,Mn,BLQ,440,Unf,0,538,978,GasA,TA,SBrkr,1014,685,0,1699,1,0,2,0,3,2,TA,7,Typ,0,None,CarPort,1920.0,Unf,2,420,Fa,Fa,Y,0,74,0,0,0,0,,None,,0,8,2009,WD,Abnorml,95000,0
821,821,20,RM,60.0,6000,Pave,Pave,Reg,Bnk,AllPub,Inside,Mod,OldTown,Norm,Norm,2fmCon,1Story,4,4,1953,1953,Gable,CompShg,MetalSd,MetalSd,None,0.0,Fa,TA,CBlock,Fa,TA,No,Unf,0,Unf,0,936,936,GasA,TA,SBrkr,936,0,0,936,0,0,1,0,2,1,TA,4,Min2,0,None,Detchd,1974.0,Unf,2,576,TA,TA,Y,0,32,112,0,0,0,,None,,0,2,2009,WD,Normal,93000,0
1237,1237,60,RL,41.0,12393,Pave,None,IR2,Lvl,AllPub,FR2,Gtl,CollgCr,Norm,Norm,1Fam,2Story,7,5,2004,2005,Gable,CompShg,VinylSd,VinylSd,None,0.0,Gd,TA,PConc,Gd,TA,No,Unf,0,Unf,0,847,847,GasA,Ex,SBrkr,847,1101,0,1948,0,0,2,1,4,1,Gd,8,Typ,1,Gd,BuiltIn,2004.0,Fin,2,434,TA,TA,Y,100,48,0,0,0,0,,None,,0,9,2006,WD,Normal,195000,2
877,877,60,RL,74.0,8834,Pave,None,Reg,Lvl,AllPub,Inside,Gtl,NridgHt,Norm,Norm,1Fam,2Story,9,5,2004,2005,Hip,CompShg,VinylSd,VinylSd,Stone,216.0,Gd,TA,PConc,Ex,TA,No,GLQ,1170,Unf,0,292,1462,GasA,Ex,SBrkr,1462,762,0,2224,1,0,2,1,4,1,Ex,10,Typ,1,Gd,Attchd,2004.0,Fin,3,738,TA,TA,Y,184,0,0,0,0,0,,None,,0,6,2009,WD,Normal,350000,2
913,913,90,RH,82.0,6270,Pave,None,Reg,HLS,AllPub,Inside,Gtl,Crawfor,Norm,Norm,Duplex,2Story,5,6,1949,1950,Gable,CompShg,MetalSd,MetalSd,None,0.0,TA,TA,CBlock,TA,TA,No,BLQ,284,Unf,0,717,1001,GasA,TA,FuseA,1001,1001,0,2002,0,0,2,0,4,2,TA,8,Typ,0,None,2Types,1949.0,Unf,3,871,TA,TA,Y,0,0,0,0,0,0,,None,,0,8,2007,WD,Normal,145000,1
152,152,60,RL,69.0,14803,Pave,None,IR1,Lvl,AllPub,CulDSac,Gtl,NWAmes,Norm,Norm,1Fam,2Story,6,5,1971,1971,Gable,CompShg,HdBoard,HdBoard,BrkFace,252.0,TA,TA,CBlock,TA,TA,No,Rec,416,Unf,0,409,825,GasA,Gd,SBrkr,1097,896,0,1993,0,0,2,1,4,1,TA,8,Typ,1,Gd,Attchd,1971.0,RFn,2,495,TA,TA,Y,0,66,0,0,0,0,,GdWo,,0,6,2006,WD,Normal,190000,2
1338,1338,60,RL,95.0,13450,Pave,None,IR1,Lvl,AllPub,Corner,Gtl,CollgCr,Norm,Norm,1Fam,2Story,7,5,2002,2002,Gable,CompShg,VinylSd,VinylSd,None,0.0,Gd,TA,PConc,Gd,TA,No,GLQ,700,Unf,0,216,916,GasA,Ex,SBrkr,920,941,0,1861,1,0,2,1,3,1,Gd,8,Typ,0,None,BuiltIn,2002.0,RFn,2,492,TA,TA,Y,146,91,0,0,0,0,,None,,0,6,2006,WD,Normal,200000,2
509,509,20,RL,80.0,9600,Pave,None,Reg,Lvl,AllPub,Corner,Gtl,NAmes,Norm,Norm,1Fam,1Story,5,6,1959,1959,Gable,CompShg,MetalSd,MetalSd,BrkFace,132.0,TA,TA,CBlock,TA,TA,No,ALQ,991,Unf,0,50,1041,GasA,Ex,SBrkr,1041,0,0,1041,1,0,1,0,3,1,TA,6,Typ,0,None,Attchd,1959.0,RFn,1,270,TA,TA,Y,224,88,0,0,0,0,,MnPrv,,0,7,2009,WD,Normal,124500,0
1135,1135,30,RM,60.0,6180,Pave,None,Reg,Lvl,AllPub,Corner,Gtl,BrkSide,Norm,Norm,1Fam,1Story,6,5,1926,1950,Gable,CompShg,Wd Sdng,Wd Sdng,None,0.0,TA,TA,BrkTil,TA,TA,No,Unf,0,Unf,0,960,960,GasA,TA,SBrkr,986,0,0,986,0,0,1,0,2,1,TA,5,Typ,1,Gd,Detchd,1926.0,Unf,1,180,TA,TA,Y,0,128,0,0,0,0,,None,,0,5,2007,WD,Normal,102000,0
1251,1251,120,RL,69.0,3136,Pave,None,IR1,Lvl,AllPub,Corner,Gtl,NridgHt,Norm,Norm,TwnhsE,1Story,7,5,2003,2003,Gable,CompShg,VinylSd,Wd Shng,Stone,163.0,Gd,TA,PConc,Gd,TA,No,Unf,0,Unf,0,1405,1405,GasA,Ex,SBrkr,1405,0,0,1405,0,0,2,0,2,1,Gd,6,Typ,1,Gd,Attchd,2003.0,RFn,2,478,TA,TA,Y,148,36,0,0,0,0,,None,,0,3,2006,WD,Normal,171750,1
103,103,20,RL,94.0,10402,Pave,None,IR1,Lvl,AllPub,Corner,Gtl,CollgCr,Norm,Norm,1Fam,1Story,7,5,2009,2009,Gable,CompShg,VinylSd,VinylSd,None,0.0,TA,TA,PConc,Gd,TA,No,Unf,0,Unf,0,1226,1226,GasA,Ex,SBrkr,1226,0,0,1226,0,0,2,0,3,1,Gd,6,Typ,0,None,Attchd,2009.0,RFn,3,740,TA,TA,Y,0,36,0,0,0,0,,None,,0,5,2010,WD,Normal,198900,2
586,586,30,RL,55.0,10267,Pave,None,Reg,Lvl,AllPub,Inside,Gtl,BrkSide,RRAn,Norm,1Fam,1Story,6,7,1918,2000,Gable,CompShg,Stucco,Wd Shng,None,0.0,TA,Gd,BrkTil,TA,Gd,Mn,Rec,210,ALQ,606,0,816,GasA,Ex,SBrkr,838,0,0,838,1,0,1,0,2,1,Fa,5,Typ,0,None,Detchd,1961.0,Fin,1,275,TA,TA,N,0,0,112,0,0,0,,MnWw,,0,5,2008,WD,Normal,130000,0
1380,1380,30,RL,45.0,8212,Pave,Grvl,Reg,Lvl,AllPub,Inside,Gtl,Edwards,Norm,Norm,1Fam,1Story,3,3,1914,1950,Gable,CompShg,Stucco,Stucco,None,0.0,TA,Fa,BrkTil,TA,Fa,No,Rec,203,Unf,0,661,864,GasA,TA,FuseF,864,0,0,864,1,0,1,0,2,1,TA,5,Typ,0,None,Detchd,1938.0,Unf,1,200,TA,Fa,Y,0,0,96,0,0,0,,None,,0,6,2010,WD,Normal,58500,0
1143,1143,20,RL,69.0,9000,Pave,None,Reg,Lvl,AllPub,Inside,Gtl,Sawyer,Norm,Norm,1Fam,1Story,5,3,1959,1959,Gable,CompShg,Wd Sdng,Plywood,None,0.0,TA,TA,CBlock,TA,TA,No,GLQ,288,Unf,0,718,1006,GasA,TA,SBrkr,1006,0,0,1006,0,0,1,0,3,1,TA,5,Typ,0,None,None,1980.0,None,0,0,None,None,Y,0,24,0,0,0,0,,None,,0,7,2008,WD,Normal,80000,0
53,53,20,RL,68.0,50271,Pave,None,IR1,Low,AllPub,Inside,Gtl,Veenker,Norm,Norm,1Fam,1Story,9,5,1981,1987,Gable,WdShngl,WdShing,Wd Shng,None,0.0,Gd,TA,CBlock,Ex,TA,Gd,GLQ,1810,Unf,0,32,1842,GasA,Gd,SBrkr,1842,0,0,1842,2,0,0,1,0,1,Gd,5,Typ,1,Gd,Attchd,1981.0,Fin,3,894,TA,TA,Y,857,72,0,0,0,0,,None,,0,11,2006,WD,Normal,385000,2
151,151,20,RL,107.0,13891,Pave,None,Reg,Lvl,AllPub,Inside,Gtl,NridgHt,Norm,Norm,1Fam,1Story,8,5,2007,2008,Hip,CompShg,VinylSd,VinylSd,Stone,436.0,Gd,TA,PConc,Ex,TA,Gd,GLQ,1400,Unf,0,310,1710,GasA,Ex,SBrkr,1710,0,0,1710,1,0,2,0,2,1,Gd,6,Typ,1,Gd,Attchd,2007.0,RFn,3,866,TA,TA,Y,0,102,0,0,0,0,,None,,0,1,2008,New,Partial,372402,2
403,403,60,RL,93.0,12090,Pave,None,Reg,Lvl,AllPub,Corner,Gtl,NoRidge,Norm,Norm,1Fam,2Story,8,5,1998,1998,Hip,CompShg,VinylSd,VinylSd,BrkFace,650.0,Gd,TA,PConc,Gd,TA,No,Unf,0,Unf,0,1141,1141,GasA,Gd,SBrkr,1165,1098,0,2263,0,0,2,1,4,1,Gd,10,Typ,1,TA,BuiltIn,1998.0,Fin,2,420,TA,TA,Y,144,123,0,0,0,0,,None,,0,7,2006,WD,Abnorml,258000,2
1416,1416,190,RM,60.0,11340,Pave,None,Reg,Lvl,AllPub,Inside,Gtl,OldTown,Norm,Norm,2fmCon,2Story,4,6,1885,1950,Gable,CompShg,VinylSd,AsbShng,None,0.0,TA,TA,PConc,TA,TA,No,Unf,0,Unf,0,777,777,GasA,Gd,SBrkr,1246,1044,0,2290,0,0,2,0,4,2,TA,11,Typ,0,None,Detchd,1971.0,Unf,2,560,TA,TA,N,0,0,114,0,0,0,,None,,0,4,2010,WD,Normal,122500,0
207,207,20,RL,69.0,12493,Pave,None,IR1,Lvl,AllPub,Inside,Gtl,NAmes,Norm,Norm,1Fam,1Story,4,5,1960,1960,Gable,CompShg,Wd Sdng,Wd Sdng,None,0.0,TA,TA,PConc,TA,TA,No,ALQ,419,Rec,306,375,1100,GasA,TA,SBrkr,1100,0,0,1100,1,0,1,0,3,1,TA,6,Typ,1,Po,Attchd,1960.0,RFn,1,312,TA,TA,Y,355,0,0,0,0,0,,GdWo,,0,4,2008,WD,Normal,141000,1
1381,1381,20,RL,69.0,12925,Pave,None,IR1,Lvl,AllPub,Corner,Gtl,NAmes,Norm,Norm,1Fam,1Story,6,7,1970,1970,Gable,CompShg,BrkFace,Plywood,None,0.0,TA,TA,CBlock,TA,TA,Mn,BLQ,865,Unf,0,340,1205,GasA,Ex,SBrkr,2117,0,0,2117,0,0,2,1,4,1,TA,7,Typ,2,Gd,Attchd,1970.0,Fin,2,550,TA,TA,Y,0,42,0,0,0,0,,None,,0,5,2008,WD,Normal,237500,2
1122,1122,20,RL,69.0,8926,Pave,None,IR1,Lvl,AllPub,Corner,Gtl,Edwards,Norm,Norm,1Fam,1Story,4,3,1956,1956,Gable,CompShg,AsbShng,AsbShng,None,0.0,TA,TA,CBlock,TA,TA,No,Unf,0,Unf,0,672,672,GasA,Ex,FuseA,960,0,0,960,0,0,1,0,3,1,TA,5,Typ,0,None,Basment,1956.0,Unf,1,288,TA,TA,Y,64,0,0,0,160,0,,MnPrv,,0,10,2009,COD,Abnorml,112000,0
8,8,50,RM,51.0,6120,Pave,None,Reg,Lvl,AllPub,Inside,Gtl,OldTown,Artery,Norm,1Fam,1.5Fin,7,5,1931,1950,Gable,CompShg,BrkFace,Wd Shng,None,0.0,TA,TA,BrkTil,TA,TA,No,Unf,0,Unf,0,952,952,GasA,Gd,FuseF,1022,752,0,1774,0,0,2,0,2,2,TA,8,Min1,2,TA,Detchd,1931.0,Unf,2,468,Fa,TA,Y,90,0,205,0,0,0,,None,,0,4,2008,WD,Abnorml,129900,0
1014,1014,20,RL,60.0,11664,Pave,None,Reg,Lvl,AllPub,Inside,Gtl,NAmes,Artery,Norm,1Fam,1Story,6,5,1948,1950,Gable,CompShg,MetalSd,MetalSd,BrkFace,206.0,TA,TA,CBlock,TA,Fa,No,BLQ,336,Unf,0,746,1082,GasA,TA,SBrkr,1082,0,0,1082,0,0,1,0,2,1,TA,5,Typ,1,Gd,Detchd,1948.0,Unf,1,240,TA,TA,Y,0,130,0,0,0,0,,None,,0,11,2007,WD,Normal,119200,0
1308,1308,20,RM,100.0,12000,Pave,None,Reg,Lvl,AllPub,Inside,Gtl,OldTown,Norm,Norm,1Fam,1Story,5,7,1948,2005,Gable,CompShg,MetalSd,MetalSd,None,0.0,TA,TA,CBlock,TA,TA,No,GLQ,144,ALQ,608,172,924,GasA,Ex,SBrkr,1122,0,0,1122,1,0,1,0,2,1,Gd,6,Typ,0,None,Attchd,1948.0,Unf,2,528,TA,TA,Y,0,36,0,0,0,0,,GdWo,,0,5,2008,WD,Normal,147000,1
1060,1060,120,RL,41.0,4920,Pave,None,Reg,Lvl,AllPub,Inside,Gtl,StoneBr,Norm,Norm,TwnhsE,1Story,8,5,2001,2001,Gable,CompShg,CemntBd,CmentBd,None,0.0,Gd,TA,PConc,Gd,TA,Mn,GLQ,616,Unf,0,722,1338,GasA,Ex,SBrkr,1338,0,0,1338,1,0,2,0,2,1,Gd,6,Typ,0,None,Attchd,2001.0,Fin,2,582,TA,TA,Y,0,0,170,0,0,0,,None,,0,4,2010,WD,Normal,213500,2
452,452,60,RL,69.0,9303,Pave,None,IR1,Lvl,AllPub,Corner,Gtl,Timber,Norm,Norm,1Fam,2Story,6,5,1996,1997,Hip,CompShg,VinylSd,VinylSd,BrkFace,42.0,Gd,TA,PConc,Ex,TA,No,ALQ,742,Unf,0,130,872,GasA,Ex,SBrkr,888,868,0,1756,1,0,2,1,3,1,TA,7,Typ,0,None,Attchd,1996.0,Fin,2,422,TA,TA,Y,144,122,0,0,0,0,,None,,0,7,2007,WD,Normal,204000,2
253,253,80,RL,85.0,9350,Pave,None,Reg,Lvl,AllPub,Inside,Gtl,NAmes,Norm,Norm,1Fam,SLvl,6,7,1964,1991,Hip,CompShg,HdBoard,HdBoard,BrkFace,108.0,TA,TA,CBlock,Gd,TA,Gd,LwQ,270,ALQ,580,452,1302,GasA,Ex,SBrkr,1302,0,0,1302,0,1,2,0,3,1,Gd,7,Min1,0,None,Attchd,1964.0,RFn,1,309,TA,TA,Y,333,0,0,0,0,0,,MnPrv,,0,10,2007,CWD,Normal,158000,1
896,896,30,RM,50.0,8765,Pave,Grvl,Reg,Lvl,AllPub,Inside,Gtl,IDOTRR,Norm,Norm,1Fam,1Story,4,6,1936,1950,Gable,CompShg,Wd Sdng,Wd Sdng,None,0.0,TA,TA,BrkTil,TA,TA,No,ALQ,285,Unf,0,666,951,GasA,Ex,SBrkr,951,0,0,951,0,0,1,0,2,1,TA,6,Typ,0,None,Detchd,1936.0,Unf,1,327,TA,TA,Y,0,28,0,0,0,0,,None,,0,4,2006,WD,Abnorml,106500,0
1378,1378,160,RM,21.0,1953,Pave,None,Reg,Lvl,AllPub,Inside,Gtl,BrDale,Norm,Norm,Twnhs,2Story,6,5,1973,1973,Gable,CompShg,HdBoard,HdBoard,BrkFace,408.0,TA,TA,CBlock,TA,Fa,No,BLQ,309,Unf,0,174,483,GasA,TA,SBrkr,483,504,0,987,0,0,1,1,2,1,TA,5,Typ,0,None,Detchd,1973.0,Unf,1,264,TA,TA,Y,72,0,0,0,0,0,,None,,0,6,2006,WD,Normal,83000,0
880,880,20,RL,60.0,7024,Pave,None,Reg,Lvl,AllPub,Inside,Gtl,Edwards,Norm,Norm,1Fam,1Story,5,5,2005,2006,Gable,CompShg,VinylSd,VinylSd,None,0.0,TA,TA,PConc,Ex,Gd,No,ALQ,980,Unf,0,110,1090,GasA,Gd,SBrkr,1090,0,0,1090,1,0,1,1,2,1,TA,5,Typ,0,None,Attchd,2005.0,Fin,2,450,TA,TA,Y,0,49,0,0,0,0,,None,,0,6,2007,WD,Normal,157000,1
1377,1377,50,RL,60.0,10998,Pave,Grvl,Reg,Lvl,AllPub,Inside,Gtl,Edwards,Norm,Norm,1Fam,1.5Fin,5,5,1941,1960,Gable,CompShg,Wd Sdng,Wd Sdng,None,0.0,TA,TA,CBlock,TA,TA,No,LwQ,408,BLQ,420,156,984,GasA,Ex,SBrkr,984,620,0,1604,0,0,2,0,3,1,TA,6,Min2,0,None,Detchd,1977.0,Unf,2,660,TA,TA,Y,0,68,0,0,0,0,,None,,0,7,2009,WD,Normal,117000,0
623,623,160,FV,69.0,2117,Pave,None,Reg,Lvl,AllPub,Inside,Gtl,Somerst,Norm,Norm,TwnhsE,2Story,6,5,2000,2000,Gable,CompShg,MetalSd,MetalSd,BrkFace,513.0,Gd,TA,PConc,Gd,TA,No,GLQ,420,Unf,0,336,756,GasA,Ex,SBrkr,756,756,0,1512,0,0,2,1,2,1,Gd,4,Typ,1,TA,Detchd,2000.0,Unf,2,440,TA,TA,Y,0,32,0,0,0,0,,None,,0,6,2007,WD,Normal,168500,1
345,345,50,RL,65.0,6435,Pave,None,Reg,Lvl,AllPub,Inside,Gtl,BrkSide,RRAn,Norm,1Fam,1.5Fin,6,5,1939,1950,Gable,CompShg,MetalSd,MetalSd,None,0.0,TA,TA,BrkTil,TA,TA,No,Unf,0,Unf,0,972,972,GasA,Gd,SBrkr,972,605,0,1577,0,0,1,0,3,1,Fa,6,Typ,1,Gd,Detchd,1939.0,Unf,1,312,TA,TA,Y,0,0,0,0,0,0,,None,,0,10,2006,WD,Normal,140200,1
1253,1253,60,RL,69.0,17542,Pave,None,IR1,Lvl,AllPub,Inside,Gtl,Veenker,Norm,Norm,1Fam,2Story,7,7,1974,2003,Gable,CompShg,Wd Sdng,Wd Sdng,None,0.0,Gd,TA,CBlock,TA,TA,Gd,LwQ,125,ALQ,1031,36,1192,GasA,TA,SBrkr,1516,651,0,2167,1,0,2,1,3,1,Gd,9,Typ,2,Gd,Attchd,1974.0,RFn,2,518,TA,TA,Y,220,47,0,0,0,0,,MnPrv,,0,7,2007,WD,Normal,294000,2
262,262,80,RL,88.0,8471,Pave,None,IR1,Lvl,AllPub,Corner,Gtl,Sawyer,Norm,Norm,1Fam,SLvl,6,7,1977,1995,Gable,CompShg,HdBoard,Plywood,BrkFace,46.0,TA,TA,CBlock,Gd,Gd,Av,ALQ,506,Unf,0,0,506,GasA,TA,SBrkr,1212,0,0,1212,1,0,1,0,3,1,TA,6,Typ,1,TA,Attchd,1978.0,Unf,2,492,TA,TA,Y,292,12,0,0,0,0,,GdWo,,0,7,2006,WD,Normal,151000,1
150,150,20,RL,120.0,10356,Pave,None,Reg,Lvl,AllPub,Corner,Gtl,CollgCr,Norm,Norm,1Fam,1Story,5,6,1975,1975,Gable,CompShg,HdBoard,HdBoard,None,0.0,TA,TA,CBlock,TA,TA,Av,BLQ,716,Unf,0,253,969,GasA,TA,SBrkr,969,0,0,969,0,0,1,1,3,1,TA,5,Typ,0,None,Attchd,1975.0,Unf,2,440,TA,TA,Y,0,0,0,0,0,0,,MnPrv,,0,1,2007,WD,Normal,122000,0
472,472,180,RM,35.0,3675,Pave,None,Reg,Lvl,AllPub,Inside,Gtl,Edwards,Norm,Norm,TwnhsE,SLvl,6,5,2005,2005,Gable,CompShg,VinylSd,VinylSd,BrkFace,80.0,TA,TA,PConc,Gd,TA,Gd,GLQ,459,Unf,0,88,547,GasA,Ex,SBrkr,1072,0,0,1072,1,0,1,0,2,1,TA,5,Typ,0,None,Basment,2005.0,RFn,2,525,TA,TA,Y,0,28,0,0,0,0,,None,,0,6,2008,WD,Normal,148000,1
640,640,120,RL,62.0,12677,Pave,None,IR1,Lvl,AllPub,Inside,Gtl,NridgHt,Norm,Norm,TwnhsE,1Story,8,5,2003,2004,Hip,CompShg,MetalSd,MetalSd,BrkFace,472.0,Ex,TA,PConc,Ex,TA,Gd,GLQ,1218,Unf,0,300,1518,GasA,Ex,SBrkr,1518,0,0,1518,0,0,1,1,1,1,Ex,6,Typ,1,Gd,Attchd,2003.0,RFn,2,588,TA,TA,Y,185,140,0,0,0,0,,None,,0,4,2008,WD,Normal,274000,2
1446,1446,20,RL,69.0,26142,Pave,None,IR1,Lvl,AllPub,CulDSac,Gtl,Mitchel,Norm,Norm,1Fam,1Story,5,7,1962,1962,Gable,CompShg,HdBoard,HdBoard,BrkFace,189.0,TA,TA,CBlock,TA,TA,No,Rec,593,Unf,0,595,1188,GasA,TA,SBrkr,1188,0,0,1188,0,0,1,0,3,1,TA,6,Typ,0,None,Attchd,1962.0,Unf,1,312,TA,TA,P,261,39,0,0,0,0,,None,,0,4,2010,WD,Normal,157900,1
1374,1374,60,FV,85.0,10625,Pave,None,Reg,Lvl,AllPub,Inside,Gtl,Somerst,Norm,Norm,1Fam,2Story,7,5,2005,2005,Gable,CompShg,CemntBd,CmentBd,None,0.0,Gd,TA,PConc,Gd,TA,No,Unf,0,Unf,0,1026,1026,GasA,Ex,SBrkr,1026,932,0,1958,0,0,2,1,3,1,Gd,9,Typ,1,Gd,Attchd,2005.0,Fin,3,936,TA,TA,Y,154,210,0,0,0,0,,None,,0,7,2008,WD,Normal,250000,2
550,550,120,RL,53.0,4043,Pave,None,Reg,Lvl,AllPub,Inside,Gtl,NPkVill,Norm,Norm,TwnhsE,1Story,6,6,1977,1977,Gable,CompShg,Plywood,Plywood,None,0.0,TA,TA,CBlock,Gd,TA,No,ALQ,559,Unf,0,510,1069,GasA,TA,SBrkr,1069,0,0,1069,0,0,2,0,2,1,TA,4,Typ,0,None,Attchd,1977.0,RFn,2,440,TA,TA,Y,0,55,0,0,200,0,,None,,0,10,2008,COD,Abnorml,140000,1
928,928,20,RL,69.0,11838,Pave,None,Reg,Lvl,AllPub,Inside,Gtl,CollgCr,Norm,Norm,1Fam,1Story,8,5,2001,2001,Hip,CompShg,VinylSd,VinylSd,None,0.0,Gd,TA,PConc,Gd,TA,Av,Unf,0,Unf,0,1753,1753,GasA,Ex,SBrkr,1788,0,0,1788,0,0,2,0,3,1,Ex,7,Typ,1,TA,Attchd,2001.0,RFn,2,522,TA,TA,Y,202,151,0,0,0,0,,None,,0,6,2009,WD,Normal,236500,2
488,488,190,RL,60.0,10800,Pave,None,Reg,Lvl,AllPub,Corner,Gtl,OldTown,Norm,Norm,2fmCon,1.5Fin,5,4,1900,1970,Gable,CompShg,Wd Sdng,Wd Sdng,None,0.0,TA,Fa,CBlock,TA,Fa,No,BLQ,664,Unf,0,290,954,GasA,TA,FuseA,1766,648,0,2414,0,0,2,0,3,2,TA,10,Mod,1,Gd,Attchd,1970.0,Unf,2,520,TA,Fa,N,142,0,0,0,0,0,,None,,0,5,2006,ConLD,Normal,160000,1
1321,1321,20,RL,69.0,6627,Pave,None,IR1,Lvl,AllPub,Corner,Gtl,BrkSide,Feedr,Norm,1Fam,1Story,3,6,1949,1950,Hip,CompShg,VinylSd,VinylSd,None,0.0,TA,TA,CBlock,None,None,None,None,0,None,0,0,0,Floor,TA,SBrkr,720,0,0,720,0,0,1,0,2,1,TA,4,Typ,0,None,Detchd,1955.0,Unf,1,287,TA,Fa,Y,0,0,0,0,0,0,,None,,0,7,2008,WD,Normal,72500,0
1171,1171,20,RL,76.0,9120,Pave,None,Reg,Lvl,AllPub,Inside,Gtl,NAmes,Norm,Norm,1Fam,1Story,6,6,1958,1958,Hip,CompShg,MetalSd,MetalSd,None,0.0,TA,TA,CBlock,TA,TA,No,ALQ,662,Unf,0,599,1261,GasA,Ex,SBrkr,1261,0,0,1261,1,0,1,0,3,1,TA,6,Typ,1,TA,Attchd,1958.0,RFn,2,433,TA,TA,Y,0,0,0,0,288,0,,None,Shed,1400,11,2008,WD,Normal,163000,1
146,146,30,RM,51.0,6120,Pave,None,Reg,Lvl,AllPub,Corner,Gtl,BrkSide,Norm,Norm,1Fam,1Story,5,7,1931,1993,Gable,CompShg,Wd Sdng,Wd Sdng,None,0.0,TA,TA,BrkTil,TA,TA,No,BLQ,209,Unf,0,506,715,GasA,TA,FuseA,875,0,0,875,1,0,1,0,2,1,TA,5,Typ,0,None,Detchd,1931.0,Unf,1,180,Fa,TA,Y,48,0,0,0,0,0,,None,,0,11,2009,WD,Normal,105000,0
402,402,30,RL,60.0,10200,Pave,None,Reg,Lvl,AllPub,Inside,Gtl,Sawyer,Norm,Norm,1Fam,1Story,5,8,1940,1997,Gable,CompShg,Wd Sdng,Wd Sdng,None,0.0,TA,TA,PConc,TA,TA,No,Unf,0,Unf,0,672,672,GasA,Ex,SBrkr,672,0,0,672,0,0,1,0,2,1,TA,4,Typ,0,None,Detchd,1940.0,Unf,1,240,TA,TA,N,168,0,0,0,0,0,,GdPrv,,0,8,2008,WD,Normal,108000,0
954,954,90,RL,35.0,9400,Pave,None,IR1,Lvl,AllPub,CulDSac,Gtl,Edwards,Norm,Norm,Duplex,SFoyer,6,5,1975,1975,Flat,Tar&Grv,WdShing,Plywood,BrkFace,250.0,TA,TA,CBlock,Gd,Gd,Gd,GLQ,945,Unf,0,0,945,GasA,TA,SBrkr,980,0,0,980,0,2,2,0,4,0,TA,4,Typ,0,None,None,1980.0,None,0,0,None,None,Y,0,0,0,0,0,0,,None,,0,10,2006,WD,AdjLand,127500,0
1404,1404,50,RL,60.0,10410,Pave,Grvl,Reg,Lvl,AllPub,Corner,Gtl,OldTown,Artery,Norm,1Fam,1.5Fin,3,4,1915,1950,Gable,CompShg,Wd Sdng,Wd Sdng,None,0.0,TA,TA,PConc,TA,TA,No,Unf,0,Unf,0,672,672,GasA,TA,SBrkr,694,520,0,1214,0,0,1,0,3,1,TA,6,Typ,0,None,Detchd,1998.0,Unf,3,936,TA,TA,Y,216,0,160,0,0,0,,MnPrv,,0,1,2006,WD,Family,105000,0
659,659,20,RL,75.0,9937,Pave,None,Reg,Lvl,AllPub,Corner,Gtl,Edwards,Norm,Norm,1Fam,1Story,5,7,1964,1999,Hip,CompShg,MetalSd,MetalSd,None,0.0,TA,Gd,PConc,TA,TA,No,BLQ,637,Unf,0,849,1486,GasA,Ex,SBrkr,1486,0,0,1486,1,0,1,0,3,1,TA,7,Typ,0,None,Detchd,1968.0,Fin,2,480,TA,TA,Y,0,0,0,0,0,0,,MnPrv,,0,3,2009,WD,Normal,167000,1
463,463,70,RL,74.0,11988,Pave,None,IR1,HLS,AllPub,Inside,Mod,Crawfor,Norm,Norm,1Fam,2Story,6,7,1934,1995,Hip,CompShg,Stucco,Stucco,None,0.0,TA,TA,CBlock,TA,TA,No,LwQ,326,Unf,0,389,715,GasA,Fa,FuseA,849,811,0,1660,0,0,1,1,3,1,TA,6,Typ,1,Gd,Detchd,1939.0,Unf,1,240,TA,TA,Y,0,0,0,0,0,0,,None,,0,8,2008,WD,Normal,188700,1
186,186,80,RL,69.0,9947,Pave,None,IR1,Lvl,AllPub,CulDSac,Gtl,Mitchel,Norm,Norm,1Fam,SLvl,7,5,1990,1991,Gable,CompShg,HdBoard,HdBoard,None,0.0,TA,TA,PConc,Gd,TA,Av,GLQ,611,Unf,0,577,1188,GasA,Ex,SBrkr,1217,0,0,1217,1,0,2,0,3,1,Gd,6,Typ,0,None,Attchd,1990.0,Unf,2,497,TA,TA,Y,168,27,0,0,0,0,,GdPrv,,0,6,2009,WD,Normal,173000,1
1147,1147,70,RL,75.0,12000,Pave,None,Reg,Bnk,AllPub,Inside,Gtl,Crawfor,Norm,Norm,1Fam,2Story,7,7,1941,1950,Gable,CompShg,MetalSd,MetalSd,None,0.0,TA,TA,CBlock,TA,TA,No,Rec,275,Unf,0,429,704,GasA,Ex,SBrkr,860,704,0,1564,0,0,1,1,3,1,Fa,7,Typ,1,Gd,Attchd,1941.0,Unf,1,234,TA,TA,Y,0,0,0,0,0,0,,None,,0,7,2009,WD,Normal,174500,1
1224,1224,60,RL,60.0,15384,Pave,None,IR1,Lvl,AllPub,Inside,Gtl,Gilbert,RRAn,Norm,1Fam,2Story,7,5,2004,2005,Gable,CompShg,VinylSd,VinylSd,None,0.0,Gd,TA,PConc,Gd,TA,Av,GLQ,724,Unf,0,64,788,GasA,Ex,SBrkr,788,702,0,1490,1,0,2,1,3,1,Gd,8,Typ,1,Gd,Attchd,2004.0,Fin,2,388,TA,TA,Y,100,75,0,0,0,0,,None,,0,2,2008,WD,Normal,184000,1
608,608,70,RL,78.0,12168,Pave,None,Reg,HLS,AllPub,Inside,Mod,Crawfor,Norm,Norm,1Fam,2Story,8,6,1934,1998,Gable,CompShg,BrkFace,Wd Sdng,None,0.0,TA,TA,PConc,Gd,TA,Mn,BLQ,428,Unf,0,537,965,GasA,TA,SBrkr,1940,1254,0,3194,0,0,2,1,4,1,TA,10,Typ,2,Gd,Basment,1934.0,Unf,2,380,TA,TA,Y,0,0,0,0,0,0,,None,,0,9,2007,WD,Alloca,359100,2
143,143,20,RL,78.0,10335,Pave,None,IR1,Lvl,AllPub,Inside,Gtl,CollgCr,Norm,Norm,1Fam,1Story,7,5,1999,1999,Gable,CompShg,VinylSd,VinylSd,BrkFace,183.0,Gd,TA,PConc,Gd,TA,Gd,GLQ,679,Unf,0,811,1490,GasA,Ex,SBrkr,1501,0,0,1501,1,0,2,0,3,1,Gd,6,Typ,0,None,Attchd,1999.0,RFn,2,577,TA,TA,Y,144,29,0,0,0,0,,None,,0,6,2009,WD,Normal,204000,2
751,751,60,RL,69.0,7750,Pave,None,Reg,Lvl,AllPub,Inside,Gtl,Gilbert,RRAn,Norm,1Fam,2Story,7,5,2003,2003,Gable,CompShg,VinylSd,VinylSd,None,0.0,Gd,TA,PConc,Gd,TA,No,Unf,0,Unf,0,660,660,GasA,Ex,SBrkr,660,660,0,1320,0,0,2,1,3,1,Gd,6,Typ,0,None,Attchd,2003.0,Fin,2,400,TA,TA,Y,0,48,0,0,0,0,,None,,0,8,2007,WD,Normal,162000,1
981,981,60,RL,98.0,12203,Pave,None,IR1,Lvl,AllPub,Corner,Gtl,NoRidge,Norm,Norm,1Fam,2Story,8,5,1998,1999,Hip,CompShg,VinylSd,VinylSd,BrkFace,975.0,Gd,TA,PConc,Gd,TA,No,GLQ,854,Unf,0,371,1225,GasA,Ex,SBrkr,1276,1336,0,2612,1,0,2,1,4,1,Gd,8,Typ,1,TA,Attchd,1998.0,Fin,3,676,TA,TA,Y,250,0,0,0,0,0,,None,,0,7,2009,WD,Normal,336000,2
197,197,75,RL,174.0,25419,Pave,None,Reg,Lvl,AllPub,Corner,Gtl,NAmes,Artery,Norm,1Fam,2Story,8,4,1918,1990,Gable,CompShg,Stucco,Stucco,None,0.0,Gd,Gd,PConc,TA,TA,No,GLQ,1036,LwQ,184,140,1360,GasA,Gd,SBrkr,1360,1360,392,3112,1,1,2,0,4,1,Gd,8,Typ,1,Ex,Detchd,1918.0,Unf,2,795,TA,TA,Y,0,16,552,0,0,512,Ex,GdPrv,,0,3,2006,WD,Abnorml,235000,2
883,883,75,RL,60.0,6204,Pave,None,Reg,Bnk,AllPub,Inside,Gtl,SWISU,Norm,Norm,1Fam,2.5Fin,4,5,1912,1950,Gable,CompShg,Wd Sdng,Wd Sdng,None,0.0,Gd,TA,PConc,TA,Fa,No,Unf,0,Unf,0,795,795,GasA,TA,SBrkr,954,795,481,2230,1,0,1,0,5,1,TA,10,Typ,0,None,Detchd,1997.0,Unf,1,440,TA,Gd,Y,0,188,0,0,0,0,,None,,0,3,2006,WD,Normal,118500,0
279,279,60,RL,83.0,10005,Pave,None,Reg,Lvl,AllPub,Inside,Gtl,ClearCr,Norm,Norm,1Fam,2Story,7,5,1977,1977,Hip,CompShg,Plywood,Plywood,BrkFace,299.0,TA,TA,CBlock,Gd,TA,No,BLQ,392,Unf,0,768,1160,GasA,Ex,SBrkr,1156,866,0,2022,0,0,2,1,4,1,TA,8,Typ,1,TA,Attchd,1977.0,Fin,2,505,TA,TA,Y,288,117,0,0,0,0,,None,,0,3,2008,WD,Normal,192000,2
293,293,60,RL,69.0,16659,Pave,None,IR1,Lvl,AllPub,Corner,Gtl,NWAmes,PosA,Norm,1Fam,2Story,7,7,1977,1994,Gable,CompShg,Plywood,Plywood,BrkFace,34.0,TA,TA,CBlock,TA,TA,No,ALQ,795,Unf,0,0,795,GasA,Fa,SBrkr,1468,795,0,2263,1,0,2,1,3,1,Gd,9,Typ,1,TA,Attchd,1977.0,Fin,2,539,TA,TA,Y,0,250,0,0,0,0,,None,,0,3,2006,WD,Normal,235000,2
1329,1329,60,RL,63.0,9084,Pave,None,IR1,Lvl,AllPub,Inside,Gtl,Gilbert,Norm,Norm,1Fam,2Story,7,5,1998,1998,Hip,CompShg,VinylSd,VinylSd,None,0.0,TA,TA,PConc,Gd,TA,No,Unf,0,Unf,0,935,935,GasA,Gd,SBrkr,955,677,0,1632,0,0,2,1,3,1,TA,8,Typ,1,TA,Attchd,1998.0,Fin,2,462,TA,TA,Y,0,28,0,0,0,0,,None,,0,6,2006,WD,Normal,176500,1
400,400,120,RL,38.0,14963,Pave,None,IR2,Lvl,AllPub,Inside,Gtl,Veenker,Norm,Norm,TwnhsE,1Story,8,5,1996,1996,Gable,CompShg,BrkFace,BrkFace,None,0.0,Gd,TA,PConc,Gd,TA,No,GLQ,786,Unf,0,474,1260,GasA,Ex,SBrkr,1288,0,0,1288,1,0,1,1,1,1,Ex,4,Typ,2,Gd,Attchd,1996.0,Fin,2,500,TA,TA,Y,120,30,0,0,224,0,,None,,0,12,2008,WD,Normal,245500,2
122,122,20,RL,75.0,9464,Pave,None,Reg,Lvl,AllPub,Corner,Gtl,NAmes,Norm,Norm,1Fam,1Story,6,7,1958,1958,Hip,CompShg,MetalSd,MetalSd,BrkFace,135.0,TA,Gd,CBlock,TA,TA,No,BLQ,570,Unf,0,510,1080,GasA,Gd,SBrkr,1080,0,0,1080,0,0,1,0,3,1,TA,5,Typ,0,None,Attchd,1958.0,Unf,1,288,TA,TA,Y,0,0,0,0,130,0,,None,,0,6,2008,WD,Normal,136000,0
1207,1207,20,RL,70.0,9135,Pave,None,Reg,Lvl,AllPub,Inside,Gtl,CollgCr,Norm,Norm,1Fam,1Story,6,5,2003,2003,Gable,CompShg,VinylSd,VinylSd,BrkFace,120.0,Gd,TA,PConc,Gd,TA,Av,GLQ,340,Unf,0,1342,1682,GasA,Ex,SBrkr,1700,0,0,1700,1,0,2,0,3,1,Gd,7,Typ,0,None,Attchd,2003.0,RFn,2,544,TA,TA,Y,192,23,0,0,0,0,,None,,0,5,2006,WD,Normal,200000,2
202,202,50,RL,50.0,7000,Pave,None,Reg,Lvl,AllPub,Corner,Gtl,OldTown,Artery,Norm,1Fam,1.5Fin,6,6,1924,1950,Gable,CompShg,MetalSd,MetalSd,None,0.0,TA,Gd,BrkTil,Fa,TA,No,LwQ,617,Unf,0,0,617,GasA,Gd,SBrkr,865,445,0,1310,0,0,2,0,2,1,TA,6,Min1,0,None,Attchd,1924.0,Unf,1,398,TA,TA,Y,0,0,126,0,0,0,,None,,0,5,2006,COD,Normal,112000,0
835,835,20,RL,60.0,9600,Pave,None,Reg,Lvl,AllPub,Inside,Gtl,Sawyer,Norm,Norm,1Fam,1Story,4,7,1950,1995,Gable,CompShg,VinylSd,HdBoard,None,0.0,TA,TA,CBlock,Gd,TA,No,BLQ,442,Unf,0,625,1067,GasA,TA,SBrkr,1067,0,0,1067,0,0,2,0,2,1,Gd,4,Min2,0,None,Attchd,1996.0,Unf,2,436,TA,TA,Y,290,0,0,0,0,0,,None,,0,2,2010,WD,Normal,128000,0
246,246,190,RM,69.0,9142,Pave,Grvl,Reg,Lvl,AllPub,Inside,Gtl,OldTown,Norm,Norm,2fmCon,2Story,6,8,1910,1950,Gable,CompShg,AsbShng,AsbShng,None,0.0,TA,Fa,Stone,Fa,TA,No,Unf,0,Unf,0,1020,1020,GasA,Gd,FuseP,908,1020,0,1928,0,0,2,0,4,2,Fa,9,Typ,0,None,Detchd,1910.0,Unf,1,440,Po,Po,Y,0,60,112,0,0,0,,None,,0,4,2006,WD,Normal,137000,0
1386,1386,60,RL,80.0,16692,Pave,None,IR1,Lvl,AllPub,Inside,Gtl,NWAmes,RRAn,Norm,1Fam,2Story,7,5,1978,1978,Gable,CompShg,Plywood,Plywood,BrkFace,184.0,TA,TA,CBlock,Gd,TA,No,BLQ,790,LwQ,469,133,1392,GasA,TA,SBrkr,1392,1392,0,2784,1,0,3,1,5,1,Gd,12,Typ,2,TA,Attchd,1978.0,RFn,2,564,TA,TA,Y,0,112,0,0,440,519,Fa,MnPrv,TenC,2000,7,2006,WD,Normal,250000,2
1372,1372,60,RL,75.0,9750,Pave,None,Reg,Lvl,AllPub,Corner,Gtl,CollgCr,Norm,Norm,1Fam,2Story,7,6,1998,1998,Gable,CompShg,VinylSd,VinylSd,None,0.0,TA,TA,PConc,Gd,TA,Av,GLQ,975,Unf,0,133,1108,GasA,Ex,SBrkr,1108,989,0,2097,1,0,2,1,3,1,Gd,8,Typ,1,TA,Detchd,1998.0,RFn,2,583,TA,TA,Y,253,170,0,0,0,0,,None,,0,6,2006,WD,Normal,274300,2
1153,1153,30,RM,69.0,5890,Pave,None,Reg,Lvl,AllPub,Corner,Gtl,IDOTRR,Norm,Norm,1Fam,1Story,6,8,1930,2007,Gable,CompShg,Wd Sdng,Wd Sdng,None,0.0,Gd,Gd,BrkTil,TA,TA,Av,ALQ,538,Unf,0,278,816,GasA,Ex,SBrkr,816,0,0,816,0,0,1,0,2,1,TA,5,Typ,0,None,Detchd,2002.0,Unf,1,432,TA,TA,Y,0,0,96,0,0,0,,None,,0,6,2008,WD,Normal,120500,0
384,384,60,RL,69.0,53107,Pave,None,IR2,Low,AllPub,Corner,Mod,ClearCr,Feedr,Norm,1Fam,2Story,6,5,1992,1992,Gable,CompShg,HdBoard,HdBoard,None,0.0,Gd,TA,PConc,Gd,TA,Av,GLQ,985,Unf,0,595,1580,GasA,Ex,SBrkr,1079,874,0,1953,1,0,2,1,3,1,Gd,9,Typ,2,Fa,Attchd,1992.0,Fin,2,501,TA,TA,Y,216,231,0,0,0,0,,None,,0,6,2007,WD,Normal,240000,2
1288,1288,120,RL,40.0,5664,Pave,None,IR1,Lvl,AllPub,Inside,Gtl,StoneBr,Norm,Norm,TwnhsE,1Story,8,5,2000,2000,Gable,CompShg,CemntBd,CmentBd,None,0.0,Gd,TA,PConc,Gd,TA,No,GLQ,1158,Unf,0,343,1501,GasA,Ex,SBrkr,1659,0,0,1659,1,0,2,0,2,1,Ex,5,Typ,1,Ex,Attchd,2000.0,Fin,2,499,TA,TA,Y,212,59,0,0,0,0,,None,,0,10,2009,WD,Normal,278000,2
854,854,20,RL,102.0,17920,Pave,None,Reg,Lvl,AllPub,Inside,Gtl,Sawyer,Norm,Norm,1Fam,1Story,5,4,1955,1974,Hip,CompShg,Wd Sdng,Plywood,None,0.0,TA,TA,CBlock,TA,TA,Mn,ALQ,306,Rec,1085,372,1763,GasA,TA,SBrkr,1779,0,0,1779,1,0,1,1,3,1,TA,6,Typ,1,Gd,Attchd,1955.0,Unf,2,454,TA,TA,Y,0,418,0,0,312,0,,None,,0,7,2006,WD,Abnorml,170000,1
219,219,120,RL,43.0,3010,Pave,None,Reg,Lvl,AllPub,Inside,Gtl,Blmngtn,Norm,Norm,TwnhsE,1Story,7,5,2005,2006,Gable,CompShg,VinylSd,VinylSd,BrkFace,16.0,Gd,TA,PConc,Gd,TA,Av,GLQ,16,Unf,0,1232,1248,GasA,Ex,SBrkr,1248,0,0,1248,0,0,2,0,2,1,Gd,5,Typ,0,None,Attchd,2005.0,Fin,2,438,TA,TA,Y,108,0,0,0,0,0,,None,,0,3,2006,New,Partial,167240,1
641,641,60,FV,69.0,7050,Pave,None,Reg,Lvl,AllPub,Inside,Gtl,Somerst,Norm,Norm,1Fam,2Story,7,5,2001,2001,Gable,CompShg,VinylSd,VinylSd,None,0.0,Gd,TA,PConc,Gd,TA,No,GLQ,738,Unf,0,319,1057,GasA,Ex,SBrkr,1057,872,0,1929,1,0,2,1,3,1,Gd,7,Typ,1,TA,Attchd,2001.0,Fin,2,650,TA,TA,Y,0,235,0,0,0,0,,None,,0,5,2007,WD,Normal,226000,2
1,1,20,RL,80.0,9600,Pave,None,Reg,Lvl,AllPub,FR2,Gtl,Veenker,Feedr,Norm,1Fam,1Story,6,8,1976,1976,Gable,CompShg,MetalSd,MetalSd,None,0.0,TA,TA,CBlock,Gd,TA,Gd,ALQ,978,Unf,0,284,1262,GasA,Ex,SBrkr,1262,0,0,1262,0,1,2,0,3,1,TA,6,Typ,1,TA,Attchd,1976.0,RFn,2,460,TA,TA,Y,298,0,0,0,0,0,,None,,0,5,2007,WD,Normal,181500,1
112,112,60,RL,77.0,9965,Pave,None,Reg,Lvl,AllPub,Inside,Gtl,CollgCr,Norm,Norm,1Fam,2Story,7,5,2007,2007,Gable,CompShg,VinylSd,VinylSd,Stone,220.0,Gd,TA,PConc,Ex,TA,Av,GLQ,984,Unf,0,280,1264,GasA,Ex,SBrkr,1282,1414,0,2696,1,0,2,1,4,1,Ex,10,Typ,1,Gd,BuiltIn,2007.0,Fin,3,792,TA,TA,Y,120,184,0,0,168,0,,None,,0,10,2007,New,Partial,383970,2
698,698,20,RL,65.0,8450,Pave,None,Reg,Lvl,AllPub,Inside,Gtl,Sawyer,RRAe,Norm,1Fam,1Story,5,8,1965,2009,Gable,CompShg,MetalSd,MetalSd,None,0.0,TA,Gd,CBlock,TA,TA,No,GLQ,553,BLQ,117,224,894,GasA,Ex,SBrkr,894,0,0,894,1,0,1,0,3,1,TA,5,Typ,1,Gd,Detchd,1973.0,Unf,1,336,TA,TA,Y,416,144,0,0,0,0,,MnPrv,,0,4,2010,WD,Normal,138500,0
1393,1393,190,RM,60.0,10800,Pave,Pave,Reg,Lvl,AllPub,Inside,Gtl,OldTown,Norm,Norm,2fmCon,1.5Fin,6,7,1905,2000,Gable,CompShg,Wd Sdng,Wd Sdng,None,0.0,TA,TA,BrkTil,Fa,TA,No,Unf,0,Unf,0,482,482,GasA,Ex,SBrkr,1221,691,0,1912,0,0,2,0,3,2,TA,7,Typ,1,TA,Detchd,2003.0,Unf,2,672,Gd,TA,Y,0,25,212,0,0,0,,None,,0,4,2008,WD,Normal,163000,1
951,951,20,RH,60.0,7800,Pave,None,Reg,Lvl,AllPub,Corner,Gtl,SawyerW,Norm,Norm,1Fam,1Story,5,5,1965,1965,Gable,CompShg,VinylSd,VinylSd,None,0.0,TA,TA,CBlock,TA,TA,No,BLQ,641,Unf,0,187,828,GasA,Gd,SBrkr,965,0,0,965,1,0,1,0,3,1,TA,6,Typ,0,None,Detchd,1979.0,Unf,1,300,TA,TA,Y,421,0,0,0,0,0,,MnPrv,,0,7,2006,WD,Abnorml,119900,0
1283,1283,90,RL,94.0,9400,Pave,None,Reg,Low,AllPub,Corner,Gtl,Mitchel,Norm,Norm,Duplex,2Story,6,5,1971,1971,Mansard,CompShg,MetalSd,Wd Shng,None,0.0,TA,TA,CBlock,TA,TA,Av,Unf,0,Unf,0,912,912,GasA,TA,SBrkr,912,912,0,1824,0,0,2,2,4,2,TA,8,Typ,0,None,None,1980.0,None,0,0,None,None,Y,128,0,0,0,0,0,,None,,0,4,2010,WD,Normal,139000,0
1318,1318,20,RL,69.0,14781,Pave,None,IR2,Lvl,AllPub,CulDSac,Gtl,CollgCr,Norm,Norm,1Fam,1Story,8,5,2001,2002,Hip,CompShg,VinylSd,VinylSd,BrkFace,178.0,Gd,TA,PConc,Gd,TA,Gd,Unf,0,Unf,0,1753,1753,GasA,Ex,SBrkr,1787,0,0,1787,0,0,2,0,3,1,Gd,7,Typ,1,TA,Attchd,2001.0,RFn,3,748,TA,TA,Y,198,150,0,0,0,0,,None,,0,8,2006,WD,Normal,275000,2
441,441,90,RL,92.0,12108,Pave,None,Reg,Lvl,AllPub,Inside,Gtl,Edwards,Norm,Norm,Duplex,1Story,4,4,1955,1955,Gable,CompShg,VinylSd,VinylSd,BrkFace,270.0,TA,TA,CBlock,TA,TA,No,ALQ,133,Unf,0,1307,1440,GasA,TA,FuseF,1440,0,0,1440,0,0,2,0,4,2,Fa,8,Typ,0,None,None,1980.0,None,0,0,None,None,Y,0,0,0,0,0,0,,None,,0,9,2008,WD,Normal,118000,0
1136,1136,50,RL,80.0,9600,Pave,None,Reg,Lvl,AllPub,Inside,Gtl,NAmes,Norm,Norm,1Fam,1.5Fin,6,5,1950,1950,Gable,CompShg,VinylSd,VinylSd,None,0.0,TA,TA,CBlock,TA,TA,No,BLQ,280,Unf,0,752,1032,GasA,TA,FuseA,1032,220,0,1252,0,0,1,0,3,1,TA,6,Typ,0,None,Attchd,1950.0,Unf,1,288,TA,TA,Y,0,0,96,0,0,0,,None,,0,4,2008,WD,Abnorml,119000,0
1256,1256,20,RL,91.0,14303,Pave,None,IR1,Lvl,AllPub,Corner,Gtl,NoRidge,Norm,Norm,1Fam,1Story,8,5,1994,1994,Hip,CompShg,HdBoard,HdBoard,BrkFace,554.0,Gd,TA,PConc,Gd,TA,Gd,GLQ,1314,Unf,0,672,1986,GasA,Ex,SBrkr,1987,0,0,1987,1,0,2,0,2,1,Gd,7,Typ,1,TA,Attchd,1994.0,Fin,2,691,TA,TA,Y,262,36,0,0,0,0,,None,,0,8,2008,WD,Normal,301500,2
663,663,85,RL,90.0,10012,Pave,None,Reg,Lvl,AllPub,Inside,Gtl,Edwards,Norm,Norm,1Fam,SFoyer,4,5,1972,1972,Gable,CompShg,Plywood,Plywood,None,0.0,TA,TA,CBlock,Gd,TA,Av,BLQ,920,Rec,180,38,1138,GasA,TA,SBrkr,1181,0,0,1181,1,0,2,0,3,1,TA,6,Typ,0,None,Detchd,1974.0,RFn,2,588,TA,TA,Y,0,0,180,0,0,0,,MnPrv,,0,4,2008,WD,Normal,137500,0
1433,1433,60,RL,93.0,10261,Pave,None,IR1,Lvl,AllPub,Inside,Gtl,Gilbert,Norm,Norm,1Fam,2Story,6,5,2000,2000,Gable,CompShg,VinylSd,VinylSd,BrkFace,318.0,TA,TA,PConc,Gd,TA,No,Unf,0,Unf,0,936,936,GasA,Ex,SBrkr,962,830,0,1792,1,0,2,1,3,1,TA,8,Typ,1,TA,Attchd,2000.0,Fin,2,451,TA,TA,Y,0,0,0,0,0,0,,None,,0,5,2008,WD,Normal,186500,1
1257,1257,30,RL,56.0,4060,Pave,None,Reg,Lvl,AllPub,Corner,Gtl,Edwards,Feedr,Norm,1Fam,1Story,5,8,1922,1950,Gable,CompShg,Wd Sdng,Wd Sdng,None,0.0,TA,TA,PConc,Fa,TA,No,Unf,0,Unf,0,864,864,GasA,Ex,SBrkr,864,0,0,864,0,0,1,0,2,1,TA,4,Typ,0,None,None,1980.0,None,0,0,None,None,Y,0,96,0,0,0,0,,None,,0,7,2009,WD,Normal,99900,0
1296,1296,20,RL,80.0,8700,Pave,None,Reg,Lvl,AllPub,Inside,Gtl,NAmes,Norm,Norm,1Fam,1Story,5,6,1963,1963,Hip,CompShg,MetalSd,MetalSd,BrkFace,148.0,TA,Gd,CBlock,TA,TA,Mn,ALQ,776,Unf,0,344,1120,GasA,Gd,SBrkr,1128,0,0,1128,1,0,2,0,3,1,TA,6,Typ,0,None,Attchd,1963.0,RFn,2,525,TA,TA,Y,192,20,123,0,0,0,,MnPrv,,0,12,2008,WD,Normal,155000,1
317,317,60,FV,75.0,9000,Pave,None,Reg,Lvl,AllPub,Inside,Gtl,Somerst,Norm,Norm,1Fam,2Story,8,5,2006,2006,Gable,CompShg,VinylSd,VinylSd,None,0.0,Gd,TA,PConc,Gd,TA,Av,Unf,0,Unf,0,1088,1088,GasA,Ex,SBrkr,1088,871,0,1959,0,0,2,1,3,1,Gd,8,Typ,1,Gd,Attchd,2006.0,RFn,3,1025,TA,TA,Y,208,46,0,0,0,0,,None,,0,12,2007,WD,Normal,270000,2
648,648,60,RL,70.0,7700,Pave,None,Reg,Lvl,AllPub,Inside,Gtl,NAmes,PosN,Norm,1Fam,2Story,6,5,1966,1966,Gable,CompShg,MetalSd,MetalSd,BrkFace,351.0,TA,TA,CBlock,TA,TA,No,Unf,0,Unf,0,756,756,GasA,TA,SBrkr,1051,788,0,1839,0,0,1,1,4,1,TA,7,Typ,1,TA,Attchd,1966.0,Unf,2,442,TA,TA,Y,0,124,216,0,0,0,,None,,0,6,2010,WD,Normal,155000,1
709,709,20,RL,69.0,7162,Pave,None,IR1,Lvl,AllPub,Inside,Gtl,Sawyer,Norm,Norm,1Fam,1Story,5,7,1966,1966,Gable,CompShg,HdBoard,HdBoard,BrkCmn,41.0,TA,TA,PConc,TA,TA,No,Unf,0,Unf,0,876,876,GasA,TA,SBrkr,904,0,0,904,0,0,1,0,3,1,TA,6,Typ,0,None,Attchd,1966.0,Unf,1,408,TA,TA,Y,0,0,0,0,0,0,,MnPrv,,0,12,2008,WD,Abnorml,109900,0
1282,1282,20,RL,61.0,8800,Pave,None,IR1,Lvl,AllPub,Inside,Gtl,CollgCr,Norm,Norm,1Fam,1Story,5,7,1977,2008,Gable,CompShg,HdBoard,HdBoard,None,0.0,TA,TA,CBlock,Gd,TA,Mn,LwQ,532,Rec,144,364,1040,GasA,TA,SBrkr,1040,0,0,1040,0,0,2,0,3,1,Gd,5,Typ,0,None,Detchd,1977.0,Unf,2,484,TA,TA,Y,0,0,0,0,288,0,,None,,0,9,2009,WD,Normal,150500,1
972,972,120,RL,55.0,7892,Pave,None,Reg,Lvl,AllPub,Inside,Gtl,SawyerW,Norm,Norm,TwnhsE,1Story,6,5,1979,1979,Gable,CompShg,Plywood,Plywood,None,0.0,TA,TA,CBlock,Gd,TA,No,Unf,0,Unf,0,918,918,GasA,TA,SBrkr,918,0,0,918,0,0,2,0,2,1,TA,5,Typ,1,TA,Attchd,1979.0,Unf,1,264,TA,TA,Y,28,0,0,0,0,0,,None,,0,4,2010,WD,Normal,99500,0
627,627,80,RL,80.0,9600,Pave,None,Reg,Lvl,AllPub,Inside,Gtl,NAmes,Norm,Norm,1Fam,SLvl,6,6,1955,1972,Gable,CompShg,AsbShng,AsbShng,BrkFace,164.0,TA,TA,CBlock,TA,TA,Av,BLQ,674,LwQ,132,350,1156,GasA,Ex,SBrkr,1520,0,0,1520,1,0,1,0,3,1,TA,7,Typ,2,Gd,Basment,1955.0,RFn,1,364,TA,TA,Y,0,0,189,0,0,0,,None,,0,3,2010,WD,Normal,153000,1
632,632,20,RL,85.0,11900,Pave,None,Reg,Lvl,AllPub,Inside,Gtl,NWAmes,Norm,Norm,1Fam,1Story,7,5,1977,1977,Hip,CompShg,Plywood,Plywood,BrkFace,209.0,TA,Gd,CBlock,TA,TA,No,ALQ,822,Unf,0,564,1386,GasA,TA,SBrkr,1411,0,0,1411,0,0,2,0,3,1,TA,6,Typ,1,TA,Attchd,1977.0,Fin,2,544,TA,TA,Y,192,0,0,0,0,0,,None,,0,4,2009,WD,Family,82500,0
1248,1248,75,RM,60.0,9600,Pave,Grvl,Reg,Lvl,AllPub,Inside,Gtl,OldTown,Norm,Norm,1Fam,2.5Unf,6,5,1917,1950,Gable,CompShg,AsbShng,AsbShng,None,0.0,TA,TA,BrkTil,Gd,TA,No,Rec,319,Unf,0,416,735,OthW,Fa,SBrkr,1134,924,0,2058,0,0,1,1,3,1,TA,8,Typ,1,Gd,Detchd,1950.0,Unf,2,396,Fa,Fa,P,0,0,259,0,0,0,,None,,0,4,2008,WD,Normal,129500,0
1423,1423,80,RL,69.0,19690,Pave,None,IR1,Lvl,AllPub,CulDSac,Gtl,Edwards,Norm,Norm,1Fam,SLvl,6,7,1966,1966,Flat,Tar&Grv,Plywood,Plywood,None,0.0,Gd,Gd,CBlock,Gd,TA,Av,Unf,0,Unf,0,697,697,GasA,TA,SBrkr,1575,626,0,2201,0,0,2,0,4,1,Gd,8,Typ,1,Gd,Attchd,1966.0,Unf,2,432,Gd,Gd,Y,586,236,0,0,0,738,Gd,GdPrv,,0,8,2006,WD,Alloca,274970,2
1254,1254,60,RL,60.0,6931,Pave,None,Reg,Lvl,AllPub,Inside,Gtl,Edwards,Norm,Norm,1Fam,2Story,7,5,2003,2004,Gable,CompShg,VinylSd,VinylSd,Stone,92.0,Gd,TA,PConc,Gd,TA,No,Unf,0,Unf,0,746,746,GasA,Ex,SBrkr,760,896,0,1656,0,0,2,1,3,1,Gd,7,Typ,1,Gd,BuiltIn,2003.0,Fin,2,397,TA,TA,Y,178,128,0,0,0,0,,None,,0,7,2008,WD,Normal,165400,1
1348,1348,20,RL,69.0,16196,Pave,None,IR3,Low,AllPub,Inside,Gtl,SawyerW,Norm,Norm,1Fam,1Story,7,5,1998,1998,Gable,CompShg,VinylSd,VinylSd,None,0.0,Gd,TA,PConc,Gd,TA,Gd,GLQ,1443,Unf,0,39,1482,GasA,Ex,SBrkr,1494,0,0,1494,1,0,2,0,3,1,Gd,5,Typ,1,Fa,Attchd,1998.0,RFn,2,514,TA,TA,Y,402,25,0,0,0,0,,None,,0,8,2007,WD,Normal,215000,2
795,795,60,RL,70.0,8400,Pave,None,Reg,Lvl,AllPub,Inside,Gtl,SawyerW,Norm,Norm,1Fam,2Story,6,6,1980,1981,Gable,CompShg,HdBoard,HdBoard,BrkFace,130.0,TA,TA,CBlock,Gd,TA,No,Unf,0,Unf,0,650,650,GasA,TA,SBrkr,888,676,0,1564,0,0,2,1,3,1,TA,7,Typ,1,TA,Attchd,1980.0,Unf,2,476,TA,TA,Y,0,50,0,0,204,0,,MnPrv,,0,4,2010,WD,Normal,171000,1
645,645,20,RL,69.0,10530,Pave,None,IR1,Lvl,AllPub,Corner,Gtl,NAmes,Norm,Norm,1Fam,1Story,6,5,1971,1971,Hip,CompShg,Plywood,Plywood,None,0.0,TA,TA,CBlock,TA,TA,No,ALQ,282,LwQ,35,664,981,GasA,TA,SBrkr,981,0,0,981,1,0,1,1,3,1,TA,5,Typ,0,None,Detchd,1979.0,Unf,2,576,TA,TA,Y,0,312,40,0,0,0,,None,,0,3,2007,WD,Normal,143250,1
1012,1012,70,RL,55.0,10592,Pave,None,Reg,Lvl,AllPub,Inside,Gtl,Crawfor,Norm,Norm,1Fam,2Story,6,7,1923,1996,Hip,CompShg,Wd Sdng,Wd Sdng,None,0.0,TA,Gd,PConc,TA,Fa,No,Unf,0,Unf,0,602,602,GasA,TA,SBrkr,900,602,0,1502,0,0,1,1,3,1,Gd,7,Typ,2,TA,Detchd,1923.0,Unf,1,180,TA,TA,Y,96,0,112,0,53,0,,None,,0,8,2007,WD,Normal,165000,1
556,556,20,RL,69.0,14850,Pave,None,IR1,Lvl,AllPub,Inside,Gtl,NAmes,Norm,Norm,1Fam,1Story,5,5,1957,1957,Gable,CompShg,Wd Sdng,Wd Sdng,None,0.0,TA,TA,CBlock,TA,TA,No,Rec,895,Unf,0,197,1092,GasA,TA,FuseA,1092,0,0,1092,1,0,1,0,2,1,TA,6,Typ,1,TA,Attchd,1957.0,Fin,1,299,TA,TA,Y,268,0,0,0,122,0,,MnWw,,0,5,2006,WD,Normal,141000,1
681,681,50,RH,55.0,4500,Pave,Pave,IR2,Bnk,AllPub,Inside,Gtl,SWISU,Norm,Norm,1Fam,1.5Fin,5,5,1932,2000,Gable,CompShg,VinylSd,Stucco,None,0.0,TA,TA,BrkTil,TA,TA,No,Rec,182,Unf,0,611,793,GasA,Ex,SBrkr,848,672,0,1520,0,0,1,0,3,1,TA,6,Typ,0,None,Detchd,1968.0,Unf,1,281,TA,TA,Y,0,0,56,0,0,0,,None,,0,7,2009,WD,Abnorml,159434,1
577,577,80,RL,96.0,11777,Pave,None,IR1,Lvl,AllPub,Inside,Gtl,Sawyer,Norm,Norm,1Fam,SLvl,5,6,1966,1966,Gable,CompShg,VinylSd,VinylSd,BrkFace,97.0,TA,TA,CBlock,TA,TA,Av,LwQ,328,ALQ,551,285,1164,GasA,Ex,SBrkr,1320,0,0,1320,1,0,1,0,3,1,TA,6,Typ,2,Fa,Attchd,1966.0,RFn,2,564,TA,TA,Y,160,68,240,0,0,0,,None,,0,5,2006,WD,Abnorml,164500,1
1109,1109,20,RL,107.0,11362,Pave,None,IR1,Lvl,AllPub,Inside,Gtl,NridgHt,Norm,Norm,1Fam,1Story,8,5,2004,2005,Gable,CompShg,MetalSd,MetalSd,Stone,42.0,Gd,TA,PConc,Ex,TA,Mn,GLQ,1039,Unf,0,797,1836,GasA,Ex,SBrkr,1836,0,0,1836,1,0,2,0,3,1,Gd,7,Typ,1,Gd,Attchd,2004.0,Fin,3,862,TA,TA,Y,125,185,0,0,0,0,,None,,0,3,2009,WD,Normal,280000,2
1266,1266,190,RM,60.0,10120,Pave,None,IR1,Bnk,AllPub,Inside,Gtl,OldTown,Feedr,Norm,2fmCon,2.5Unf,7,4,1910,1950,Hip,CompShg,Wd Sdng,Wd Sdng,None,0.0,Fa,TA,CBlock,TA,TA,No,Unf,0,Unf,0,925,925,GasA,TA,FuseF,964,925,0,1889,0,0,1,1,4,2,TA,9,Typ,1,Gd,Detchd,1960.0,Unf,1,308,TA,TA,N,0,0,264,0,0,0,,MnPrv,,0,1,2007,WD,Normal,122000,0
1183,1183,30,RL,60.0,10800,Pave,Grvl,Reg,Lvl,AllPub,Inside,Gtl,OldTown,Norm,Norm,1Fam,1Story,5,6,1920,1950,Hip,CompShg,Stucco,Stucco,None,0.0,TA,TA,BrkTil,TA,TA,No,Rec,821,Unf,0,299,1120,GasA,Ex,SBrkr,1130,0,0,1130,1,0,1,0,2,1,TA,5,Typ,1,Gd,Detchd,1970.0,Unf,2,720,TA,TA,Y,229,0,0,0,0,0,,None,,0,6,2006,WD,Normal,120000,0
524,524,60,RL,95.0,11787,Pave,None,IR1,Lvl,AllPub,Inside,Gtl,NoRidge,Norm,Norm,1Fam,2Story,7,5,1996,1997,Gable,CompShg,VinylSd,VinylSd,BrkFace,594.0,Gd,TA,PConc,Gd,TA,No,GLQ,719,Unf,0,660,1379,GasA,Ex,SBrkr,1383,1015,0,2398,1,0,2,1,3,1,Gd,8,Typ,1,TA,Attchd,1996.0,Fin,3,834,TA,TA,Y,239,60,0,0,0,0,,None,,0,8,2007,WD,Normal,315750,2
1059,1059,50,RL,69.0,11275,Pave,None,IR1,HLS,AllPub,Corner,Mod,Crawfor,Norm,Norm,1Fam,1.5Fin,6,7,1932,1950,Gable,CompShg,MetalSd,MetalSd,BrkFace,480.0,TA,TA,CBlock,TA,TA,Mn,Rec,297,LwQ,557,0,854,GasA,TA,SBrkr,1096,895,0,1991,0,0,1,1,3,1,TA,7,Typ,1,Gd,Detchd,1977.0,Unf,2,432,TA,Fa,Y,0,0,19,0,0,0,,None,,0,3,2007,WD,Normal,220000,2
540,540,20,RL,85.0,14601,Pave,None,Reg,Lvl,AllPub,Inside,Gtl,Timber,Norm,Norm,1Fam,1Story,9,5,2006,2006,Hip,CompShg,VinylSd,VinylSd,BrkFace,584.0,Ex,TA,PConc,Ex,TA,Av,GLQ,1260,Unf,0,578,1838,GasA,Ex,SBrkr,1838,0,0,1838,1,0,2,0,2,1,Ex,8,Typ,1,Gd,Attchd,2006.0,Fin,3,765,TA,TA,Y,270,68,0,0,0,0,,None,,0,3,2009,WD,Normal,315000,2
1194,1194,60,RL,80.0,9364,Pave,None,Reg,Lvl,AllPub,Corner,Gtl,Sawyer,Norm,Norm,1Fam,2Story,6,7,1969,1969,Gable,CompShg,HdBoard,HdBoard,Stone,143.0,TA,TA,CBlock,TA,TA,No,ALQ,371,Unf,0,292,663,GasA,TA,SBrkr,663,689,0,1352,0,0,1,1,4,1,TA,7,Typ,0,None,Attchd,1969.0,Fin,1,299,TA,TA,Y,379,36,0,0,0,0,,MnPrv,,0,3,2010,WD,Normal,158000,1
748,748,20,RL,59.0,10593,Pave,None,IR1,Lvl,AllPub,Inside,Gtl,NoRidge,Norm,Norm,1Fam,1Story,7,5,1996,1996,Hip,CompShg,VinylSd,VinylSd,BrkFace,338.0,Gd,TA,PConc,Gd,TA,No,GLQ,919,Unf,0,801,1720,GasA,Ex,SBrkr,1720,0,0,1720,1,0,2,0,3,1,Gd,7,Typ,1,TA,Attchd,1996.0,Fin,2,527,TA,TA,Y,240,56,154,0,0,0,,None,,0,3,2010,WD,Normal,260400,2
1351,1351,60,RL,70.0,9247,Pave,None,IR1,Lvl,AllPub,Inside,Gtl,NAmes,Norm,Norm,1Fam,2Story,6,6,1962,1962,Gable,CompShg,HdBoard,HdBoard,BrkFace,318.0,TA,TA,CBlock,TA,TA,No,Rec,319,Unf,0,539,858,GasA,Ex,SBrkr,858,858,0,1716,0,0,1,1,4,1,TA,8,Typ,1,Gd,Attchd,1962.0,Fin,2,490,TA,TA,Y,0,84,0,0,120,0,,None,,0,3,2008,WD,Normal,171000,1
484,484,20,RL,69.0,7758,Pave,None,IR1,Lvl,AllPub,Corner,Gtl,Sawyer,Norm,Norm,1Fam,1Story,5,7,1962,2001,Gable,CompShg,HdBoard,Plywood,None,0.0,TA,Gd,CBlock,TA,TA,No,ALQ,588,Unf,0,411,999,GasA,Gd,SBrkr,999,0,0,999,1,0,1,0,3,1,Gd,6,Typ,0,None,Detchd,1963.0,Unf,1,264,TA,TA,Y,0,132,0,0,0,0,,None,,0,3,2007,WD,Normal,132500,0
95,95,60,RL,69.0,9765,Pave,None,IR2,Lvl,AllPub,Corner,Gtl,Gilbert,Norm,Norm,1Fam,2Story,6,8,1993,1993,Gable,CompShg,VinylSd,VinylSd,BrkFace,68.0,Ex,Gd,PConc,Gd,Gd,No,ALQ,310,Unf,0,370,680,GasA,Gd,SBrkr,680,790,0,1470,0,0,2,1,3,1,TA,6,Typ,1,TA,BuiltIn,1993.0,Fin,2,420,TA,TA,Y,232,63,0,0,0,0,,None,Shed,480,4,2009,WD,Normal,185000,1
1020,1020,20,RL,60.0,7024,Pave,None,Reg,Lvl,AllPub,Inside,Gtl,Edwards,Norm,Norm,1Fam,1Story,4,5,2005,2005,Gable,CompShg,VinylSd,VinylSd,None,0.0,TA,TA,PConc,Gd,TA,No,GLQ,1024,Unf,0,108,1132,GasA,Ex,SBrkr,1132,0,0,1132,1,0,1,1,2,1,Gd,5,Typ,0,None,Attchd,2005.0,Fin,2,451,TA,TA,Y,252,64,0,0,0,0,,None,,0,6,2008,WD,Normal,176000,1
563,563,50,RL,66.0,21780,Pave,None,Reg,Lvl,AllPub,Inside,Gtl,Edwards,Norm,Norm,1Fam,1.5Fin,6,7,1918,1950,Gable,CompShg,Wd Sdng,Wd Sdng,None,0.0,TA,TA,BrkTil,Gd,TA,Mn,Unf,0,Unf,0,1163,1163,GasA,Ex,SBrkr,1163,511,0,1674,0,0,2,0,4,1,TA,8,Typ,1,Gd,Detchd,1955.0,Fin,2,396,TA,TA,N,72,36,0,0,144,0,,None,,0,7,2008,WD,Normal,185000,1
1264,1264,120,RH,34.0,4060,Pave,None,Reg,Lvl,AllPub,Inside,Gtl,NAmes,Norm,Norm,TwnhsE,1Story,6,5,1998,1999,Gable,CompShg,MetalSd,MetalSd,None,0.0,Gd,TA,PConc,Gd,TA,No,GLQ,266,Unf,0,1139,1405,GasA,Ex,SBrkr,1337,0,0,1337,1,0,2,0,2,1,Gd,5,Typ,0,None,Attchd,1998.0,Fin,2,511,TA,TA,Y,144,68,0,0,0,0,,None,,0,8,2008,COD,Abnorml,181000,1
742,742,20,RL,65.0,8450,Pave,None,Reg,Lvl,AllPub,Inside,Gtl,SawyerW,Norm,Norm,1Fam,1Story,7,5,2000,2001,Gable,CompShg,VinylSd,VinylSd,BrkFace,108.0,TA,TA,PConc,Gd,TA,No,Unf,0,Unf,0,1349,1349,GasA,Ex,SBrkr,1349,0,0,1349,0,0,2,0,3,1,TA,6,Typ,0,None,Attchd,2000.0,Unf,2,539,TA,TA,Y,120,55,0,0,0,0,,GdPrv,,0,12,2007,WD,Normal,179000,1
863,863,20,RL,70.0,7931,Pave,None,Reg,Lvl,AllPub,Inside,Gtl,NAmes,Norm,Norm,1Fam,1Story,5,5,1959,1959,Hip,CompShg,BrkFace,Plywood,None,0.0,TA,TA,CBlock,TA,TA,No,BLQ,1148,Unf,0,0,1148,GasA,TA,SBrkr,1148,0,0,1148,1,0,1,0,3,1,TA,6,Typ,0,None,Attchd,1959.0,Unf,1,672,TA,TA,Y,0,0,0,0,0,0,,GdPrv,,0,7,2009,WD,Normal,132500,0
891,891,60,RL,70.0,11184,Pave,None,Reg,Lvl,AllPub,Inside,Gtl,Sawyer,Norm,Norm,1Fam,2Story,6,5,1978,1978,Hip,CompShg,HdBoard,HdBoard,BrkFace,92.0,TA,TA,CBlock,TA,TA,No,LwQ,226,Rec,500,192,918,GasA,Gd,SBrkr,918,765,0,1683,0,0,2,1,3,1,TA,7,Typ,1,TA,Attchd,1978.0,RFn,2,440,TA,TA,Y,243,0,0,0,0,0,,None,,0,7,2009,WD,Normal,172500,1
1038,1038,160,RM,21.0,1533,Pave,None,Reg,Lvl,AllPub,Inside,Gtl,MeadowV,Norm,Norm,Twnhs,2Story,4,6,1970,2008,Gable,CompShg,CemntBd,CmentBd,None,0.0,TA,TA,CBlock,TA,TA,No,Unf,0,Unf,0,546,546,GasA,TA,SBrkr,798,546,0,1344,0,0,1,1,3,1,TA,6,Typ,1,TA,None,1980.0,None,0,0,None,None,Y,0,0,0,0,0,0,,None,,0,5,2009,WD,Normal,97000,0
206,206,20,RL,40.0,13673,Pave,None,IR1,Lvl,AllPub,CulDSac,Gtl,Sawyer,RRAe,Norm,1Fam,1Story,5,5,1962,1962,Gable,CompShg,HdBoard,HdBoard,None,0.0,TA,Gd,CBlock,TA,TA,No,Unf,0,Unf,0,1140,1140,GasA,TA,SBrkr,1696,0,0,1696,0,0,1,1,3,1,TA,8,Min2,1,TA,Attchd,1962.0,RFn,1,349,TA,TA,Y,0,30,0,0,0,0,,None,,0,3,2007,WD,Normal,143900,1
392,392,20,RL,69.0,8339,Pave,None,IR1,Lvl,AllPub,Inside,Gtl,NAmes,Norm,Norm,1Fam,1Story,5,7,1959,1959,Gable,CompShg,MetalSd,MetalSd,None,0.0,TA,TA,Slab,None,None,None,None,0,None,0,0,0,GasA,TA,SBrkr,882,0,0,882,0,0,1,0,3,1,TA,5,Typ,0,None,Attchd,1959.0,RFn,1,294,TA,TA,Y,0,0,0,0,0,0,,MnPrv,Shed,1200,7,2007,WD,Normal,106500,0
794,794,60,RL,69.0,10832,Pave,None,IR1,Lvl,AllPub,Corner,Gtl,Gilbert,Norm,Norm,1Fam,2Story,7,5,1994,1996,Gable,CompShg,MetalSd,MetalSd,None,0.0,Gd,TA,PConc,Gd,TA,No,Unf,0,Unf,0,712,712,GasA,Ex,SBrkr,1086,809,0,1895,0,0,2,1,3,1,Gd,7,Typ,1,TA,Attchd,1994.0,Fin,2,409,TA,TA,Y,143,46,0,0,0,0,,None,Shed,500,10,2008,WD,Normal,194500,2
870,870,20,RL,60.0,6600,Pave,None,Reg,Lvl,AllPub,Inside,Gtl,NAmes,PosN,Norm,1Fam,1Story,5,5,1962,1962,Hip,CompShg,MetalSd,MetalSd,None,0.0,TA,TA,CBlock,TA,TA,No,Unf,0,Unf,0,894,894,GasA,Gd,SBrkr,894,0,0,894,0,0,1,0,2,1,TA,5,Typ,0,None,Detchd,1962.0,Unf,1,308,TA,TA,Y,0,0,0,0,0,0,,None,,0,8,2009,WD,Normal,109500,0
397,397,60,RL,69.0,7590,Pave,None,Reg,Lvl,AllPub,Inside,Gtl,NAmes,PosN,Norm,1Fam,2Story,5,5,1962,1962,Gable,CompShg,VinylSd,VinylSd,BrkFace,288.0,TA,TA,CBlock,TA,TA,No,ALQ,540,Unf,0,324,864,GasA,TA,SBrkr,876,936,0,1812,0,0,2,0,4,1,TA,8,Typ,1,TA,Attchd,1962.0,RFn,1,264,TA,TA,Y,0,168,0,0,0,0,,None,,0,7,2007,WD,Normal,169500,1
766,766,60,RL,80.0,10421,Pave,None,Reg,Lvl,AllPub,Inside,Gtl,NWAmes,Norm,Norm,1Fam,2Story,7,5,1988,1988,Gable,CompShg,HdBoard,HdBoard,BrkFace,42.0,TA,TA,CBlock,Gd,TA,No,GLQ,394,Unf,0,586,980,GasA,TA,SBrkr,980,734,0,1714,0,0,2,1,3,1,TA,7,Typ,1,TA,Attchd,1988.0,Unf,2,496,TA,TA,Y,228,66,156,0,0,0,,MnPrv,Shed,500,3,2010,WD,Normal,196500,2
1341,1341,20,RL,66.0,13695,Pave,None,Reg,Lvl,AllPub,Inside,Gtl,SawyerW,RRAe,Norm,1Fam,1Story,6,5,2003,2004,Gable,CompShg,VinylSd,VinylSd,None,0.0,TA,TA,PConc,Gd,TA,No,GLQ,814,Unf,0,300,1114,GasA,Ex,SBrkr,1114,0,0,1114,1,0,1,0,3,1,Gd,6,Typ,0,None,Detchd,2004.0,Unf,2,576,TA,TA,Y,0,78,0,0,0,0,,None,,0,7,2008,WD,Normal,155000,1
1241,1241,20,RL,83.0,9849,Pave,None,Reg,Lvl,AllPub,Inside,Gtl,Somerst,Norm,Norm,1Fam,1Story,7,6,2007,2007,Hip,CompShg,VinylSd,VinylSd,Stone,0.0,Gd,TA,PConc,Gd,TA,Av,Unf,0,Unf,0,1689,1689,GasA,Ex,SBrkr,1689,0,0,1689,0,0,2,0,3,1,Gd,7,Typ,0,None,Attchd,2007.0,RFn,3,954,TA,TA,Y,0,56,0,0,0,0,,None,,0,6,2007,New,Partial,248328,2
1028,1028,50,RL,79.0,9492,Pave,None,Reg,Lvl,AllPub,Inside,Gtl,NAmes,Artery,Norm,1Fam,1.5Fin,5,5,1941,1950,Gable,CompShg,WdShing,Wd Shng,None,0.0,TA,TA,CBlock,TA,TA,No,Rec,368,BLQ,41,359,768,GasA,TA,SBrkr,968,408,0,1376,1,0,1,0,3,1,TA,6,Typ,1,Gd,Attchd,1941.0,Unf,1,240,TA,TA,Y,0,0,0,0,0,0,,None,,0,4,2007,WD,Normal,105000,0
642,642,80,RL,75.0,13860,Pave,None,Reg,Lvl,AllPub,Inside,Gtl,NAmes,Norm,Norm,1Fam,SLvl,8,7,1972,1995,Gable,CompShg,Plywood,Wd Sdng,None,0.0,Gd,TA,CBlock,Gd,TA,Gd,GLQ,1410,Unf,0,542,1952,GasA,Gd,SBrkr,2000,704,0,2704,1,0,2,1,4,1,Ex,9,Typ,3,TA,Attchd,1972.0,Fin,2,538,TA,TA,Y,269,111,0,0,0,0,,MnPrv,,0,7,2009,WD,Normal,345000,2
612,612,60,RL,69.0,11885,Pave,None,Reg,Lvl,AllPub,Inside,Gtl,CollgCr,Norm,Norm,1Fam,2Story,8,5,2001,2001,Gable,CompShg,VinylSd,VinylSd,BrkFace,108.0,Gd,TA,PConc,Gd,TA,Av,GLQ,990,Unf,0,309,1299,GasA,Ex,SBrkr,1299,573,0,1872,1,0,2,1,3,1,Ex,7,Typ,1,TA,BuiltIn,2001.0,RFn,2,531,TA,TA,Y,160,122,0,0,0,0,,None,,0,11,2009,WD,Normal,261500,2
960,960,20,RL,50.0,7207,Pave,None,IR1,Lvl,AllPub,Inside,Gtl,BrkSide,Norm,Norm,1Fam,1Story,5,7,1958,2008,Gable,CompShg,Wd Sdng,Plywood,None,0.0,TA,Gd,CBlock,TA,TA,Gd,BLQ,696,Unf,0,162,858,GasA,Gd,SBrkr,858,0,0,858,1,0,1,0,2,1,TA,4,Typ,0,None,None,1980.0,None,0,0,None,None,Y,117,0,0,0,0,0,,None,,0,2,2010,WD,Normal,116500,0
725,725,20,RL,60.0,6960,Pave,None,Reg,Lvl,AllPub,Inside,Gtl,NAmes,Norm,Norm,1Fam,1Story,4,6,1970,1970,Gable,CompShg,HdBoard,Plywood,None,0.0,TA,TA,CBlock,TA,TA,No,ALQ,375,BLQ,239,250,864,GasA,TA,SBrkr,864,0,0,864,0,0,1,0,3,1,Gd,5,Typ,0,None,Detchd,1989.0,Unf,2,660,TA,TA,Y,96,0,0,0,0,0,,None,Shed,500,11,2009,WD,Normal,120500,0
683,683,20,RL,90.0,11248,Pave,None,IR1,Lvl,AllPub,Corner,Gtl,CollgCr,Norm,Norm,1Fam,1Story,9,5,2002,2002,Hip,CompShg,VinylSd,VinylSd,Stone,215.0,Gd,TA,PConc,Gd,TA,Av,GLQ,1059,Unf,0,567,1626,GasA,Ex,SBrkr,1668,0,0,1668,1,0,2,0,3,1,Gd,7,Typ,1,TA,Attchd,2002.0,Fin,3,702,TA,TA,Y,257,45,0,0,0,0,,None,,0,7,2007,WD,Normal,285000,2
98,98,30,RL,85.0,10625,Pave,None,Reg,Lvl,AllPub,Corner,Gtl,Edwards,Norm,Norm,1Fam,1Story,5,5,1920,1950,Gable,CompShg,Wd Sdng,Wd Sdng,None,0.0,TA,TA,BrkTil,TA,TA,No,ALQ,108,Unf,0,350,458,GasA,Fa,SBrkr,835,0,0,835,0,0,1,0,2,1,TA,5,Typ,0,None,Basment,1920.0,Unf,1,366,Fa,TA,Y,0,0,77,0,0,0,,None,Shed,400,5,2010,COD,Abnorml,83000,0
804,804,20,RL,75.0,9000,Pave,None,Reg,Lvl,AllPub,Inside,Gtl,NAmes,Norm,Norm,1Fam,1Story,5,5,1954,1954,Gable,CompShg,Wd Sdng,Wd Sdng,None,0.0,TA,TA,CBlock,TA,TA,No,LwQ,812,Unf,0,124,936,GasA,TA,SBrkr,1128,0,0,1128,0,0,1,0,2,1,TA,5,Min1,0,None,Attchd,1954.0,Unf,1,286,TA,TA,Y,0,0,0,0,0,0,,GdWo,,0,6,2006,WD,Family,118000,0
406,406,50,RL,51.0,10480,Pave,None,Reg,Lvl,AllPub,Inside,Gtl,SWISU,Norm,Norm,1Fam,1.5Fin,6,5,1936,1950,Gable,CompShg,MetalSd,MetalSd,None,0.0,TA,TA,BrkTil,TA,TA,No,Unf,0,Unf,0,1064,1064,GasA,Ex,FuseA,1166,0,473,1639,0,0,1,0,3,1,TA,6,Maj2,0,None,Detchd,1936.0,Unf,1,240,TA,TA,Y,0,0,0,0,0,0,,None,,0,3,2008,WD,Normal,115000,0
502,502,20,RL,70.0,9170,Pave,None,Reg,Lvl,AllPub,Corner,Gtl,Edwards,Feedr,Norm,1Fam,1Story,5,7,1965,1965,Hip,CompShg,MetalSd,MetalSd,None,0.0,TA,TA,CBlock,TA,TA,No,ALQ,698,GLQ,96,420,1214,GasA,Ex,SBrkr,1214,0,0,1214,1,0,1,0,2,1,TA,6,Typ,0,None,Detchd,1965.0,Unf,2,461,Fa,Fa,Y,0,0,184,0,0,0,,GdPrv,Shed,400,4,2007,WD,Normal,140000,1
1071,1071,60,RL,78.0,11700,Pave,None,Reg,Lvl,AllPub,Inside,Gtl,NWAmes,RRAn,Norm,1Fam,2Story,6,6,1968,1968,Gable,CompShg,MetalSd,MetalSd,None,0.0,TA,TA,CBlock,TA,TA,No,Rec,298,Unf,0,429,727,GasA,Ex,SBrkr,829,727,0,1556,0,0,1,1,4,1,TA,8,Typ,0,None,Attchd,1968.0,Unf,2,441,TA,TA,Y,0,0,0,0,0,0,,None,,0,5,2009,WD,Normal,154000,1
1056,1056,120,RL,43.0,7052,Pave,None,IR1,Lvl,AllPub,Inside,Gtl,NridgHt,Norm,Norm,TwnhsE,1Story,7,5,2005,2005,Gable,CompShg,VinylSd,VinylSd,Stone,240.0,Gd,TA,PConc,Gd,TA,Av,GLQ,659,Unf,0,705,1364,GasA,Ex,SBrkr,1364,0,0,1364,1,0,2,0,2,1,Gd,6,Typ,1,Gd,Attchd,2005.0,RFn,2,484,TA,TA,Y,192,36,0,0,0,0,,None,,0,6,2006,WD,Normal,185850,1
929,929,60,RL,69.0,13006,Pave,None,IR1,Lvl,AllPub,Corner,Gtl,Gilbert,Norm,Norm,1Fam,2Story,7,5,1997,1997,Gable,CompShg,HdBoard,HdBoard,BrkFace,285.0,TA,TA,PConc,Gd,TA,No,Unf,0,Unf,0,964,964,GasA,Gd,SBrkr,993,1243,0,2236,0,0,2,1,4,1,Gd,8,Typ,1,TA,BuiltIn,1997.0,Fin,2,642,TA,TA,Y,0,0,0,0,0,0,,None,,0,11,2006,WD,Normal,222000,2
779,779,90,RL,78.0,10530,Pave,None,Reg,Lvl,AllPub,Inside,Gtl,Mitchel,Norm,Norm,Duplex,SFoyer,6,5,1977,1977,Gable,CompShg,Plywood,ImStucc,BrkFace,90.0,TA,TA,CBlock,Gd,TA,Gd,GLQ,975,Unf,0,0,975,GasA,TA,SBrkr,1004,0,0,1004,1,0,1,0,2,1,TA,4,Typ,0,None,Attchd,1977.0,Unf,2,504,TA,TA,Y,0,0,0,0,0,0,,None,,0,5,2006,WD,Normal,135000,0
200,200,20,RM,80.0,8546,Pave,None,Reg,Lvl,AllPub,Corner,Gtl,Edwards,Norm,Norm,1Fam,1Story,4,5,2003,2004,Gable,CompShg,VinylSd,VinylSd,None,0.0,TA,TA,PConc,Gd,TA,No,Unf,0,Unf,0,1121,1121,GasA,Ex,SBrkr,1121,0,0,1121,0,0,2,0,2,1,TA,5,Typ,0,None,Attchd,2003.0,RFn,2,440,TA,TA,Y,132,64,0,0,0,0,,None,,0,3,2010,WD,Normal,140000,1
134,134,20,RL,78.0,10335,Pave,None,IR1,Lvl,AllPub,Inside,Gtl,Sawyer,Norm,Norm,1Fam,1Story,5,6,1968,1993,Gable,CompShg,Plywood,Plywood,None,0.0,TA,TA,CBlock,TA,TA,No,Rec,570,Unf,0,891,1461,GasA,Gd,SBrkr,1721,0,0,1721,0,0,2,1,3,1,TA,7,Min1,1,TA,Attchd,1968.0,RFn,2,440,TA,TA,Y,0,96,180,0,0,0,,MnPrv,,0,7,2006,WD,Normal,180000,1
1051,1051,20,RL,103.0,11175,Pave,None,IR1,Lvl,AllPub,Corner,Gtl,CollgCr,Norm,Norm,1Fam,1Story,7,5,2007,2007,Gable,CompShg,VinylSd,VinylSd,None,0.0,Gd,TA,PConc,Gd,TA,Av,Unf,0,Unf,0,1316,1316,GasA,Ex,SBrkr,1316,0,0,1316,0,0,2,0,3,1,Gd,6,Typ,1,Gd,Attchd,2007.0,Fin,2,440,TA,TA,Y,0,20,0,0,0,0,,None,,0,10,2007,New,Partial,200141,2
40,40,20,RL,84.0,8658,Pave,None,Reg,Lvl,AllPub,Inside,Gtl,NAmes,Norm,Norm,1Fam,1Story,6,5,1965,1965,Gable,CompShg,Wd Sdng,Wd Sdng,BrkFace,101.0,TA,TA,CBlock,TA,TA,No,Rec,643,Unf,0,445,1088,GasA,Ex,SBrkr,1324,0,0,1324,0,0,2,0,3,1,TA,6,Typ,1,TA,Attchd,1965.0,RFn,2,440,TA,TA,Y,0,138,0,0,0,0,,GdWo,,0,12,2006,WD,Abnorml,160000,1
1017,1017,120,RL,69.0,5814,Pave,None,IR1,Lvl,AllPub,CulDSac,Gtl,StoneBr,Norm,Norm,TwnhsE,1Story,8,5,1984,1984,Gable,CompShg,HdBoard,HdBoard,None,0.0,Gd,TA,CBlock,Gd,TA,Av,GLQ,1036,Unf,0,184,1220,GasA,Gd,SBrkr,1360,0,0,1360,1,0,1,0,1,1,Gd,4,Typ,1,Ex,Attchd,1984.0,RFn,2,565,TA,TA,Y,63,0,0,0,0,0,,None,,0,8,2009,COD,Abnorml,187500,1
230,230,20,RL,73.0,8760,Pave,None,Reg,Lvl,AllPub,Inside,Gtl,NAmes,Norm,Norm,1Fam,1Story,6,6,1959,1959,Hip,CompShg,MetalSd,MetalSd,BrkFace,220.0,TA,TA,CBlock,TA,TA,No,Unf,0,Unf,0,1194,1194,GasA,TA,SBrkr,1194,0,0,1194,1,0,1,0,3,1,TA,6,Typ,0,None,Attchd,1959.0,RFn,1,312,TA,TA,Y,0,0,120,0,0,0,,None,,0,4,2010,WD,Normal,148000,1
378,378,20,RL,88.0,11394,Pave,None,Reg,Lvl,AllPub,Corner,Gtl,StoneBr,Norm,Norm,1Fam,1Story,9,2,2010,2010,Hip,CompShg,VinylSd,VinylSd,Stone,350.0,Gd,TA,PConc,Ex,TA,Av,GLQ,1445,Unf,0,411,1856,GasA,Ex,SBrkr,1856,0,0,1856,1,0,1,1,1,1,Ex,8,Typ,1,Ex,Attchd,2010.0,Fin,3,834,TA,TA,Y,113,0,0,0,0,0,,None,,0,6,2010,New,Partial,394432,2
288,288,20,RL,69.0,9819,Pave,None,IR1,Lvl,AllPub,Inside,Gtl,Sawyer,Norm,Norm,1Fam,1Story,5,5,1967,1967,Gable,CompShg,MetalSd,MetalSd,BrkFace,31.0,TA,Gd,CBlock,TA,TA,No,BLQ,450,Unf,0,432,882,GasA,TA,SBrkr,900,0,0,900,0,0,1,0,3,1,TA,5,Typ,0,None,Detchd,1970.0,Unf,1,280,TA,TA,Y,0,0,0,0,0,0,,MnPrv,,0,2,2010,WD,Normal,122000,0
418,418,50,RL,60.0,8160,Pave,None,Reg,Lvl,AllPub,Inside,Gtl,Edwards,Norm,Norm,1Fam,1.5Fin,5,6,1940,1950,Gable,CompShg,MetalSd,MetalSd,None,0.0,TA,TA,BrkTil,TA,TA,No,ALQ,312,Unf,0,444,756,GasA,Fa,FuseF,756,378,0,1134,1,0,1,1,3,1,TA,7,Typ,0,None,Detchd,1940.0,Unf,1,240,TA,TA,P,0,0,0,0,0,0,,None,,0,4,2007,WD,AdjLand,126000,0
391,391,60,RL,71.0,12209,Pave,None,IR1,Lvl,AllPub,CulDSac,Gtl,Mitchel,Norm,Norm,1Fam,2Story,6,5,2001,2002,Gable,CompShg,VinylSd,VinylSd,None,0.0,TA,TA,PConc,Ex,TA,No,ALQ,690,Unf,0,114,804,GasA,Ex,SBrkr,804,1157,0,1961,1,0,2,1,3,1,Gd,7,Typ,1,TA,BuiltIn,2001.0,Fin,2,560,TA,TA,Y,125,192,0,0,0,0,,None,,0,6,2009,WD,Normal,215000,2
592,592,20,RL,60.0,6600,Pave,None,Reg,Lvl,AllPub,Inside,Gtl,Mitchel,Norm,Norm,1Fam,1Story,5,8,1982,2003,Gable,CompShg,HdBoard,HdBoard,None,0.0,TA,Gd,PConc,TA,Gd,No,GLQ,816,Unf,0,0,816,GasA,Ex,SBrkr,816,0,0,816,1,0,1,0,2,1,TA,4,Typ,0,None,Detchd,1985.0,Fin,2,816,TA,TA,Y,0,0,0,0,0,0,,None,,0,6,2008,WD,Normal,138000,0
1162,1162,20,RL,109.0,8724,Pave,None,Reg,Lvl,AllPub,Inside,Gtl,Sawyer,Norm,Norm,1Fam,1Story,5,5,1968,1968,Gable,CompShg,VinylSd,VinylSd,None,0.0,TA,TA,CBlock,Gd,TA,No,BLQ,492,Unf,0,402,894,GasA,Gd,SBrkr,894,0,0,894,0,0,1,0,3,1,TA,5,Typ,1,Po,Attchd,1968.0,Fin,2,450,TA,TA,Y,0,0,0,0,0,0,,None,,0,5,2007,WD,Normal,129000,0
1086,1086,160,RM,69.0,1974,Pave,None,Reg,Lvl,AllPub,Inside,Gtl,MeadowV,Norm,Norm,TwnhsE,2Story,4,5,1973,1973,Gable,CompShg,CemntBd,CmentBd,None,0.0,TA,TA,CBlock,TA,TA,No,BLQ,334,Unf,0,212,546,GasA,TA,SBrkr,546,546,0,1092,0,0,1,1,3,1,TA,6,Typ,0,None,Attchd,1973.0,RFn,1,286,TA,TA,Y,120,96,0,0,0,0,,None,,0,5,2010,WD,Normal,83500,0
647,647,20,RL,85.0,10452,Pave,None,IR1,Lvl,AllPub,Inside,Gtl,Edwards,Norm,Norm,1Fam,1Story,6,5,1953,1953,Hip,CompShg,Wd Sdng,Wd Sdng,Stone,216.0,TA,TA,CBlock,TA,TA,Mn,Rec,500,Unf,0,594,1094,GasA,Ex,SBrkr,1094,0,0,1094,0,0,1,0,3,1,TA,5,Typ,2,Gd,Attchd,1953.0,RFn,2,495,TA,TA,Y,0,0,0,0,287,0,,None,,0,6,2008,WD,Normal,155000,1
1152,1152,20,RL,90.0,14115,Pave,None,IR1,Lvl,AllPub,Inside,Gtl,Crawfor,Norm,Norm,1Fam,1Story,6,7,1956,2004,Gable,CompShg,Stone,Stone,None,0.0,TA,TA,PConc,TA,TA,No,ALQ,296,GLQ,547,230,1073,GasA,Ex,SBrkr,1811,0,0,1811,0,0,1,0,2,1,Ex,6,Typ,1,Gd,Attchd,1956.0,Fin,2,470,TA,TA,Y,0,0,280,0,0,0,,None,,0,7,2006,WD,Abnorml,230000,2
520,520,190,RL,60.0,10800,Pave,Grvl,Reg,Lvl,AllPub,Inside,Gtl,OldTown,Norm,Norm,2fmCon,2Story,4,7,1900,2000,Gable,CompShg,MetalSd,MetalSd,None,0.0,TA,TA,BrkTil,None,None,None,None,0,None,0,0,0,GasA,TA,FuseA,694,600,0,1294,0,0,2,0,3,2,TA,7,Typ,0,None,None,1980.0,None,0,0,None,None,N,220,114,210,0,0,0,,None,,0,8,2008,WD,Normal,106250,0
64,64,60,RL,69.0,9375,Pave,None,Reg,Lvl,AllPub,Inside,Gtl,CollgCr,Norm,Norm,1Fam,2Story,7,5,1997,1998,Gable,CompShg,VinylSd,VinylSd,BrkFace,573.0,TA,TA,PConc,Gd,TA,No,GLQ,739,Unf,0,318,1057,GasA,Ex,SBrkr,1057,977,0,2034,1,0,2,1,3,1,Gd,8,Typ,0,None,Attchd,1998.0,RFn,2,645,TA,TA,Y,576,36,0,0,0,0,,GdPrv,,0,2,2009,WD,Normal,219500,2
14,14,20,RL,69.0,10920,Pave,None,IR1,Lvl,AllPub,Corner,Gtl,NAmes,Norm,Norm,1Fam,1Story,6,5,1960,1960,Hip,CompShg,MetalSd,MetalSd,BrkFace,212.0,TA,TA,CBlock,TA,TA,No,BLQ,733,Unf,0,520,1253,GasA,TA,SBrkr,1253,0,0,1253,1,0,1,1,2,1,TA,5,Typ,1,Fa,Attchd,1960.0,RFn,1,352,TA,TA,Y,0,213,176,0,0,0,,GdWo,,0,5,2008,WD,Normal,157000,1
1180,1180,60,RL,69.0,11170,Pave,None,IR2,Lvl,AllPub,Corner,Gtl,Timber,Norm,Norm,1Fam,2Story,7,5,1990,1991,Gable,CompShg,MetalSd,MetalSd,None,0.0,TA,TA,Wood,Gd,TA,No,LwQ,1216,Unf,0,0,1216,GasA,Ex,SBrkr,1298,1216,0,2514,0,0,2,1,4,1,TA,8,Typ,0,None,Attchd,1990.0,Fin,2,693,TA,TA,Y,0,0,0,0,0,0,,GdPrv,,0,4,2006,WD,Normal,250000,2
1064,1064,20,RL,69.0,11000,Pave,None,IR1,Lvl,AllPub,CulDSac,Gtl,NAmes,Norm,Norm,1Fam,1Story,5,6,1966,1966,Gable,CompShg,Plywood,Plywood,BrkFace,200.0,TA,TA,CBlock,TA,TA,Mn,BLQ,740,Rec,230,184,1154,GasA,Ex,SBrkr,1154,0,0,1154,0,0,1,1,3,1,TA,6,Typ,1,Po,Attchd,1966.0,RFn,2,480,TA,TA,Y,0,58,0,0,0,0,,MnPrv,,0,11,2009,WD,Normal,154000,1
492,492,60,RL,105.0,15578,Pave,None,IR1,Lvl,AllPub,Corner,Gtl,Gilbert,Norm,Norm,1Fam,2Story,6,5,2006,2006,Gable,CompShg,VinylSd,VinylSd,None,0.0,Gd,TA,PConc,Gd,TA,No,Unf,0,Unf,0,728,728,GasA,Gd,SBrkr,728,728,0,1456,0,0,2,1,3,1,TA,8,Typ,0,None,Attchd,2006.0,RFn,2,429,TA,TA,Y,0,0,0,0,0,0,,None,,0,5,2006,New,Partial,172785,1
379,379,60,RL,60.0,8123,Pave,None,IR1,Lvl,AllPub,Inside,Gtl,Gilbert,RRAn,Norm,1Fam,2Story,6,5,2000,2000,Gable,CompShg,VinylSd,VinylSd,BrkFace,16.0,TA,TA,PConc,Gd,TA,No,Unf,0,Unf,0,982,982,GasA,Ex,SBrkr,1007,793,0,1800,0,0,2,1,3,1,TA,7,Typ,1,TA,Attchd,2000.0,Fin,2,463,TA,TA,Y,100,63,0,0,0,0,,None,,0,6,2009,WD,Normal,179000,1
187,187,50,RL,60.0,10410,Pave,None,Reg,Lvl,AllPub,Inside,Gtl,OldTown,Norm,Norm,1Fam,1.5Fin,5,7,1916,1987,Gable,CompShg,HdBoard,HdBoard,None,0.0,TA,TA,CBlock,Fa,TA,No,Unf,0,Unf,0,660,660,GasA,Ex,SBrkr,808,704,144,1656,0,0,2,1,3,1,TA,8,Min2,0,None,Detchd,1916.0,Unf,1,180,Fa,Fa,N,0,0,0,140,0,0,,MnPrv,,0,8,2009,WD,Normal,135000,0
763,763,60,RL,82.0,9430,Pave,None,Reg,Lvl,AllPub,Inside,Gtl,NoRidge,Norm,Norm,1Fam,2Story,8,5,1999,1999,Gable,CompShg,VinylSd,VinylSd,BrkFace,673.0,Gd,TA,PConc,Gd,TA,Mn,GLQ,1163,Unf,0,89,1252,GasA,Ex,SBrkr,1268,1097,0,2365,1,0,2,1,3,1,Gd,8,Typ,1,Gd,Attchd,1999.0,RFn,3,856,TA,TA,Y,0,128,0,0,180,0,,None,,0,7,2009,WD,Normal,337000,2
216,216,20,RL,65.0,8450,Pave,None,Reg,Lvl,AllPub,Inside,Gtl,CollgCr,Norm,Norm,1Fam,1Story,7,5,2004,2004,Gable,CompShg,VinylSd,VinylSd,BrkFace,266.0,Gd,TA,PConc,Gd,TA,Mn,GLQ,946,Unf,0,490,1436,GasA,Ex,SBrkr,1436,0,0,1436,1,0,2,0,3,1,Gd,8,Typ,0,None,Attchd,2004.0,Unf,2,484,TA,TA,Y,139,98,0,0,0,0,,None,,0,4,2008,WD,Normal,210000,2
791,791,80,RL,69.0,11333,Pave,None,IR1,Lvl,AllPub,Corner,Gtl,Mitchel,Norm,Norm,1Fam,SLvl,6,5,1976,1976,Gable,CompShg,HdBoard,HdBoard,None,0.0,TA,TA,PConc,Gd,TA,Av,ALQ,539,Unf,0,490,1029,GasA,TA,SBrkr,1062,0,0,1062,1,0,1,0,3,1,TA,5,Typ,2,TA,Attchd,1976.0,RFn,2,539,TA,TA,Y,120,0,0,0,0,0,,None,,0,5,2007,WD,Normal,146800,1
1076,1076,50,RL,60.0,10800,Pave,Grvl,Reg,Lvl,AllPub,Inside,Gtl,OldTown,Norm,Norm,1Fam,1.5Fin,5,8,1936,1989,Gable,CompShg,Wd Sdng,Wd Sdng,None,0.0,TA,TA,CBlock,Fa,TA,No,ALQ,626,Unf,0,170,796,GasA,Gd,SBrkr,1096,370,0,1466,0,1,2,0,3,1,Gd,7,Min1,1,TA,Attchd,1950.0,Unf,2,566,TA,TA,Y,436,21,0,0,0,0,,None,Shed,500,4,2006,WD,Normal,170000,1
878,878,85,RL,88.0,11782,Pave,None,IR1,Lvl,AllPub,Inside,Gtl,Sawyer,Norm,Norm,1Fam,SFoyer,5,7,1961,1995,Gable,CompShg,HdBoard,HdBoard,None,0.0,TA,TA,CBlock,TA,TA,Av,ALQ,899,Unf,0,210,1109,GasA,TA,SBrkr,1155,0,0,1155,1,0,1,0,3,1,Gd,6,Min2,0,None,Detchd,1987.0,Unf,2,576,TA,TA,Y,192,0,0,0,0,0,,MnPrv,Shed,400,6,2010,WD,Normal,148000,1
337,337,20,RL,70.0,9135,Pave,None,Reg,Lvl,AllPub,Inside,Gtl,CollgCr,Norm,Norm,1Fam,1Story,7,5,2002,2003,Gable,CompShg,VinylSd,VinylSd,BrkFace,113.0,Gd,TA,PConc,Gd,TA,Av,GLQ,810,Unf,0,726,1536,GasA,Ex,SBrkr,1536,0,0,1536,1,0,2,0,3,1,Gd,7,Typ,0,None,Attchd,2002.0,RFn,2,532,TA,TA,Y,192,74,0,0,0,0,,None,,0,12,2008,WD,Normal,214000,2
719,719,20,RL,69.0,9920,Pave,None,IR1,Lvl,AllPub,Inside,Gtl,CollgCr,Norm,Norm,1Fam,1Story,5,6,1969,1969,Gable,CompShg,HdBoard,Plywood,None,0.0,TA,TA,CBlock,Gd,TA,Gd,ALQ,523,Unf,0,448,971,GasA,TA,SBrkr,971,0,0,971,0,0,1,1,3,1,TA,5,Typ,1,Po,Attchd,1969.0,Unf,1,300,TA,TA,Y,0,0,0,0,0,0,,None,,0,5,2006,WD,Normal,128500,0
295,295,80,RL,37.0,7937,Pave,None,IR1,Lvl,AllPub,CulDSac,Gtl,Mitchel,Norm,Norm,1Fam,SLvl,6,6,1984,1984,Gable,CompShg,HdBoard,HdBoard,None,0.0,TA,TA,CBlock,TA,TA,Av,GLQ,819,Unf,0,184,1003,GasA,TA,SBrkr,1003,0,0,1003,1,0,1,0,3,1,TA,6,Typ,0,None,Detchd,1984.0,Unf,2,588,TA,TA,Y,120,0,0,0,0,0,,GdPrv,,0,3,2006,WD,Normal,142500,1
1016,1016,20,RL,73.0,11883,Pave,None,Reg,Lvl,AllPub,Inside,Gtl,CollgCr,Norm,Norm,1Fam,1Story,7,5,1996,1996,Hip,CompShg,VinylSd,VinylSd,BrkFace,196.0,Gd,TA,PConc,Gd,TA,Gd,GLQ,690,Unf,0,814,1504,GasA,Ex,SBrkr,1504,0,0,1504,1,0,2,0,3,1,Gd,6,Typ,1,TA,Attchd,1996.0,Fin,2,478,TA,TA,Y,115,66,0,0,0,0,,None,,0,6,2009,WD,Normal,203000,2
1275,1275,90,RL,95.0,11345,Pave,None,Reg,Lvl,AllPub,Corner,Gtl,NAmes,Feedr,Norm,Duplex,2Story,5,5,1948,1950,Gable,Roll,AsbShng,AsbShng,Stone,567.0,TA,TA,CBlock,TA,TA,No,Rec,220,Unf,0,708,928,GasA,Gd,FuseA,928,992,0,1920,0,0,2,0,4,2,TA,10,Typ,0,None,Detchd,1948.0,Unf,2,400,TA,Fa,Y,0,0,0,0,0,0,,None,,0,7,2007,WD,Normal,137000,0
455,455,20,RL,80.0,9600,Pave,None,Reg,Lvl,AllPub,Inside,Gtl,NWAmes,Norm,Norm,1Fam,1Story,7,6,1973,1973,Hip,CompShg,HdBoard,HdBoard,BrkFace,320.0,TA,TA,CBlock,TA,TA,No,ALQ,916,Unf,0,326,1242,GasA,Fa,SBrkr,1242,0,0,1242,0,0,1,1,3,1,TA,6,Typ,1,TA,Attchd,1973.0,Unf,2,528,TA,TA,Y,0,0,0,0,0,0,,None,,0,9,2007,WD,Normal,175500,1
1457,1457,70,RL,66.0,9042,Pave,None,Reg,Lvl,AllPub,Inside,Gtl,Crawfor,Norm,Norm,1Fam,2Story,7,9,1941,2006,Gable,CompShg,CemntBd,CmentBd,None,0.0,Ex,Gd,Stone,TA,Gd,No,GLQ,275,Unf,0,877,1152,GasA,Ex,SBrkr,1188,1152,0,2340,0,0,2,0,4,1,Gd,9,Typ,2,Gd,Attchd,1941.0,RFn,1,252,TA,TA,Y,0,60,0,0,0,0,,GdPrv,Shed,2500,5,2010,WD,Normal,266500,2
815,815,20,RL,48.0,12137,Pave,None,IR2,Lvl,AllPub,CulDSac,Gtl,CollgCr,Norm,Norm,1Fam,1Story,7,5,1998,1998,Gable,CompShg,VinylSd,VinylSd,BrkFace,442.0,TA,TA,PConc,Gd,TA,No,Unf,0,Unf,0,1649,1649,GasA,Ex,SBrkr,1661,0,0,1661,0,0,2,0,3,1,Gd,6,Typ,0,None,Attchd,1998.0,RFn,2,598,TA,TA,Y,0,34,0,0,0,0,,None,,0,5,2010,WD,Normal,224900,2
269,269,20,RL,69.0,7917,Pave,None,IR1,Lvl,AllPub,Corner,Gtl,Edwards,Norm,Norm,1Fam,1Story,6,7,1976,1976,Hip,CompShg,HdBoard,HdBoard,BrkFace,174.0,TA,Gd,CBlock,TA,Gd,No,BLQ,751,Unf,0,392,1143,GasA,TA,SBrkr,1113,0,0,1113,1,0,1,1,3,1,TA,6,Typ,1,Fa,Attchd,1987.0,RFn,1,504,TA,Gd,Y,370,30,0,0,0,0,,GdPrv,,0,5,2007,WD,Normal,148000,1
995,995,50,RL,51.0,4712,Pave,None,IR1,Lvl,AllPub,Inside,Mod,BrkSide,Feedr,Norm,1Fam,1.5Fin,4,7,1946,1950,Gable,CompShg,MetalSd,MetalSd,None,0.0,TA,TA,CBlock,TA,TA,No,ALQ,384,Unf,0,363,747,GasA,TA,SBrkr,774,456,0,1230,1,0,1,1,3,1,TA,5,Typ,0,None,Detchd,1946.0,Unf,1,305,TA,TA,Y,0,57,0,0,63,0,,MnPrv,,0,8,2006,WD,Abnorml,121600,0
201,201,20,RL,75.0,10125,Pave,None,Reg,Lvl,AllPub,Inside,Gtl,Mitchel,Norm,Norm,1Fam,1Story,6,6,1977,1977,Gable,CompShg,Plywood,Plywood,None,0.0,TA,TA,CBlock,TA,TA,No,ALQ,641,LwQ,279,276,1196,GasA,TA,SBrkr,1279,0,0,1279,0,1,2,0,3,1,TA,6,Typ,2,Fa,Detchd,1980.0,Unf,2,473,TA,TA,Y,238,83,0,0,0,0,,MnPrv,,0,2,2008,WD,Normal,171500,1
161,161,60,RL,110.0,13688,Pave,None,IR1,Lvl,AllPub,Inside,Gtl,NridgHt,Norm,Norm,1Fam,2Story,9,5,2003,2004,Gable,CompShg,VinylSd,VinylSd,BrkFace,664.0,Gd,TA,PConc,Ex,TA,Av,GLQ,1016,Unf,0,556,1572,GasA,Ex,SBrkr,1572,1096,0,2668,1,0,2,1,3,1,Ex,10,Typ,2,Gd,BuiltIn,2003.0,Fin,3,726,TA,TA,Y,400,0,0,0,0,0,,None,,0,3,2008,WD,Normal,412500,2
729,729,30,RM,52.0,6240,Pave,Grvl,Reg,Lvl,AllPub,Inside,Gtl,IDOTRR,Norm,Norm,1Fam,1.5Fin,4,5,1925,1950,Gable,CompShg,MetalSd,MetalSd,None,0.0,TA,TA,CBlock,TA,TA,No,BLQ,152,Unf,0,628,780,GasA,TA,FuseA,848,0,360,1208,0,0,1,0,2,1,TA,5,Typ,0,None,Detchd,1962.0,Unf,2,539,TA,TA,Y,0,23,112,0,0,0,,None,,0,1,2009,WD,Normal,103000,0
401,401,20,RL,65.0,8767,Pave,None,IR1,Lvl,AllPub,Inside,Gtl,CollgCr,Norm,Norm,1Fam,1Story,7,5,2005,2005,Gable,CompShg,VinylSd,VinylSd,None,0.0,Gd,TA,PConc,Gd,TA,Av,GLQ,24,Unf,0,1286,1310,GasA,Ex,SBrkr,1310,0,0,1310,0,0,2,0,3,1,Gd,6,Typ,1,Gd,Attchd,2005.0,Fin,2,400,TA,TA,Y,0,0,0,0,0,0,,None,,0,7,2006,New,Partial,164990,1
702,702,60,RL,82.0,12438,Pave,None,IR1,Lvl,AllPub,Inside,Gtl,StoneBr,Norm,Norm,1Fam,2Story,8,5,2006,2006,Hip,CompShg,VinylSd,VinylSd,BrkFace,466.0,Ex,TA,PConc,Ex,Gd,No,Unf,0,Unf,0,1234,1234,GasA,Ex,SBrkr,1264,1312,0,2576,0,0,2,1,4,1,Ex,10,Typ,1,Gd,BuiltIn,2006.0,Fin,3,666,TA,TA,Y,324,100,0,0,0,0,,None,,0,7,2006,New,Partial,361919,2
1129,1129,90,RM,60.0,7200,Pave,Grvl,Reg,Lvl,AllPub,Inside,Gtl,OldTown,Norm,Norm,Duplex,SFoyer,5,5,1980,1980,Gable,CompShg,MetalSd,MetalSd,BrkFace,180.0,TA,TA,CBlock,Gd,TA,Gd,GLQ,936,Unf,0,0,936,GasA,TA,SBrkr,936,0,0,936,1,0,1,0,2,1,TA,4,Typ,0,None,Detchd,1980.0,Unf,2,672,TA,TA,Y,49,0,0,0,0,0,,None,,0,8,2007,WD,Normal,140000,1
565,565,70,RL,66.0,6858,Pave,None,Reg,Bnk,AllPub,Corner,Gtl,SWISU,Norm,Norm,1Fam,2Story,6,4,1915,1950,Gable,CompShg,Wd Sdng,Wd Sdng,None,0.0,TA,TA,PConc,Gd,TA,No,Unf,0,Unf,0,806,806,GasA,TA,FuseF,841,806,0,1647,1,0,1,1,4,1,Fa,6,Typ,0,None,Detchd,1920.0,Unf,1,216,TA,TA,Y,0,66,136,0,0,0,,None,,0,5,2010,WD,Normal,128000,0
1021,1021,20,RL,64.0,7406,Pave,None,Reg,Lvl,AllPub,Inside,Gtl,CollgCr,Norm,Norm,1Fam,1Story,7,5,2006,2006,Gable,CompShg,VinylSd,VinylSd,Stone,84.0,Gd,TA,PConc,Gd,TA,Av,GLQ,684,Unf,0,515,1199,GasA,Ex,SBrkr,1220,0,0,1220,1,0,2,0,2,1,Gd,6,Typ,0,None,Attchd,2006.0,RFn,2,632,TA,TA,Y,105,54,0,0,0,0,,None,,0,7,2006,New,Partial,194000,2
1025,1025,20,RL,70.0,7700,Pave,None,Reg,Lvl,AllPub,Corner,Gtl,CollgCr,Norm,Norm,1Fam,1Story,5,5,1972,1972,Gable,CompShg,VinylSd,VinylSd,None,0.0,TA,TA,CBlock,TA,TA,No,LwQ,138,Rec,468,276,882,GasA,TA,SBrkr,882,0,0,882,1,0,1,0,3,1,TA,5,Typ,0,None,Detchd,1980.0,Unf,2,461,TA,TA,Y,96,0,0,0,0,0,,MnPrv,,0,3,2007,WD,Normal,112500,0
1104,1104,160,RM,24.0,2016,Pave,None,Reg,Lvl,AllPub,Inside,Gtl,BrDale,Norm,Norm,TwnhsE,2Story,5,5,1970,1970,Gable,CompShg,HdBoard,HdBoard,BrkFace,304.0,TA,TA,CBlock,TA,TA,No,Unf,0,Unf,0,630,630,GasA,TA,SBrkr,630,672,0,1302,0,0,2,1,3,1,TA,6,Typ,0,None,Detchd,1970.0,Unf,2,440,TA,TA,Y,0,0,0,0,0,0,,None,,0,4,2007,WD,Normal,106000,0
205,205,20,RL,99.0,11851,Pave,None,Reg,Lvl,AllPub,Corner,Gtl,Gilbert,Norm,Norm,1Fam,1Story,7,5,1990,1990,Gable,CompShg,HdBoard,HdBoard,None,0.0,TA,TA,PConc,Gd,TA,No,Unf,0,Unf,0,1424,1424,GasA,Ex,SBrkr,1442,0,0,1442,0,0,2,0,3,1,TA,5,Typ,0,None,Attchd,1990.0,RFn,2,500,TA,TA,Y,0,34,0,508,0,0,,None,,0,5,2009,WD,Normal,180500,1
34,34,120,RL,60.0,7313,Pave,None,Reg,Lvl,AllPub,Inside,Gtl,NridgHt,Norm,Norm,TwnhsE,1Story,9,5,2005,2005,Hip,CompShg,MetalSd,MetalSd,BrkFace,246.0,Ex,TA,PConc,Ex,TA,No,GLQ,1153,Unf,0,408,1561,GasA,Ex,SBrkr,1561,0,0,1561,1,0,2,0,2,1,Ex,6,Typ,1,Gd,Attchd,2005.0,Fin,2,556,TA,TA,Y,203,47,0,0,0,0,,None,,0,8,2007,WD,Normal,277500,2
775,775,120,RM,32.0,4500,Pave,None,Reg,Lvl,AllPub,FR2,Gtl,Mitchel,Norm,Norm,TwnhsE,1Story,6,5,1998,1998,Hip,CompShg,VinylSd,VinylSd,BrkFace,320.0,TA,TA,PConc,Ex,TA,No,GLQ,866,Unf,0,338,1204,GasA,Ex,SBrkr,1204,0,0,1204,1,0,2,0,2,1,TA,5,Typ,0,None,Attchd,1998.0,Fin,2,412,TA,TA,Y,0,247,0,0,0,0,,None,,0,6,2009,WD,Normal,162000,1
508,508,70,RM,60.0,9600,Pave,None,Reg,Lvl,AllPub,Inside,Gtl,OldTown,Norm,Norm,1Fam,2Story,7,9,1928,2005,Gambrel,CompShg,MetalSd,MetalSd,None,0.0,TA,Ex,BrkTil,TA,TA,No,Rec,141,Unf,0,548,689,GasA,Ex,SBrkr,689,689,0,1378,0,0,2,0,3,1,Gd,7,Typ,1,Gd,Detchd,1928.0,Unf,2,360,TA,TA,N,0,0,116,0,0,0,,None,,0,10,2008,WD,Normal,161000,1
1441,1441,120,RM,69.0,4426,Pave,None,Reg,Lvl,AllPub,Inside,Gtl,CollgCr,Norm,Norm,TwnhsE,1Story,6,5,2004,2004,Gable,CompShg,VinylSd,VinylSd,BrkFace,147.0,Gd,TA,PConc,Gd,TA,Av,GLQ,697,Unf,0,151,848,GasA,Ex,SBrkr,848,0,0,848,1,0,1,0,1,1,Gd,3,Typ,1,TA,Attchd,2004.0,RFn,2,420,TA,TA,Y,149,0,0,0,0,0,,None,,0,5,2008,WD,Normal,149300,1
1390,1390,20,RL,70.0,9100,Pave,None,Reg,Lvl,AllPub,Inside,Gtl,CollgCr,Norm,Norm,1Fam,1Story,7,5,2000,2000,Gable,CompShg,VinylSd,VinylSd,BrkFace,244.0,Gd,TA,PConc,Gd,TA,Av,GLQ,1400,Unf,0,125,1525,GasA,Ex,SBrkr,1525,0,0,1525,1,0,2,0,3,1,Gd,6,Typ,0,None,Attchd,2000.0,RFn,2,541,TA,TA,Y,219,36,0,0,0,0,,None,,0,9,2006,WD,Normal,235000,2
91,91,20,RL,85.0,8500,Pave,None,Reg,Lvl,AllPub,Inside,Gtl,NAmes,Norm,Norm,1Fam,1Story,5,3,1961,1961,Hip,CompShg,HdBoard,HdBoard,BrkCmn,203.0,TA,TA,CBlock,TA,TA,No,Rec,600,Unf,0,635,1235,GasA,TA,SBrkr,1235,0,0,1235,0,0,1,0,2,1,TA,6,Typ,0,None,Attchd,1961.0,Unf,2,480,TA,TA,Y,0,0,0,0,0,0,,GdWo,,0,12,2006,WD,Abnorml,98600,0
1363,1363,60,RL,73.0,8499,Pave,None,IR1,Lvl,AllPub,Inside,Gtl,Gilbert,Norm,Norm,1Fam,2Story,6,5,2006,2007,Gable,CompShg,VinylSd,VinylSd,None,0.0,TA,TA,PConc,Gd,TA,No,Unf,0,Unf,0,616,616,GasA,Ex,SBrkr,616,796,0,1412,0,0,2,1,3,1,Gd,6,Typ,1,Gd,BuiltIn,2007.0,Fin,2,432,TA,TA,Y,0,36,0,0,0,0,,None,,0,3,2007,New,Partial,156932,1
897,897,90,RL,64.0,7018,Pave,None,Reg,Lvl,AllPub,Inside,Gtl,SawyerW,Feedr,Norm,Duplex,2Story,5,5,1979,1979,Gable,CompShg,Plywood,Plywood,None,0.0,TA,TA,Slab,None,None,None,None,0,None,0,0,0,GasA,TA,SBrkr,1120,1120,0,2240,0,0,2,0,6,2,TA,12,Typ,0,None,Detchd,1979.0,Unf,2,528,TA,TA,Y,154,0,0,0,0,0,,None,,0,6,2009,WD,Alloca,142953,1
564,564,60,RL,69.0,13346,Pave,None,IR1,Lvl,AllPub,CulDSac,Gtl,NoRidge,Norm,Norm,1Fam,2Story,7,5,1992,2000,Gable,CompShg,HdBoard,HdBoard,None,0.0,Gd,TA,PConc,Gd,TA,No,GLQ,728,Unf,0,367,1095,GasA,Ex,SBrkr,1166,1129,0,2295,1,0,2,1,4,1,Gd,9,Typ,1,TA,Attchd,1992.0,RFn,2,590,TA,TA,Y,0,40,0,0,0,0,,None,,0,7,2006,WD,Normal,268000,2
1369,1369,20,RL,48.0,10635,Pave,None,IR2,Lvl,AllPub,FR2,Gtl,CollgCr,Norm,Norm,1Fam,1Story,8,5,2003,2003,Hip,CompShg,VinylSd,VinylSd,BrkFace,171.0,Gd,TA,PConc,Gd,TA,Av,BLQ,370,GLQ,972,315,1657,GasA,Ex,SBrkr,1668,0,0,1668,1,0,2,0,3,1,Gd,8,Typ,1,TA,Attchd,2003.0,Fin,2,502,TA,TA,Y,0,262,0,0,0,0,,None,,0,5,2010,WD,Normal,232000,2
776,776,20,RL,86.0,11210,Pave,None,IR1,Lvl,AllPub,Inside,Gtl,CollgCr,Norm,Norm,1Fam,1Story,7,5,2005,2006,Gable,CompShg,VinylSd,VinylSd,BrkFace,240.0,Gd,TA,PConc,Gd,TA,Av,GLQ,20,Unf,0,1594,1614,GasA,Ex,SBrkr,1614,0,0,1614,0,0,2,0,3,1,Gd,7,Typ,0,None,Attchd,2005.0,RFn,3,865,TA,TA,Y,144,59,0,0,0,0,,None,,0,7,2006,New,Partial,221500,2
241,241,30,RM,40.0,3880,Pave,None,Reg,Lvl,AllPub,Inside,Gtl,OldTown,Norm,Norm,1Fam,1Story,5,9,1945,1997,Gable,CompShg,VinylSd,VinylSd,None,0.0,TA,Gd,CBlock,TA,TA,No,ALQ,329,Unf,0,357,686,GasA,Gd,SBrkr,866,0,0,866,0,0,1,0,2,1,Gd,4,Typ,0,None,None,1980.0,None,0,0,None,None,Y,58,42,0,0,0,0,,None,,0,8,2007,WD,Normal,110500,0
13,13,20,RL,91.0,10652,Pave,None,IR1,Lvl,AllPub,Inside,Gtl,CollgCr,Norm,Norm,1Fam,1Story,7,5,2006,2007,Gable,CompShg,VinylSd,VinylSd,Stone,306.0,Gd,TA,PConc,Gd,TA,Av,Unf,0,Unf,0,1494,1494,GasA,Ex,SBrkr,1494,0,0,1494,0,0,2,0,3,1,Gd,7,Typ,1,Gd,Attchd,2006.0,RFn,3,840,TA,TA,Y,160,33,0,0,0,0,,None,,0,8,2007,New,Partial,279500,2
315,315,60,RL,71.0,7795,Pave,None,IR1,Lvl,AllPub,Inside,Gtl,Gilbert,Norm,Norm,1Fam,2Story,7,5,2004,2005,Gable,CompShg,VinylSd,VinylSd,None,0.0,Gd,TA,PConc,Gd,TA,No,GLQ,425,Unf,0,291,716,GasA,Ex,SBrkr,716,716,0,1432,1,0,2,1,3,1,Gd,6,Typ,1,Gd,Attchd,2004.0,Fin,2,432,TA,TA,Y,100,51,0,0,0,0,,None,,0,7,2009,WD,Normal,188500,1
600,600,60,RL,74.0,10927,Pave,None,Reg,Lvl,AllPub,Inside,Gtl,NridgHt,Norm,Norm,1Fam,2Story,8,5,2005,2005,Gable,CompShg,VinylSd,VinylSd,BrkFace,280.0,Gd,TA,PConc,Gd,TA,Av,GLQ,546,Unf,0,512,1058,GasA,Ex,SBrkr,1058,846,0,1904,1,0,2,1,3,1,Ex,8,Typ,1,Gd,BuiltIn,2003.0,Fin,2,736,TA,TA,Y,179,60,0,0,0,0,,None,,0,6,2006,WD,Normal,275000,2
387,387,80,RL,72.0,7200,Pave,None,Reg,Lvl,AllPub,Inside,Gtl,Edwards,Norm,Norm,1Fam,SLvl,6,6,1976,1976,Hip,CompShg,MetalSd,MetalSd,BrkFace,255.0,TA,TA,CBlock,TA,TA,Av,ALQ,631,Unf,0,410,1041,GasA,Ex,SBrkr,1125,0,0,1125,1,0,1,0,3,1,TA,6,Typ,1,Fa,Detchd,1977.0,Unf,1,352,TA,TA,Y,296,0,0,0,0,0,,GdWo,,0,10,2009,WD,Abnorml,125000,0
1297,1297,180,RM,35.0,3675,Pave,None,Reg,Lvl,AllPub,Inside,Gtl,Edwards,Norm,Norm,TwnhsE,SFoyer,6,5,2005,2006,Gable,CompShg,VinylSd,VinylSd,BrkFace,82.0,TA,TA,PConc,Gd,TA,Gd,GLQ,547,Unf,0,0,547,GasA,Gd,SBrkr,1072,0,0,1072,1,0,2,0,2,1,TA,5,Typ,0,None,Basment,2005.0,Fin,2,525,TA,TA,Y,0,44,0,0,0,0,,None,,0,6,2006,New,Partial,140000,1
166,166,20,RL,69.0,10708,Pave,None,IR1,Lvl,AllPub,Inside,Gtl,ClearCr,Norm,Norm,1Fam,1Story,5,5,1955,1993,Hip,CompShg,Wd Sdng,Wd Sdng,None,0.0,Gd,TA,CBlock,TA,TA,No,LwQ,379,BLQ,768,470,1617,GasA,Ex,FuseA,1867,0,0,1867,1,0,1,0,2,1,TA,7,Typ,3,Gd,Attchd,1955.0,Fin,1,303,TA,TA,Y,476,0,0,0,142,0,,GdWo,,0,11,2009,COD,Normal,190000,2
840,840,70,RH,69.0,12155,Pave,None,IR1,Lvl,AllPub,Inside,Gtl,SWISU,Norm,Norm,1Fam,2Story,6,8,1925,1950,Gable,CompShg,Wd Sdng,Wd Sdng,None,0.0,TA,TA,BrkTil,TA,TA,No,BLQ,156,Unf,0,516,672,GasA,TA,SBrkr,810,672,0,1482,0,0,2,0,4,1,Fa,7,Typ,0,None,Detchd,1934.0,Unf,1,400,TA,TA,P,0,0,254,0,0,0,,None,,0,3,2008,WD,Normal,140000,1
20,20,60,RL,101.0,14215,Pave,None,IR1,Lvl,AllPub,Corner,Gtl,NridgHt,Norm,Norm,1Fam,2Story,8,5,2005,2006,Gable,CompShg,VinylSd,VinylSd,BrkFace,380.0,Gd,TA,PConc,Ex,TA,Av,Unf,0,Unf,0,1158,1158,GasA,Ex,SBrkr,1158,1218,0,2376,0,0,3,1,4,1,Gd,9,Typ,1,Gd,BuiltIn,2005.0,RFn,3,853,TA,TA,Y,240,154,0,0,0,0,,None,,0,11,2006,New,Partial,325300,2
646,646,20,RL,60.0,7200,Pave,None,Reg,Lvl,AllPub,Inside,Gtl,NAmes,Norm,Norm,1Fam,1Story,5,5,1950,1950,Hip,CompShg,MetalSd,MetalSd,None,0.0,TA,TA,CBlock,None,None,None,None,0,None,0,0,0,GasA,Gd,SBrkr,1048,0,0,1048,0,0,1,0,3,1,TA,7,Min1,0,None,Detchd,1950.0,Unf,2,420,TA,TA,Y,0,27,0,0,0,0,,None,,0,7,2008,WD,Normal,98300,0
1154,1154,60,RL,69.0,13700,Pave,None,IR1,Lvl,AllPub,Inside,Gtl,NAmes,Norm,Norm,1Fam,2Story,7,6,1965,1988,Gable,CompShg,VinylSd,VinylSd,Stone,288.0,TA,TA,CBlock,TA,TA,Gd,ALQ,454,Unf,0,410,864,GasA,TA,SBrkr,902,918,0,1820,0,0,1,2,4,1,Gd,8,Typ,2,Gd,Attchd,1965.0,Unf,2,492,TA,TA,Y,60,84,0,0,273,0,,GdPrv,,0,5,2008,WD,Normal,201800,2
831,831,160,FV,30.0,3180,Pave,Pave,Reg,Lvl,AllPub,Inside,Gtl,Somerst,Norm,Norm,TwnhsE,2Story,7,5,2005,2005,Gable,CompShg,MetalSd,MetalSd,None,0.0,TA,TA,PConc,Gd,TA,No,Unf,0,Unf,0,600,600,GasA,Ex,SBrkr,520,600,80,1200,0,0,2,1,2,1,Gd,4,Typ,0,None,Detchd,2005.0,RFn,2,480,TA,TA,Y,0,166,0,0,0,0,,None,,0,6,2006,WD,Normal,151000,1
1267,1267,20,RL,89.0,13214,Pave,None,IR1,HLS,AllPub,Inside,Gtl,Timber,Norm,Norm,1Fam,1Story,9,5,2008,2009,Hip,CompShg,Stucco,CmentBd,None,0.0,Ex,TA,PConc,Ex,TA,Gd,Unf,0,Unf,0,2002,2002,GasA,Ex,SBrkr,2018,0,0,2018,0,0,2,0,3,1,Ex,10,Typ,1,Gd,Attchd,2009.0,Fin,3,746,TA,TA,Y,144,76,0,0,0,0,,None,,0,5,2010,WD,Normal,378500,2
562,562,30,RL,63.0,13907,Pave,None,Reg,Lvl,AllPub,Inside,Gtl,Edwards,Norm,Norm,1Fam,1Story,5,6,1940,1969,Gable,CompShg,WdShing,Wd Shng,None,0.0,TA,TA,CBlock,TA,TA,No,BLQ,290,Unf,0,706,996,GasA,Ex,SBrkr,996,0,0,996,1,0,1,0,3,1,TA,6,Typ,1,Gd,None,1980.0,None,0,0,None,None,Y,144,0,0,0,0,0,,None,,0,7,2008,WD,Normal,108000,0
1422,1422,120,RM,37.0,4435,Pave,None,Reg,Lvl,AllPub,Inside,Gtl,CollgCr,Norm,Norm,TwnhsE,1Story,6,5,2003,2003,Gable,CompShg,VinylSd,VinylSd,BrkFace,170.0,Gd,TA,PConc,Gd,TA,Av,GLQ,686,Unf,0,162,848,GasA,Ex,SBrkr,848,0,0,848,1,0,1,0,1,1,Gd,3,Typ,0,None,Attchd,2003.0,Fin,2,420,TA,TA,Y,140,0,0,0,0,0,,None,,0,3,2008,WD,Normal,136500,0
686,686,60,FV,84.0,10207,Pave,None,Reg,Lvl,AllPub,Inside,Gtl,Somerst,Norm,Norm,1Fam,2Story,7,6,2007,2007,Gable,CompShg,VinylSd,VinylSd,None,0.0,Gd,TA,PConc,Gd,TA,No,Unf,0,Unf,0,874,874,GasA,Ex,SBrkr,874,887,0,1761,0,0,3,0,3,1,Gd,7,Typ,0,None,Attchd,2007.0,Fin,2,578,TA,TA,Y,144,105,0,0,0,0,,None,,0,8,2007,New,Partial,227875,2
957,957,20,RL,70.0,7420,Pave,None,Reg,Lvl,AllPub,Inside,Gtl,Sawyer,Norm,Norm,1Fam,1Story,5,5,1962,1962,Hip,CompShg,MetalSd,MetalSd,None,0.0,TA,TA,CBlock,TA,TA,No,Rec,417,Unf,0,640,1057,GasA,TA,SBrkr,1057,0,0,1057,0,0,1,0,3,1,TA,6,Typ,0,None,Detchd,1977.0,Fin,2,576,TA,TA,Y,0,0,0,0,0,0,,None,,0,4,2007,WD,Normal,132000,0
189,189,120,RL,41.0,4923,Pave,None,Reg,Lvl,AllPub,Inside,Gtl,StoneBr,Norm,Norm,TwnhsE,1Story,8,5,2001,2002,Gable,CompShg,CemntBd,CmentBd,None,0.0,Gd,TA,PConc,Ex,TA,Av,GLQ,1153,Unf,0,440,1593,GasA,Ex,SBrkr,1593,0,0,1593,1,0,1,1,0,1,Ex,5,Typ,1,Gd,Attchd,2001.0,Fin,2,682,TA,TA,Y,0,120,0,0,224,0,,None,,0,8,2008,WD,Normal,286000,2
975,975,160,FV,69.0,2651,Pave,None,Reg,Lvl,AllPub,FR2,Gtl,Somerst,Norm,Norm,Twnhs,2Story,7,5,2000,2000,Gable,CompShg,MetalSd,MetalSd,None,0.0,Gd,TA,PConc,Gd,TA,No,GLQ,641,Unf,0,32,673,GasA,Ex,SBrkr,673,709,0,1382,1,0,2,1,3,1,Gd,6,Typ,0,None,Detchd,2000.0,Unf,2,490,TA,TA,Y,153,50,0,0,0,0,,None,,0,4,2006,WD,Normal,165000,1
699,699,120,FV,59.0,4282,Pave,Pave,IR2,Lvl,AllPub,Inside,Gtl,Somerst,Norm,Norm,TwnhsE,1Story,7,5,2004,2004,Gable,CompShg,MetalSd,MetalSd,None,0.0,Gd,TA,PConc,Gd,TA,Mn,GLQ,16,Unf,0,1375,1391,GasA,Ex,SBrkr,1391,0,0,1391,0,0,2,0,2,1,Gd,5,Typ,0,None,Attchd,2004.0,RFn,2,530,TA,TA,Y,156,158,0,0,0,0,,None,,0,7,2008,WD,Normal,196000,2
510,510,20,RL,75.0,14559,Pave,None,Reg,Lvl,AllPub,Inside,Gtl,NAmes,Norm,Norm,1Fam,1Story,5,7,1951,2000,Hip,CompShg,Wd Sdng,Wd Sdng,BrkCmn,70.0,Gd,TA,CBlock,TA,TA,No,BLQ,650,Rec,180,178,1008,GasA,Ex,SBrkr,1363,0,0,1363,1,0,1,0,2,1,TA,6,Min1,2,TA,CarPort,1951.0,Unf,1,288,TA,TA,Y,324,42,0,0,168,0,,None,Shed,2000,6,2009,WD,Normal,164900,1
1082,1082,20,RL,70.0,8749,Pave,None,Reg,Lvl,AllPub,Inside,Gtl,CollgCr,Norm,Norm,1Fam,1Story,7,5,2002,2002,Gable,CompShg,VinylSd,VinylSd,BrkFace,100.0,Gd,TA,PConc,Gd,TA,No,Unf,0,Unf,0,1459,1459,GasA,Ex,SBrkr,1459,0,0,1459,0,0,2,0,3,1,Gd,6,Typ,1,Gd,Attchd,2002.0,RFn,2,527,TA,TA,Y,192,39,0,0,0,0,,None,,0,9,2007,WD,Normal,192000,2
474,474,120,RL,41.0,5330,Pave,None,Reg,Lvl,AllPub,Inside,Gtl,StoneBr,Norm,Norm,TwnhsE,1Story,8,5,2000,2000,Gable,CompShg,CemntBd,CmentBd,None,0.0,Gd,TA,PConc,Gd,TA,Av,GLQ,1196,Unf,0,298,1494,GasA,Ex,SBrkr,1652,0,0,1652,1,0,2,0,2,1,Ex,6,Typ,0,None,Attchd,2000.0,RFn,2,499,TA,TA,Y,96,48,0,0,0,0,,None,,0,8,2007,WD,Normal,251000,2
856,856,80,RL,69.0,10970,Pave,None,IR1,Low,AllPub,Inside,Mod,CollgCr,Norm,Norm,1Fam,SLvl,6,6,1978,1978,Gable,CompShg,Plywood,HdBoard,None,0.0,TA,TA,CBlock,Gd,Gd,Gd,GLQ,505,LwQ,435,0,940,GasA,TA,SBrkr,1026,0,0,1026,1,0,1,0,3,1,TA,5,Typ,0,None,Detchd,1981.0,Unf,2,576,TA,Fa,Y,0,0,34,0,0,0,,MnPrv,,0,10,2008,WD,Normal,147000,1
747,747,70,RM,65.0,11700,Pave,Pave,IR1,Lvl,AllPub,Corner,Gtl,OldTown,Norm,Norm,1Fam,2Story,7,7,1880,2003,Mansard,CompShg,Stucco,Stucco,None,0.0,Gd,TA,Stone,TA,Fa,No,Unf,0,Unf,0,1240,1240,GasW,TA,SBrkr,1320,1320,0,2640,0,0,1,1,4,1,Gd,8,Typ,1,Gd,Detchd,1950.0,Unf,4,864,TA,TA,N,181,0,386,0,0,0,,None,,0,5,2009,WD,Normal,265979,2
252,252,60,RL,65.0,8366,Pave,None,IR1,Lvl,AllPub,Inside,Gtl,SawyerW,Norm,Norm,1Fam,2Story,6,5,2004,2004,Gable,CompShg,VinylSd,VinylSd,None,0.0,Gd,TA,PConc,Gd,TA,No,Unf,0,Unf,0,798,798,GasA,Ex,SBrkr,798,842,0,1640,0,0,2,1,3,1,Gd,6,Typ,0,None,Attchd,2004.0,RFn,2,520,TA,TA,Y,138,45,0,0,0,0,,None,,0,12,2008,WD,Normal,173000,1
21,21,45,RM,57.0,7449,Pave,Grvl,Reg,Bnk,AllPub,Inside,Gtl,IDOTRR,Norm,Norm,1Fam,1.5Unf,7,7,1930,1950,Gable,CompShg,Wd Sdng,Wd Sdng,None,0.0,TA,TA,PConc,TA,TA,No,Unf,0,Unf,0,637,637,GasA,Ex,FuseF,1108,0,0,1108,0,0,1,0,3,1,Gd,6,Typ,1,Gd,Attchd,1930.0,Unf,1,280,TA,TA,N,0,0,205,0,0,0,,GdPrv,,0,6,2007,WD,Normal,139400,1
1337,1337,30,RM,153.0,4118,Pave,Grvl,IR1,Bnk,AllPub,Corner,Mod,OldTown,Feedr,Norm,1Fam,1Story,4,4,1941,1950,Gable,CompShg,Wd Sdng,Wd Sdng,None,0.0,TA,TA,CBlock,TA,TA,No,Unf,0,Unf,0,693,693,Grav,Fa,FuseA,693,0,0,693,0,0,1,0,2,1,Fa,4,Typ,0,None,None,1980.0,None,0,0,None,None,N,0,20,0,0,0,0,,None,,0,3,2006,WD,Normal,52500,0
459,459,50,RL,69.0,7015,Pave,None,IR1,Bnk,AllPub,Corner,Gtl,BrkSide,Norm,Norm,1Fam,1.5Fin,5,4,1950,1950,Gable,CompShg,MetalSd,MetalSd,BrkCmn,161.0,TA,TA,CBlock,TA,TA,No,LwQ,185,Unf,0,524,709,GasA,TA,SBrkr,979,224,0,1203,1,0,1,0,3,1,Gd,5,Typ,1,TA,Detchd,1950.0,Unf,1,352,TA,TA,Y,0,0,248,0,0,0,,None,,0,7,2009,WD,Normal,110000,0
1184,1184,20,RL,50.0,35133,Grvl,None,Reg,Lvl,AllPub,Inside,Mod,Timber,Norm,Norm,1Fam,1Story,5,4,1963,1963,Hip,CompShg,MetalSd,MetalSd,BrkFace,226.0,TA,TA,CBlock,TA,TA,Gd,Rec,1159,Unf,0,413,1572,GasA,Gd,SBrkr,1572,0,0,1572,1,0,1,1,3,1,TA,5,Typ,2,TA,2Types,1963.0,RFn,3,995,TA,TA,Y,0,263,0,0,263,0,,None,,0,5,2007,WD,Normal,186700,1
276,276,20,RL,129.0,9196,Pave,None,IR1,Lvl,AllPub,Inside,Gtl,Mitchel,Norm,Norm,1Fam,1Story,7,5,2003,2003,Gable,CompShg,VinylSd,VinylSd,None,0.0,Gd,TA,PConc,Ex,TA,No,Unf,0,Unf,0,1560,1560,GasA,Ex,SBrkr,1560,0,0,1560,0,0,2,0,3,1,Gd,7,Typ,0,None,Attchd,2003.0,Fin,2,573,TA,TA,Y,100,150,0,0,0,0,,None,,0,4,2010,WD,Normal,201000,2
955,955,90,RH,82.0,7136,Pave,None,IR1,HLS,AllPub,Inside,Gtl,Crawfor,Norm,Norm,Duplex,2Story,6,6,1946,1950,Gable,CompShg,MetalSd,MetalSd,BrkFace,423.0,TA,TA,CBlock,Gd,TA,No,Rec,484,Unf,0,495,979,GasA,TA,FuseF,979,979,0,1958,0,0,2,0,4,2,TA,8,Typ,0,None,Attchd,1946.0,Unf,2,492,TA,TA,Y,0,0,0,0,0,0,,None,,0,8,2007,WD,Normal,145000,1
1215,1215,20,RL,99.0,7094,Pave,None,IR1,Lvl,AllPub,Inside,Gtl,Sawyer,Norm,Norm,1Fam,1Story,5,5,1966,1966,Gable,CompShg,VinylSd,VinylSd,None,0.0,TA,TA,CBlock,TA,TA,No,Rec,180,LwQ,374,340,894,GasA,TA,SBrkr,894,0,0,894,0,0,1,0,3,1,TA,5,Typ,0,None,Detchd,1966.0,RFn,1,384,TA,TA,Y,0,0,0,0,0,0,,MnPrv,,0,5,2007,WD,Normal,125000,0
385,385,120,RL,43.0,3182,Pave,None,Reg,Lvl,AllPub,Inside,Gtl,Blmngtn,Norm,Norm,TwnhsE,1Story,8,5,2004,2005,Gable,CompShg,VinylSd,VinylSd,BrkFace,16.0,Gd,TA,PConc,Gd,TA,No,GLQ,24,Unf,0,1232,1256,GasA,Ex,SBrkr,1269,0,0,1269,0,0,2,0,2,1,Gd,6,Typ,1,TA,Attchd,2004.0,Fin,2,430,TA,TA,Y,146,20,0,0,144,0,,None,,0,4,2010,WD,Normal,192000,2
805,805,20,RL,91.0,12274,Pave,None,IR1,Lvl,AllPub,FR2,Gtl,Somerst,Norm,Norm,1Fam,1Story,7,5,2008,2008,Gable,CompShg,VinylSd,VinylSd,Stone,256.0,Gd,TA,PConc,Gd,TA,No,Unf,0,Unf,0,1417,1417,GasA,Ex,SBrkr,1428,0,0,1428,0,0,2,0,3,1,Ex,6,Typ,0,None,Attchd,2008.0,RFn,2,554,TA,TA,Y,0,60,0,0,0,0,,None,,0,7,2008,New,Partial,227680,2
1437,1437,20,RL,96.0,12444,Pave,None,Reg,Lvl,AllPub,FR2,Gtl,NridgHt,Norm,Norm,1Fam,1Story,8,5,2008,2008,Hip,CompShg,VinylSd,VinylSd,Stone,426.0,Ex,TA,PConc,Ex,TA,Av,GLQ,1336,Unf,0,596,1932,GasA,Ex,SBrkr,1932,0,0,1932,1,0,2,0,2,1,Ex,7,Typ,1,Gd,Attchd,2008.0,Fin,3,774,TA,TA,Y,0,66,0,304,0,0,,None,,0,11,2008,New,Partial,394617,2
343,343,120,RL,63.0,8849,Pave,None,IR1,Lvl,AllPub,Inside,Gtl,NridgHt,Norm,Norm,TwnhsE,1Story,9,5,2005,2005,Hip,CompShg,MetalSd,MetalSd,BrkFace,616.0,Ex,TA,PConc,Ex,TA,No,GLQ,28,Unf,0,1656,1684,GasA,Ex,SBrkr,1684,0,0,1684,0,0,2,0,2,1,Ex,6,Typ,1,Ex,Attchd,2005.0,RFn,2,564,TA,TA,Y,495,72,0,0,0,0,,None,,0,7,2008,WD,Normal,266000,2
769,769,60,RL,47.0,53504,Pave,None,IR2,HLS,AllPub,CulDSac,Mod,StoneBr,Norm,Norm,1Fam,2Story,8,5,2003,2003,Hip,CompShg,CemntBd,Wd Shng,BrkFace,603.0,Ex,TA,PConc,Gd,TA,Gd,ALQ,1416,Unf,0,234,1650,GasA,Ex,SBrkr,1690,1589,0,3279,1,0,3,1,4,1,Ex,12,Mod,1,Gd,BuiltIn,2003.0,Fin,3,841,TA,TA,Y,503,36,0,0,210,0,,None,,0,6,2010,WD,Normal,538000,2
1332,1332,20,RL,67.0,8877,Pave,None,Reg,Lvl,AllPub,Inside,Mod,Edwards,Norm,Norm,1Fam,1Story,4,6,1938,1958,Gable,CompShg,MetalSd,MetalSd,None,0.0,TA,TA,CBlock,TA,TA,Mn,ALQ,690,Unf,0,126,816,GasA,Ex,SBrkr,816,0,0,816,1,0,1,0,2,1,TA,3,Typ,1,Gd,Detchd,1958.0,Unf,1,288,Fa,Fa,Y,0,0,0,0,0,0,,None,,0,5,2009,WD,Normal,100000,0
130,130,60,RL,88.0,14200,Pave,None,Reg,Lvl,AllPub,Corner,Gtl,NAmes,Norm,Norm,1Fam,2Story,7,6,1966,1966,Gable,CompShg,MetalSd,MetalSd,BrkFace,309.0,TA,TA,CBlock,TA,TA,No,Rec,445,Unf,0,479,924,GasA,Ex,SBrkr,1216,941,0,2157,0,0,2,1,4,1,Gd,8,Typ,2,Gd,Attchd,1966.0,Fin,2,487,TA,TA,Y,105,66,0,0,0,0,,GdPrv,,0,5,2006,WD,Normal,226000,2
871,871,60,RL,70.0,8750,Pave,None,Reg,Lvl,AllPub,Inside,Gtl,CollgCr,Norm,Norm,1Fam,2Story,6,5,1998,1998,Gable,CompShg,VinylSd,VinylSd,BrkFace,116.0,TA,TA,PConc,Gd,TA,No,GLQ,505,Unf,0,299,804,GasA,Ex,SBrkr,804,878,0,1682,0,0,2,1,3,1,Gd,7,Typ,0,None,Attchd,1998.0,RFn,2,523,TA,TA,Y,0,77,0,0,0,0,,None,,0,6,2010,WD,Normal,200500,2
1123,1123,20,RL,50.0,9405,Pave,None,Reg,Lvl,AllPub,Inside,Gtl,Edwards,Norm,Norm,1Fam,1Story,5,9,1947,2008,Hip,CompShg,VinylSd,VinylSd,None,0.0,TA,Ex,CBlock,TA,TA,No,Unf,0,Unf,0,698,698,GasA,Ex,SBrkr,698,0,0,698,0,1,1,0,2,1,TA,4,Typ,0,None,None,1980.0,None,0,0,None,None,Y,0,200,0,0,0,0,,None,,0,6,2009,WD,Normal,118000,0
1396,1396,20,RL,69.0,57200,Pave,None,IR1,Bnk,AllPub,Inside,Sev,Timber,Norm,Norm,1Fam,1Story,5,5,1948,1950,Gable,CompShg,Wd Sdng,Wd Sdng,None,0.0,TA,TA,CBlock,TA,TA,Av,BLQ,353,Rec,334,60,747,GasA,TA,SBrkr,1687,0,0,1687,1,0,1,0,3,1,TA,7,Min1,2,TA,Detchd,1966.0,Unf,2,572,TA,TA,N,0,0,50,0,0,0,,None,,0,6,2010,WD,Normal,160000,1
87,87,160,FV,40.0,3951,Pave,Pave,Reg,Lvl,AllPub,Corner,Gtl,Somerst,Norm,Norm,TwnhsE,2Story,6,5,2009,2009,Gable,CompShg,VinylSd,VinylSd,Stone,76.0,Gd,TA,PConc,Gd,TA,Av,Unf,0,Unf,0,612,612,GasA,Ex,SBrkr,612,612,0,1224,0,0,2,1,2,1,Gd,4,Typ,0,None,Detchd,2009.0,RFn,2,528,TA,TA,Y,0,234,0,0,0,0,,None,,0,6,2009,New,Partial,164500,1
330,330,90,RL,69.0,10624,Pave,None,IR1,Lvl,AllPub,Inside,Gtl,NAmes,Norm,Norm,Duplex,1Story,5,4,1964,1964,Gable,CompShg,HdBoard,HdBoard,BrkFace,84.0,TA,TA,CBlock,TA,TA,No,GLQ,40,Rec,264,1424,1728,GasA,TA,SBrkr,1728,0,0,1728,0,1,2,0,6,2,TA,10,Typ,0,None,Detchd,2002.0,Unf,1,352,TA,TA,Y,155,0,0,0,0,0,,None,,0,11,2007,WD,Normal,119000,0
1238,1238,20,RL,63.0,13072,Pave,None,Reg,Lvl,AllPub,Inside,Gtl,SawyerW,RRAe,Norm,1Fam,1Story,6,5,2005,2005,Gable,CompShg,VinylSd,VinylSd,None,0.0,Gd,TA,PConc,Gd,TA,No,Unf,0,Unf,0,1141,1141,GasA,Ex,SBrkr,1141,0,0,1141,0,0,1,1,3,1,TA,6,Typ,0,None,Detchd,2005.0,Unf,2,484,TA,TA,Y,0,0,0,0,0,0,,None,,0,3,2006,WD,Abnorml,142500,1
466,466,20,RL,85.0,10628,Pave,None,Reg,Lvl,AllPub,Inside,Gtl,NAmes,Norm,Norm,1Fam,1Story,7,5,1970,1970,Flat,Tar&Grv,Plywood,Plywood,None,0.0,TA,Gd,CBlock,TA,Gd,Gd,GLQ,778,Unf,0,499,1277,GasA,TA,SBrkr,1277,0,0,1277,1,0,1,0,2,1,TA,5,Typ,1,Po,Attchd,1970.0,Unf,2,526,TA,TA,Y,0,0,0,0,176,0,,GdWo,,0,4,2007,WD,Normal,167000,1
121,121,50,RM,50.0,6060,Pave,None,Reg,Lvl,AllPub,Inside,Gtl,IDOTRR,Norm,Norm,1Fam,1.5Fin,4,5,1939,1950,Gable,CompShg,AsbShng,AsbShng,None,0.0,TA,TA,PConc,TA,TA,No,Unf,0,Unf,0,732,732,GasA,Gd,SBrkr,772,351,0,1123,0,0,1,0,3,1,TA,4,Typ,0,None,Detchd,1979.0,Unf,1,264,TA,TA,P,0,0,140,0,0,0,,MnPrv,,0,6,2007,WD,Normal,100000,0
1044,1044,20,RL,80.0,9600,Pave,None,Reg,Lvl,AllPub,Inside,Gtl,NWAmes,PosN,Norm,1Fam,1Story,8,5,1981,1981,Hip,WdShngl,BrkFace,BrkFace,None,0.0,Gd,TA,PConc,Gd,TA,No,ALQ,1104,Unf,0,1420,2524,GasA,TA,SBrkr,2524,0,0,2524,1,0,2,1,4,1,Gd,9,Typ,1,Gd,Attchd,1981.0,Fin,2,542,TA,TA,Y,474,120,0,0,0,0,,MnPrv,,0,7,2009,WD,Normal,278000,2
1095,1095,20,RL,78.0,9317,Pave,None,IR1,Lvl,AllPub,Inside,Gtl,CollgCr,Norm,Norm,1Fam,1Story,6,5,2006,2006,Gable,CompShg,VinylSd,VinylSd,None,0.0,Gd,TA,PConc,Gd,TA,No,GLQ,24,Unf,0,1290,1314,GasA,Gd,SBrkr,1314,0,0,1314,0,0,2,0,3,1,Gd,6,Typ,1,Gd,Attchd,2006.0,RFn,2,440,TA,TA,Y,0,22,0,0,0,0,,None,,0,3,2007,WD,Normal,176432,1
1130,1130,50,RL,65.0,7804,Pave,None,Reg,Lvl,AllPub,Inside,Gtl,SWISU,Norm,Norm,1Fam,1.5Fin,4,3,1928,1950,Gable,CompShg,WdShing,Plywood,None,0.0,TA,TA,BrkTil,TA,TA,No,BLQ,622,Unf,0,500,1122,GasA,TA,SBrkr,1328,653,0,1981,1,0,2,0,4,1,Gd,7,Min2,2,TA,Detchd,1981.0,Unf,2,576,TA,TA,Y,431,44,0,0,0,0,,MnPrv,,0,12,2009,WD,Normal,135000,0
1294,1294,20,RL,60.0,8172,Pave,None,Reg,Lvl,AllPub,Inside,Gtl,Edwards,Norm,Norm,1Fam,1Story,5,7,1955,1990,Hip,CompShg,WdShing,Plywood,None,0.0,TA,TA,CBlock,TA,TA,No,Rec,167,Unf,0,697,864,GasA,TA,SBrkr,864,0,0,864,1,0,1,0,2,1,TA,5,Typ,0,None,Detchd,1957.0,Unf,2,572,TA,TA,N,0,0,0,0,0,0,,None,,0,4,2006,WD,Normal,115000,0
860,860,50,RL,55.0,7642,Pave,None,Reg,Lvl,AllPub,Corner,Gtl,Crawfor,Norm,Norm,1Fam,1.5Fin,7,8,1918,1998,Gable,CompShg,Wd Sdng,Wd Sdng,None,0.0,Gd,TA,BrkTil,TA,TA,No,Unf,0,Unf,0,912,912,GasA,Gd,SBrkr,912,514,0,1426,0,0,1,1,3,1,Gd,7,Typ,1,Gd,Detchd,1925.0,Unf,1,216,TA,TA,Y,0,240,0,0,0,0,,GdPrv,,0,6,2007,WD,Normal,189950,2
1126,1126,120,RL,53.0,3684,Pave,None,Reg,Lvl,AllPub,Inside,Gtl,Blmngtn,Norm,Norm,TwnhsE,1Story,7,5,2007,2007,Hip,CompShg,VinylSd,VinylSd,BrkFace,130.0,Gd,TA,PConc,Gd,TA,No,Unf,0,Unf,0,1373,1373,GasA,Ex,SBrkr,1555,0,0,1555,0,0,2,0,2,1,Gd,7,Typ,1,TA,Attchd,2007.0,Fin,3,660,TA,TA,Y,143,20,0,0,0,0,,None,,0,6,2009,WD,Normal,174000,1
